1, 47660.822458, Actual Angles: 3.1415927410125732, 0.0, -1.5707963705062866, 0.0, 0.0, -2.220446049250313e-16, 0.0; Actual Speeds: 0.0, 0.0, 0.0, 0.0, 0.0, 0.0, 0.0; Actual Efforts: 2.4665281786690006e-15, -15.513457298278809, -16.92180061340332, -0.18354858458042145, -0.5656986236572266, 0.011290328577160835, 0.0; Actual Accelerations: 0.0, 0.0, 0.0, 0.0, 0.0, 0.0, 0.0; Commanded Angles: 3.141593, 0.0, -1.570796, 0.0, 0.0, 1.293335867040817e-06, 0.0; Commanded Speeds: 0.0, 0.0, 0.0, 0.0, 0.0, 2.330323261367435, 0.0; Commanded Accelerations: 0, 0, 0, 0, 0, 0, 0
2, 47660.843517, Actual Angles: 3.1415927410125732, 0.0, -1.5707963705062866, 0.0, 0.0, 0.001120000029914081, 0.0; Actual Speeds: 0.0, 0.0, 0.0, 0.0, 0.0, 0.11999999731779099, 0.0; Actual Efforts: 2.4665281786690006e-15, -15.513457298278809, -16.93709945678711, -0.18354858458042145, -0.5656986236572266, 0.011290328577160835, 0.0; Actual Accelerations: 0.0, 0.0, 0.0, 0.0, 0.0, 0.0, 0.0; Commanded Angles: 3.141593, 0.0, -1.570796, 0.0, 0.0, 0.09725094340873555, 0.0; Commanded Speeds: 0.0, 0.0, 0.0, 0.0, 0.0, 2.3253108285996666, 0.0; Commanded Accelerations: 0, 0, 0, 0, 0, 0, 0
3, 47660.877648, Actual Angles: 3.1415927410125732, 0.0, -1.5707963705062866, 0.0, 0.0, 0.01727999933063984, 0.0; Actual Speeds: 0.0, 0.0, 0.0, 0.0, 0.0, 0.7599999904632568, 0.0; Actual Efforts: -7.057141715449688e-07, -15.513958930969238, -12.161540985107422, -0.18342281877994537, -0.5657908320426941, -0.17998653650283813, 0.0; Actual Accelerations: 0.0, 0.0, 0.0, 0.0, 0.0, 0.0, 0.0; Commanded Angles: 3.141593, 0.0, -1.570796, 0.0, 0.0, 0.2406275761998449, 0.0; Commanded Speeds: 0.0, 0.0, 0.0, 0.0, 0.0, 2.2994651456043296, 0.0; Commanded Accelerations: 0, 0, 0, 0, 0, 0, 0
4, 47660.910823, Actual Angles: 3.1415927410125732, 0.0, -1.5707963705062866, 0.0, 0.0, 0.053119998425245285, 0.0; Actual Speeds: 0.0, 0.0, 0.0, 0.0, 0.0, 1.399999976158142, 0.0; Actual Efforts: -4.02305340685416e-05, -15.516409873962402, -16.92180061340332, -0.1828034371137619, -0.5662412047386169, 1.9190418720245361, 0.0; Actual Accelerations: 0.0, 0.0, 0.0, 0.0, 0.0, 0.0, 0.0; Commanded Angles: 3.141593, 0.0, -1.570796, 0.0, 0.0, 0.3389675331527081, 0.0; Commanded Speeds: 0.0, 0.0, 0.0, 0.0, 0.0, 2.268679045557383, 0.0; Commanded Accelerations: 0, 0, 0, 0, 0, 0, 0
5, 47660.944429, Actual Angles: 3.1415927410125732, 0.0, -1.5707963705062866, 0.0, 0.0, 0.10940799862146378, 0.0; Actual Speeds: 0.0, 0.0, 0.0, 0.0, 0.0, 2.0959999561309814, 0.0; Actual Efforts: -0.00036839762469753623, -15.519777297973633, -16.92180061340332, -0.1819126456975937, -0.5668598413467407, 2.3085198402404785, 0.0; Actual Accelerations: 0.0, 0.0, 0.0, 0.0, 0.0, 183.16402465595777, 0.0; Commanded Angles: 3.141593, 0.0, -1.570796, 0.0, 0.0, 0.3857309958712048, 0.0; Commanded Speeds: 0.0, 0.0, 0.0, 0.0, 0.0, 2.250174623824866, 0.0; Commanded Accelerations: 0, 0, 0, 0, 0, 0, 0
6, 47660.978007, Actual Angles: 3.1415927410125732, 0.0, -1.5707963705062866, 0.0, 0.0, 0.19023999571800232, 0.0; Actual Speeds: 0.0, 0.0, 0.0, 0.0, 0.0, 2.319999933242798, 0.0; Actual Efforts: -0.0011226554634049535, -15.521284103393555, -16.92180061340332, -0.18142706155776978, -0.5671367049217224, 1.4837486743927002, 0.0; Actual Accelerations: 0.0, 0.0, 0.0, 0.0, 0.0, 0.0, 0.0; Commanded Angles: 3.141593, 0.0, -1.570796, 0.0, 0.0, 0.47757052087205415, 0.0; Commanded Speeds: 0.0, 0.0, 0.0, 0.0, 0.0, 2.20627682872178, 0.0; Commanded Accelerations: 0, 0, 0, 0, 0, 1, 0
7, 47661.012523, Actual Angles: 3.1415927410125732, 0.0, -1.5707963705062866, 0.0, 0.0, 0.26281601190567017, 0.0; Actual Speeds: 0.0, 0.0, 0.0, 0.0, 0.0, 2.247999906539917, 0.0; Actual Efforts: -0.002442812081426382, -15.52132797241211, -12.168097496032715, -0.18123261630535126, -0.5671448707580566, 0.004129508975893259, 0.0; Actual Accelerations: 0.0, 0.0, 0.0, 0.0, 0.0, -26.894736894887814, 0.0; Commanded Angles: 3.141593, 0.0, -1.570796, 0.0, 0.0, 0.5228971901196945, 0.0; Commanded Speeds: 0.0, 0.0, 0.0, 0.0, 0.0, 2.1807718961453326, 0.0; Commanded Accelerations: 0, 0, 0, 0, 0, 1, 0
8, 47661.045127, Actual Angles: 3.1415927410125732, 0.0, -1.5707963705062866, 0.0, 0.0, 0.3429119884967804, 0.0; Actual Speeds: 0.0, 0.0, 0.0, 0.0, 0.0, 2.200000047683716, 0.0; Actual Efforts: -0.002935169031843543, -15.518058776855469, -16.92180061340332, -0.18203294277191162, -0.5665441751480103, -1.1307061910629272, 0.0; Actual Accelerations: 0.0, 0.0, 0.0, 0.0, 0.0, 0.0, 0.0; Commanded Angles: 3.141593, 0.0, -1.570796, 0.0, 0.0, 0.6122170276191375, 0.0; Commanded Speeds: 0.0, 0.0, 0.0, 0.0, 0.0, 2.122640022159407, 0.0; Commanded Accelerations: 0, 0, 0, 0, 0, 1, 0
9, 47661.079630, Actual Angles: 3.1415927410125732, 0.0, -1.5707963705062866, 0.0, 0.0, 0.412992000579834, 0.0; Actual Speeds: 0.0, 0.0, 0.0, 0.0, 0.0, 2.1679999828338623, 0.0; Actual Efforts: -0.002931441180408001, -15.515337944030762, -12.16276741027832, -0.18283279240131378, -0.5660440921783447, -1.638386845588684, 0.0; Actual Accelerations: 0.0, 0.0, 0.0, 0.0, 0.0, 0.0, 0.0; Commanded Angles: 3.141593, 0.0, -1.570796, 0.0, 0.0, 0.655946798826677, 0.0; Commanded Speeds: 0.0, 0.0, 0.0, 0.0, 0.0, 2.0901596111424405, 0.0; Commanded Accelerations: 0, 0, 0, 0, 0, 1, 0
10, 47661.112198, Actual Angles: 3.1415927410125732, 0.0, -1.5707963705062866, 0.0, 0.0, 0.48153600096702576, 0.0; Actual Speeds: 0.0, 0.0, 0.0, 0.0, 0.0, 2.119999885559082, 0.0; Actual Efforts: -0.002768248086795211, -15.51375961303711, -12.16136360168457, -0.1834319829940796, -0.5657541155815125, -1.9871022701263428, 0.0; Actual Accelerations: 0.0, 0.0, 0.0, 0.0, 0.0, 0.0, 0.0; Commanded Angles: 3.141593, 0.0, -1.570796, 0.0, 0.0, 0.7410292418042683, 0.0; Commanded Speeds: 0.0, 0.0, 0.0, 0.0, 0.0, 2.018785899658124, 0.0; Commanded Accelerations: 0, 0, 0, 0, 0, 1, 0
11, 47661.145912, Actual Angles: 3.1415927410125732, 0.0, -1.5707963705062866, 0.0, 0.0, 0.5569599866867065, 0.0; Actual Speeds: 0.0, 0.0, 0.0, 0.0, 0.0, 2.072000026702881, 0.0; Actual Efforts: -0.002432923996821046, -15.512613296508789, -16.92180061340332, -0.18404540419578552, -0.565543532371521, -2.3446242809295654, 0.0; Actual Accelerations: 0.0, 0.0, 0.0, 0.0, 0.0, 0.0, 0.0; Commanded Angles: 3.141593, 0.0, -1.570796, 0.0, 0.0, 0.8230802350910088, 0.0; Commanded Speeds: 0.0, 0.0, 0.0, 0.0, 0.0, 1.9387723704916182, 0.0; Commanded Accelerations: 0, 0, 0, 0, 0, 2, 0
12, 47661.179638, Actual Angles: 3.1415927410125732, 0.0, -1.5707963705062866, 0.0, 0.0, 0.6215360164642334, 0.0; Actual Speeds: 0.0, 0.0, 0.0, 0.0, 0.0, 2.0239999294281006, 0.0; Actual Efforts: -0.0021444824524223804, -15.51207160949707, -16.93709945678711, -0.18452705442905426, -0.5654439926147461, -2.739229440689087, 0.0; Actual Accelerations: 0.0, 0.0, 0.0, 0.0, 0.0, 0.0, 0.0; Commanded Angles: 3.141593, 0.0, -1.570796, 0.0, 0.0, 0.8625848241502433, 0.0; Commanded Speeds: 0.0, 0.0, 0.0, 0.0, 0.0, 1.895924669059586, 0.0; Commanded Accelerations: 0, 0, 0, 0, 0, 2, 0
13, 47661.213728, Actual Angles: 3.1415927410125732, 0.0, -1.5707963705062866, 0.0, 0.0, 0.6926400065422058, 0.0; Actual Speeds: 0.0, 0.0, 0.0, 0.0, 0.0, 1.9040000438690186, 0.0; Actual Efforts: -0.0017836274346336722, -15.511666297912598, -12.159501075744629, -0.1850810945034027, -0.5653694272041321, -2.7155251502990723, 0.0; Actual Accelerations: 0.0, 0.0, 0.0, 0.0, 0.0, 0.0, 0.0; Commanded Angles: 3.141593, 0.0, -1.570796, 0.0, 0.0, 0.9395605909459714, 0.0; Commanded Speeds: 0.0, 0.0, 0.0, 0.0, 0.0, 1.8033992089462099, 0.0; Commanded Accelerations: 0, 0, 0, 0, 0, 2, 0
14, 47661.246879, Actual Angles: 3.1415927410125732, 0.0, -1.5707963705062866, 0.0, 0.0, 0.753216028213501, 0.0; Actual Speeds: 0.0, 0.0, 0.0, 0.0, 0.0, 1.871999979019165, 0.0; Actual Efforts: -0.0014675272395834327, -15.511457443237305, -12.15931510925293, -0.1855800300836563, -0.565330982208252, -2.599850654602051, 0.0; Actual Accelerations: 0.0, 0.0, 0.0, 0.0, 0.0, 0.0, 0.0; Commanded Angles: 3.141593, 0.0, -1.570796, 0.0, 0.0, 1.0123378085967283, 0.0; Commanded Speeds: 0.0, 0.0, 0.0, 0.0, 0.0, 1.7034509578031851, 0.0; Commanded Accelerations: 0, 0, 0, 0, 0, 2, 0
15, 47661.280260, Actual Angles: 3.1415927410125732, 0.0, -1.5707963705062866, 0.0, 0.0, 0.8113279938697815, 0.0; Actual Speeds: 0.0, 0.0, 0.0, 0.0, 0.0, 1.7999999523162842, 0.0; Actual Efforts: -0.0010692512150853872, -15.511273384094238, -12.159151077270508, -0.18617860972881317, -0.5652971863746643, -2.5055298805236816, 0.0; Actual Accelerations: 0.0, 0.0, 0.0, 0.0, 0.0, -15.178769847095873, 0.0; Commanded Angles: 3.141593, 0.0, -1.570796, 0.0, 0.0, 1.0470044875307614, 0.0; Commanded Speeds: 0.0, 0.0, 0.0, 0.0, 0.0, 1.6509379224552563, 0.0; Commanded Accelerations: 0, 0, 0, 0, 0, 2, 0
16, 47661.314984, Actual Angles: 3.1415927410125732, 0.0, -1.5707963705062866, 0.0, 0.0, 0.8741440176963806, 0.0; Actual Speeds: 0.0, 0.0, 0.0, 0.0, 0.0, 1.7039999961853027, 0.0; Actual Efforts: -0.0007481931243091822, -15.511213302612305, -12.159097671508789, -0.18670766055583954, -0.5652862191200256, -2.4619834423065186, 0.0; Actual Accelerations: 0.0, 0.0, 0.0, 0.0, 0.0, 0.0, 0.0; Commanded Angles: 3.141593, 0.0, -1.570796, 0.0, 0.0, 1.1130291225969529, 0.0; Commanded Speeds: 0.0, 0.0, 0.0, 0.0, 0.0, 1.5406837939148812, 0.0; Commanded Accelerations: 0, 0, 0, 0, 0, 2, 0
17, 47661.347829, Actual Angles: 3.1415927410125732, 0.0, -1.5707963705062866, 0.0, 0.0, 0.9272000193595886, 0.0; Actual Speeds: 0.0, 0.0, 0.0, 0.0, 0.0, 1.6239999532699585, 0.0; Actual Efforts: -0.00047221878776326776, -15.511236190795898, -12.15911865234375, -0.18722575902938843, -0.5652903914451599, -2.3876054286956787, 0.0; Actual Accelerations: 0.0, 0.0, 0.0, 0.0, 0.0, 0.0, 0.0; Commanded Angles: 3.141593, 0.0, -1.570796, 0.0, 0.0, 1.1443283303844014, 0.0; Commanded Speeds: 0.0, 0.0, 0.0, 0.0, 0.0, 1.483029342010604, 0.0; Commanded Accelerations: 0, 0, 0, 0, 0, 2, 0
18, 47661.381111, Actual Angles: 3.1415927410125732, 0.0, -1.5707963705062866, 0.0, 0.0, 0.983680009841919, 0.0; Actual Speeds: 0.0, 0.0, 0.0, 0.0, 0.0, 1.527999997138977, 0.0; Actual Efforts: -0.0010783679317682981, -15.512059211730957, -12.159850120544434, -0.18737395107746124, -0.5654415488243103, -2.4368302822113037, 0.0; Actual Accelerations: 0.0, 0.0, 0.0, 0.0, 0.0, 0.0, 0.0; Commanded Angles: 3.141593, 0.0, -1.570796, 0.0, 0.0, 1.2041444932549699, 0.0; Commanded Speeds: 0.0, 0.0, 0.0, 0.0, 0.0, 1.3611626760402735, 0.0; Commanded Accelerations: 0, 0, 0, 0, 0, 2, 0
19, 47661.415613, Actual Angles: 3.1415927410125732, 0.0, -1.5707963705062866, 0.0, 0.0, 1.0314879417419434, 0.0; Actual Speeds: 0.0, 0.0, 0.0, 0.0, 0.0, 1.4320000410079956, 0.0; Actual Efforts: -0.0008129903580993414, -15.512045860290527, -12.159838676452637, -0.18791377544403076, -0.5654391050338745, -2.1560189723968506, 0.0; Actual Accelerations: 0.0, 0.0, 0.0, 0.0, 0.0, 0.0, 0.0; Commanded Angles: 3.141593, 0.0, -1.570796, 0.0, 0.0, 1.2593557565206368, 0.0; Commanded Speeds: 0.0, 0.0, 0.0, 0.0, 0.0, 1.2317326420144465, 0.0; Commanded Accelerations: 0, 0, 0, 0, 0, 3, 0
20, 47661.448747, Actual Angles: 3.1415927410125732, 0.0, -1.5707963705062866, 0.0, 0.0, 1.0759040117263794, 0.0; Actual Speeds: 0.0, 0.0, 0.0, 0.0, 0.0, 1.343999981880188, 0.0; Actual Efforts: -0.0005454287747852504, -15.512076377868652, -12.159865379333496, -0.18850168585777283, -0.5654447078704834, -2.1290857791900635, 0.0; Actual Accelerations: 0.0, 0.0, 0.0, 0.0, 0.0, 0.0, 0.0; Commanded Angles: 3.141593, 0.0, -1.570796, 0.0, 0.0, 1.2841840369689046, 0.0; Commanded Speeds: 0.0, 0.0, 0.0, 0.0, 0.0, 1.1667667631791476, 0.0; Commanded Accelerations: 0, 0, 0, 0, 0, 3, 0
21, 47661.482734, Actual Angles: 3.1415927410125732, 0.0, -1.5707963705062866, 0.0, 0.0, 1.1222399473190308, 0.0; Actual Speeds: 0.0, 0.0, 0.0, 0.0, 0.0, 1.2319999933242798, 0.0; Actual Efforts: -0.00025313193327747285, -15.512086868286133, -12.15987491607666, -0.1890425980091095, -0.5654465556144714, -1.8625963926315308, 0.0; Actual Accelerations: 0.0, 0.0, 0.0, 0.0, 0.0, 0.0, 0.0; Commanded Angles: 3.141593, 0.0, -1.570796, 0.0, 0.0, 1.3298046587285093, 0.0; Commanded Speeds: 0.0, 0.0, 0.0, 0.0, 0.0, 1.0330066228559986, 0.0; Commanded Accelerations: 0, 0, 0, 0, 0, 3, 0
22, 47661.516262, Actual Angles: 3.1415927410125732, 0.0, -1.5707963705062866, 0.0, 0.0, 1.1596800088882446, 0.0; Actual Speeds: 0.0, 0.0, 0.0, 0.0, 0.0, 1.1360000371932983, 0.0; Actual Efforts: 7.660191477043554e-05, -15.512104034423828, -12.159891128540039, -0.18958403170108795, -0.5654498934745789, -1.6406481266021729, 0.0; Actual Accelerations: 0.0, 0.0, 0.0, 0.0, 0.0, 0.0, 0.0; Commanded Angles: 3.141593, 0.0, -1.570796, 0.0, 0.0, 1.3503257559871875, 0.0; Commanded Speeds: 0.0, 0.0, 0.0, 0.0, 0.0, 0.9650894023641425, 0.0; Commanded Accelerations: 0, 0, 0, 0, 0, 3, 0
23, 47661.549029, Actual Angles: 3.1415927410125732, 0.0, -1.5707963705062866, 0.0, 0.0, 1.1976319551467896, 0.0; Actual Speeds: 0.0, 0.0, 0.0, 0.0, 0.0, 1.0080000162124634, 0.0; Actual Efforts: 0.0010641448898240924, -15.511839866638184, -12.15965461730957, -0.1904388666152954, -0.5654011964797974, -1.8892924785614014, 0.0; Actual Accelerations: 0.0, 0.0, 0.0, 0.0, 0.0, 0.0, 0.0; Commanded Angles: 3.141593, 0.0, -1.570796, 0.0, 0.0, 1.3873580610052663, 0.0; Commanded Speeds: 0.0, 0.0, 0.0, 0.0, 0.0, 0.825376074899414, 0.0; Commanded Accelerations: 0, 0, 0, 0, 0, 3, 0
24, 47661.584351, Actual Angles: 3.1415927410125732, 0.0, -1.5707963705062866, 0.0, 0.0, 1.2277120351791382, 0.0; Actual Speeds: 0.0, 0.0, 0.0, 0.0, 0.0, 0.871999979019165, 0.0; Actual Efforts: 0.0020532270427793264, -15.511699676513672, -12.159530639648438, -0.1912529021501541, -0.565375566482544, -1.5184667110443115, 0.0; Actual Accelerations: 0.0, 0.0, 0.0, 0.0, 0.0, -4.711961997251883, 0.0; Commanded Angles: 3.141593, 0.0, -1.570796, 0.0, 0.0, 1.4186394292254936, 0.0; Commanded Speeds: 0.0, 0.0, 0.0, 0.0, 0.0, 0.6816659343215641, 0.0; Commanded Accelerations: 0, 0, 0, 0, 0, 3, 0
25, 47661.616597, Actual Angles: 3.1415927410125732, 0.0, -1.5707963705062866, 0.0, 0.0, 1.2552319765090942, 0.0; Actual Speeds: 0.0, 0.0, 0.0, 0.0, 0.0, 0.7919999957084656, 0.0; Actual Efforts: 0.002107752487063408, -15.51191234588623, -12.159720420837402, -0.19159984588623047, -0.5654146671295166, -1.236436367034912, 0.0; Actual Accelerations: 0.0, 0.0, 0.0, 0.0, 0.0, -62.34394917412067, 0.0; Commanded Angles: 3.141593, 0.0, -1.570796, 0.0, 0.0, 1.4319829447274948, 0.0; Commanded Speeds: 0.0, 0.0, 0.0, 0.0, 0.0, 0.6089459018067084, 0.0; Commanded Accelerations: 0, 0, 0, 0, 0, 3, 0
26, 47661.650108, Actual Angles: 3.1415927410125732, 0.0, -1.5707963705062866, 0.0, 0.0, 1.280992031097412, 0.0; Actual Speeds: 0.0, 0.0, 0.0, 0.0, 0.0, 0.6639999747276306, 0.0; Actual Efforts: 0.0014311254490166903, -15.512335777282715, -12.160097122192383, -0.19161680340766907, -0.5654924511909485, -1.3310751914978027, 0.0; Actual Accelerations: 0.0, 0.0, 0.0, 0.0, 0.0, 0.0, 0.0; Commanded Angles: 3.141593, 0.0, -1.570796, 0.0, 0.0, 1.454194847100226, 0.0; Commanded Speeds: 0.0, 0.0, 0.0, 0.0, 0.0, 0.46112492549631684, 0.0; Commanded Accelerations: 0, 0, 0, 0, 0, 3, 0
27, 47661.683674, Actual Angles: 3.1415927410125732, 0.0, -1.5707963705062866, 0.0, 0.0, 1.3005759716033936, 0.0; Actual Speeds: 0.0, 0.0, 0.0, 0.0, 0.0, 0.5519999861717224, 0.0; Actual Efforts: 0.0015601397026330233, -15.512460708618164, -12.160207748413086, -0.19194355607032776, -0.5655152797698975, -1.2127891778945923, 0.0; Actual Accelerations: 0.0, 0.0, 0.0, 0.0, 0.0, 0.0, 0.0; Commanded Angles: 3.141593, 0.0, -1.570796, 0.0, 0.0, 1.4702734048062815, 0.0; Commanded Speeds: 0.0, 0.0, 0.0, 0.0, 0.0, 0.31083107704469787, 0.0; Commanded Accelerations: 0, 0, 0, 0, 0, 3, 0
28, 47661.717285, Actual Angles: 3.1415927410125732, 0.0, -1.5707963705062866, 0.0, 0.0, 1.3192319869995117, 0.0; Actual Speeds: 0.0, 0.0, 0.0, 0.0, 0.0, 0.47200000286102295, 0.0; Actual Efforts: 0.002165313111618161, -15.51246166229248, -12.160207748413086, -0.19246377050876617, -0.5655154585838318, -1.052439570426941, 0.0; Actual Accelerations: 0.0, 0.0, 0.0, 0.0, 0.0, 0.0, 0.0; Commanded Angles: 3.141593, 0.0, -1.570796, 0.0, 0.0, 1.4800700337935613, 0.0; Commanded Speeds: 0.0, 0.0, 0.0, 0.0, 0.0, 0.1590585678808765, 0.0; Commanded Accelerations: 0, 0, 0, 0, 0, 3, 0
29, 47661.751137, Actual Angles: 3.1415927410125732, 0.0, -1.5707963705062866, 0.0, 0.0, 1.3312000036239624, 0.0; Actual Speeds: 0.0, 0.0, 0.0, 0.0, 0.0, 0.31200000643730164, 0.0; Actual Efforts: 0.0020364918746054173, -15.512629508972168, -12.160357475280762, -0.19261781871318817, -0.5655463337898254, -1.1846859455108643, 0.0; Actual Accelerations: 0.0, 0.0, 0.0, 0.0, 0.0, 0.0, 0.0; Commanded Angles: 3.141593, 0.0, -1.570796, 0.0, 0.0, 1.4825800176167216, 0.0; Commanded Speeds: 0.0, 0.0, 0.0, 0.0, 0.0, 0.08337584073556938, 0.0; Commanded Accelerations: 0, 0, 0, 0, 0, 3, 0
30, 47661.784535, Actual Angles: 3.1415927410125732, 0.0, -1.5707963705062866, 0.0, 0.0, 1.3397120237350464, 0.0; Actual Speeds: 0.0, 0.0, 0.0, 0.0, 0.0, 0.19200000166893005, 0.0; Actual Efforts: 0.002153744688257575, -15.512721061706543, -12.160439491271973, -0.19285638630390167, -0.5655632615089417, -0.6082924008369446, 0.0; Actual Accelerations: 0.0, 0.0, 0.0, 0.0, 0.0, -79.49258474816244, 0.0; Commanded Angles: 3.141593, 0.0, -1.570796, 0.0, 0.0, 1.4835226248355797, 0.0; Commanded Speeds: 0.0, 0.0, 0.0, 0.0, 0.0, 0.0072800199027429026, 0.0; Commanded Accelerations: 0, 0, 0, 0, 0, 3, 0
31, 47661.818825, Actual Angles: 3.1415927410125732, 0.0, -1.5707963705062866, 0.0, 0.0, 1.3441920280456543, 0.0; Actual Speeds: 0.0, 0.0, 0.0, 0.0, 0.0, 0.06400000303983688, 0.0; Actual Efforts: 0.002179302042350173, -15.51280689239502, -12.160515785217285, -0.19299732148647308, -0.5655788779258728, -0.8621214032173157, 0.0; Actual Accelerations: 0.0, 0.0, 0.0, 0.0, 0.0, 0.0, 0.0; Commanded Angles: 3.141593, 0.0, -1.570796, 0.0, 0.0, 1.4806993693405566, 0.0; Commanded Speeds: 0.0, 0.0, 0.0, 0.0, 0.0, -0.1438821619757553, 0.0; Commanded Accelerations: 0, 0, 0, 0, 0, 3, 0
32, 47661.852764, Actual Angles: 3.1415927410125732, 0.0, -1.5707963705062866, 0.0, 0.0, 1.3445760011672974, 0.0; Actual Speeds: 0.0, 0.0, 0.0, 0.0, 0.0, -0.06400000303983688, 0.0; Actual Efforts: 0.0020327691454440355, -15.51291561126709, -12.160613059997559, -0.19303828477859497, -0.5655990242958069, -0.8653326034545898, 0.0; Actual Accelerations: 0.0, 0.0, 0.0, 0.0, 0.0, 0.0, 0.0; Commanded Angles: 3.141593, 0.0, -1.570796, 0.0, 0.0, 1.4715963754664747, 0.0; Commanded Speeds: 0.0, 0.0, 0.0, 0.0, 0.0, -0.29497934690820193, 0.0; Commanded Accelerations: 0, 0, 0, 0, 0, 3, 0
33, 47661.885479, Actual Angles: 3.1415927410125732, 0.0, -1.5707963705062866, 0.0, 0.0, 1.3408000469207764, 0.0; Actual Speeds: 0.0, 0.0, 0.0, 0.0, 0.0, -0.1599999964237213, 0.0; Actual Efforts: 0.00204983982257545, -15.512953758239746, -12.160646438598633, -0.19308970868587494, -0.5656059980392456, -0.30483922362327576, 0.0; Actual Accelerations: 0.0, 0.0, 0.0, 0.0, 0.0, 0.0, 0.0; Commanded Angles: 3.141593, 0.0, -1.570796, 0.0, 0.0, 1.4646604334864117, 0.0; Commanded Speeds: 0.0, 0.0, 0.0, 0.0, 0.0, -0.3704904622659732, 0.0; Commanded Accelerations: 0, 0, 0, 0, 0, 3, 0
34, 47661.919825, Actual Angles: 3.1415927410125732, 0.0, -1.5707963705062866, 0.0, 0.0, 1.3328640460968018, 0.0; Actual Speeds: 0.0, 0.0, 0.0, 0.0, 0.0, -0.30399999022483826, 0.0; Actual Efforts: 0.0019068117253482342, -15.513005256652832, -12.16069221496582, -0.1930391788482666, -0.5656154155731201, -1.3406659364700317, 0.0; Actual Accelerations: 0.0, 0.0, 0.0, 0.0, 0.0, 0.0, 0.0; Commanded Angles: 3.141593, 0.0, -1.570796, 0.0, 0.0, 1.4461287273257242, 0.0; Commanded Speeds: 0.0, 0.0, 0.0, 0.0, 0.0, -0.5199610177170177, 0.0; Commanded Accelerations: 0, 0, 0, 0, 0, 3, 0
35, 47661.952797, Actual Angles: 3.1415927410125732, 0.0, -1.5707963705062866, 0.0, 0.0, 1.3216639757156372, 0.0; Actual Speeds: 0.0, 0.0, 0.0, 0.0, 0.0, -0.42399999499320984, 0.0; Actual Efforts: 0.0019771105144172907, -15.512983322143555, -12.160672187805176, -0.19303259253501892, -0.5656113028526306, 0.4304358959197998, 0.0; Actual Accelerations: 0.0, 0.0, 0.0, 0.0, 0.0, 0.0, 0.0; Commanded Angles: 3.141593, 0.0, -1.570796, 0.0, 0.0, 1.4203125389403684, 0.0; Commanded Speeds: 0.0, 0.0, 0.0, 0.0, 0.0, -0.6730145552066276, 0.0; Commanded Accelerations: 0, 0, 0, 0, 0, 3, 0
36, 47661.987069, Actual Angles: 3.1415927410125732, 0.0, -1.5707963705062866, 0.0, 0.0, 1.304800033569336, 0.0; Actual Speeds: 0.0, 0.0, 0.0, 0.0, 0.0, -0.5199999809265137, 0.0; Actual Efforts: 0.002222169190645218, -15.512890815734863, -12.160590171813965, -0.19305677711963654, -0.5655943155288696, 0.00849098153412342, 0.0; Actual Accelerations: 0.0, 0.0, 0.0, 0.0, 0.0, 0.0, 0.0; Commanded Angles: 3.141593, 0.0, -1.570796, 0.0, 0.0, 1.4052093334315727, 0.0; Commanded Speeds: 0.0, 0.0, 0.0, 0.0, 0.0, -0.7471569751938296, 0.0; Commanded Accelerations: 0, 0, 0, 0, 0, 3, 0
37, 47662.020058, Actual Angles: 3.1415927410125732, 0.0, -1.5707963705062866, 0.0, 0.0, 1.2864960432052612, 0.0; Actual Speeds: 0.0, 0.0, 0.0, 0.0, 0.0, -0.6320000290870667, 0.0; Actual Efforts: 0.0020393216982483864, -15.51287841796875, -12.160579681396484, -0.1928648203611374, -0.5655921101570129, 0.11917224526405334, 0.0; Actual Accelerations: 0.0, 0.0, 0.0, 0.0, 0.0, 0.0, 0.0; Commanded Angles: 3.141593, 0.0, -1.570796, 0.0, 0.0, 1.3698814779718915, 0.0; Commanded Speeds: 0.0, 0.0, 0.0, 0.0, 0.0, -0.8945069212144791, 0.0; Commanded Accelerations: 0, 0, 0, 0, 0, 3, 0
38, 47662.054169, Actual Angles: 3.1415927410125732, 0.0, -1.5707963705062866, 0.0, 0.0, 1.2602239847183228, 0.0; Actual Speeds: 0.0, 0.0, 0.0, 0.0, 0.0, -0.7760000228881836, 0.0; Actual Efforts: 0.001931931939907372, -15.512818336486816, -12.160526275634766, -0.19264616072177887, -0.5655810832977295, 0.11090870946645737, 0.0; Actual Accelerations: 0.0, 0.0, 0.0, 0.0, 0.0, 0.0, 0.0; Commanded Angles: 3.141593, 0.0, -1.570796, 0.0, 0.0, 1.3506143413429488, 0.0; Commanded Speeds: 0.0, 0.0, 0.0, 0.0, 0.0, -0.9640924926728313, 0.0; Commanded Accelerations: 0, 0, 0, 0, 0, 3, 0
39, 47662.086850, Actual Angles: 3.1415927410125732, 0.0, -1.5707963705062866, 0.0, 0.0, 1.2332160472869873, 0.0; Actual Speeds: 0.0, 0.0, 0.0, 0.0, 0.0, -0.9039999842643738, 0.0; Actual Efforts: 0.002017452847212553, -15.51268482208252, -12.160407066345215, -0.19248513877391815, -0.5655565857887268, 0.49044644832611084, 0.0; Actual Accelerations: 0.0, 0.0, 0.0, 0.0, 0.0, 0.0, 0.0; Commanded Angles: 3.141593, 0.0, -1.570796, 0.0, 0.0, 1.3062585814025833, 0.0; Commanded Speeds: 0.0, 0.0, 0.0, 0.0, 0.0, -1.1046500240545614, 0.0; Commanded Accelerations: 0, 0, 0, 0, 0, 3, 0
40, 47662.120425, Actual Angles: 3.1415927410125732, 0.0, -1.5707963705062866, 0.0, 0.0, 1.2036479711532593, 0.0; Actual Speeds: 0.0, 0.0, 0.0, 0.0, 0.0, -0.9919999837875366, 0.0; Actual Efforts: 0.0018774820491671562, -15.512578010559082, -12.16031265258789, -0.1921640783548355, -0.5655369162559509, 0.5285850167274475, 0.0; Actual Accelerations: 0.0, 0.0, 0.0, 0.0, 0.0, -59.90562115171346, 0.0; Commanded Angles: 3.141593, 0.0, -1.570796, 0.0, 0.0, 1.2826404581115365, 0.0; Commanded Speeds: 0.0, 0.0, 0.0, 0.0, 0.0, -1.1709486580297146, 0.0; Commanded Accelerations: 0, 0, 0, 0, 0, 3, 0
41, 47662.154118, Actual Angles: 3.1415927410125732, 0.0, -1.5707963705062866, 0.0, 0.0, 1.1649919748306274, 0.0; Actual Speeds: 0.0, 0.0, 0.0, 0.0, 0.0, -1.1360000371932983, 0.0; Actual Efforts: 0.0017149645136669278, -15.512483596801758, -12.16022777557373, -0.19182880222797394, -0.5655195713043213, 0.8295954465866089, 0.0; Actual Accelerations: 0.0, 0.0, 0.0, 0.0, 0.0, 0.0, 0.0; Commanded Angles: 3.141593, 0.0, -1.570796, 0.0, 0.0, 1.2299210325007108, 0.0; Commanded Speeds: 0.0, 0.0, 0.0, 0.0, 0.0, -1.3030559005440543, 0.0; Commanded Accelerations: 0, 0, 0, 0, 0, 3, 0
42, 47662.187582, Actual Angles: 3.1415927410125732, 0.0, -1.5707963705062866, 0.0, 0.0, 1.1277439594268799, 0.0; Actual Speeds: 0.0, 0.0, 0.0, 0.0, 0.0, -1.184000015258789, 0.0; Actual Efforts: 0.0016964829992502928, -15.512316703796387, -12.160079956054688, -0.19152159988880157, -0.5654889345169067, 0.7272765636444092, 0.0; Actual Accelerations: 0.0, 0.0, 0.0, 0.0, 0.0, 0.0, 0.0; Commanded Angles: 3.141593, 0.0, -1.570796, 0.0, 0.0, 1.1736509832898967, 0.0; Commanded Speeds: 0.0, 0.0, 0.0, 0.0, 0.0, -1.4253660921357454, 0.0; Commanded Accelerations: 0, 0, 0, 0, 0, 2, 0
43, 47662.221317, Actual Angles: 3.1415927410125732, 0.0, -1.5707963705062866, 0.0, 0.0, 1.0821759700775146, 0.0; Actual Speeds: 0.0, 0.0, 0.0, 0.0, 0.0, -1.312000036239624, 0.0; Actual Efforts: 0.001987447729334235, -15.511968612670898, -12.159770011901855, -0.19128122925758362, -0.565424919128418, 1.0597892999649048, 0.0; Actual Accelerations: 0.0, 0.0, 0.0, 0.0, 0.0, 0.0, 0.0; Commanded Angles: 3.141593, 0.0, -1.570796, 0.0, 0.0, 1.1430842295010093, 0.0; Commanded Speeds: 0.0, 0.0, 0.0, 0.0, 0.0, -1.4853947927049094, 0.0; Commanded Accelerations: 0, 0, 0, 0, 0, 2, 0
44, 47662.254588, Actual Angles: 3.1415927410125732, 0.0, -1.5707963705062866, 0.0, 0.0, 1.0380159616470337, 0.0; Actual Speeds: 0.0, 0.0, 0.0, 0.0, 0.0, -1.440000057220459, 0.0; Actual Efforts: 0.0018656072206795216, -15.511794090270996, -12.159614562988281, -0.19087907671928406, -0.5653928518295288, 0.9837020635604858, 0.0; Actual Accelerations: 0.0, 0.0, 0.0, 0.0, 0.0, 0.0, 0.0; Commanded Angles: 3.141593, 0.0, -1.570796, 0.0, 0.0, 1.0796892765788513, 0.0; Commanded Speeds: 0.0, 0.0, 0.0, 0.0, 0.0, -1.59815069633738, 0.0; Commanded Accelerations: 0, 0, 0, 0, 0, 2, 0
45, 47662.288233, Actual Angles: 3.1415927410125732, 0.0, -1.5707963705062866, 0.0, 0.0, 0.9907199740409851, 0.0; Actual Speeds: 0.0, 0.0, 0.0, 0.0, 0.0, -1.5199999809265137, 0.0; Actual Efforts: 0.0012281393865123391, -15.511866569519043, -12.159679412841797, -0.1902303397655487, -0.5654061436653137, 1.3391427993774414, 0.0; Actual Accelerations: 0.0, 0.0, 0.0, 0.0, 0.0, 0.0, 0.0; Commanded Angles: 3.141593, 0.0, -1.570796, 0.0, 0.0, 1.0460382237983, 0.0; Commanded Speeds: 0.0, 0.0, 0.0, 0.0, 0.0, -1.65244853866106, 0.0; Commanded Accelerations: 0, 0, 0, 0, 0, 2, 0
46, 47662.321931, Actual Angles: 3.1415927410125732, 0.0, -1.5707963705062866, 0.0, 0.0, 0.9343039989471436, 0.0; Actual Speeds: 0.0, 0.0, 0.0, 0.0, 0.0, -1.5920000076293945, 0.0; Actual Efforts: 0.001678945729508996, -15.51130485534668, -12.1591796875, -0.1899975836277008, -0.5653030276298523, 1.55288565158844, 0.0; Actual Accelerations: 0.0, 0.0, 0.0, 0.0, 0.0, 0.0, 0.0; Commanded Angles: 3.141593, 0.0, -1.570796, 0.0, 0.0, 0.9756255680942927, 0.0; Commanded Speeds: 0.0, 0.0, 0.0, 0.0, 0.0, -1.7555120300095635, 0.0; Commanded Accelerations: 0, 0, 0, 0, 0, 2, 0
47, 47662.355476, Actual Angles: 3.1415927410125732, 0.0, -1.5707963705062866, 0.0, 0.0, 0.8816959857940674, 0.0; Actual Speeds: 0.0, 0.0, 0.0, 0.0, 0.0, -1.656000018119812, 0.0; Actual Efforts: 0.0014355829916894436, -15.511146545410156, -12.159038543701172, -0.18949374556541443, -0.5652738809585571, 1.5455055236816406, 0.0; Actual Accelerations: 0.0, 0.0, 0.0, 0.0, 0.0, 0.0, 0.0; Commanded Angles: 3.141593, 0.0, -1.570796, 0.0, 0.0, 0.9006616811332309, 0.0; Commanded Speeds: 0.0, 0.0, 0.0, 0.0, 0.0, -1.8517213051672505, 0.0; Commanded Accelerations: 0, 0, 0, 0, 0, 2, 0
48, 47662.389442, Actual Angles: 3.1415927410125732, 0.0, -1.5707963705062866, 0.0, 0.0, 0.8193280100822449, 0.0; Actual Speeds: 0.0, 0.0, 0.0, 0.0, 0.0, -1.7519999742507935, 0.0; Actual Efforts: 0.0011201559100300074, -15.511008262634277, -12.158915519714355, -0.18890215456485748, -0.565248429775238, 1.5435690879821777, 0.0; Actual Accelerations: 0.0, 0.0, 0.0, 0.0, 0.0, 0.0, 0.0; Commanded Angles: 3.141593, 0.0, -1.570796, 0.0, 0.0, 0.8616626944144252, 0.0; Commanded Speeds: 0.0, 0.0, 0.0, 0.0, 0.0, -1.8969590055994972, 0.0; Commanded Accelerations: 0, 0, 0, 0, 0, 2, 0
49, 47662.422482, Actual Angles: 3.1415927410125732, 0.0, -1.5707963705062866, 0.0, 0.0, 0.761023998260498, 0.0; Actual Speeds: 0.0, 0.0, 0.0, 0.0, 0.0, -1.8639999628067017, 0.0; Actual Efforts: 0.00010033977741841227, -15.51149845123291, -12.159351348876953, -0.1880175918340683, -0.5653385519981384, 1.7907650470733643, 0.0; Actual Accelerations: 0.0, 0.0, 0.0, 0.0, 0.0, 0.0, 0.0; Commanded Angles: 3.141593, 0.0, -1.570796, 0.0, 0.0, 0.7817681919406559, 0.0; Commanded Speeds: 0.0, 0.0, 0.0, 0.0, 0.0, -1.9805115324829858, 0.0; Commanded Accelerations: 0, 0, 0, 0, 0, 1, 0
50, 47662.456719, Actual Angles: 3.1415927410125732, 0.0, -1.5707963705062866, 0.0, 0.0, 0.701632022857666, 0.0; Actual Speeds: 0.0, 0.0, 0.0, 0.0, 0.0, -1.9359999895095825, 0.0; Actual Efforts: -0.0008532473584637046, -15.512133598327637, -12.159916877746582, -0.18708300590515137, -0.5654552578926086, 1.832362413406372, 0.0; Actual Accelerations: 0.0, 0.0, 0.0, 0.0, 0.0, 0.0, 0.0; Commanded Angles: 3.141593, 0.0, -1.570796, 0.0, 0.0, 0.697302681666524, 0.0; Commanded Speeds: 0.0, 0.0, 0.0, 0.0, 0.0, -2.056861571524159, 0.0; Commanded Accelerations: 0, 0, 0, 0, 0, 1, 0
51, 47662.492729, Actual Angles: 3.1415927410125732, 0.0, -1.5707963705062866, 0.0, 0.0, 0.6307200193405151, 0.0; Actual Speeds: 0.0, 0.0, 0.0, 0.0, 0.0, -1.9839999675750732, 0.0; Actual Efforts: -0.0011560054263100028, -15.512197494506836, -12.15997314453125, -0.18648014962673187, -0.5654669404029846, 1.8751271963119507, 0.0; Actual Accelerations: 0.0, 0.0, 0.0, 0.0, 0.0, 0.0, 0.0; Commanded Angles: 3.141593, 0.0, -1.570796, 0.0, 0.0, 0.6542709641833144, 0.0; Commanded Speeds: 0.0, 0.0, 0.0, 0.0, 0.0, -2.0914552094582004, 0.0; Commanded Accelerations: 0, 0, 0, 0, 0, 1, 0
52, 47662.523321, Actual Angles: 3.1415927410125732, 0.0, -1.5707963705062866, 0.0, 0.0, 0.5661439895629883, 0.0; Actual Speeds: 0.0, 0.0, 0.0, 0.0, 0.0, -2.063999891281128, 0.0; Actual Efforts: -0.0006431061774492264, -15.51125431060791, -12.159134864807129, -0.1864483505487442, -0.5652937293052673, 2.249663829803467, 0.0; Actual Accelerations: 0.0, 0.0, 0.0, 0.0, 0.0, 0.0, 0.0; Commanded Angles: 3.141593, 0.0, -1.570796, 0.0, 0.0, 0.5662176946098082, 0.0; Commanded Speeds: 0.0, 0.0, 0.0, 0.0, 0.0, -2.153915410658878, 0.0; Commanded Accelerations: 0, 0, 0, 0, 0, 1, 0
53, 47662.556867, Actual Angles: 3.1415927410125732, 0.0, -1.5707963705062866, 0.0, 0.0, 0.49081599712371826, 0.0; Actual Speeds: 0.0, 0.0, 0.0, 0.0, 0.0, -2.111999988555908, 0.0; Actual Efforts: -0.0015886197797954082, -15.51224422454834, -12.160015106201172, -0.1855047345161438, -0.5654757022857666, 2.1487529277801514, 0.0; Actual Accelerations: 0.0, 0.0, 0.0, 0.0, 0.0, 0.0, 0.0; Commanded Angles: 3.141593, 0.0, -1.570796, 0.0, 0.0, 0.5213215710829389, 0.0; Commanded Speeds: 0.0, 0.0, 0.0, 0.0, 0.0, -2.1817024672807803, 0.0; Commanded Accelerations: 0, 0, 0, 0, 0, 1, 0
54, 47662.591390, Actual Angles: 3.1415927410125732, 0.0, -1.5707963705062866, 0.0, 0.0, 0.42239999771118164, 0.0; Actual Speeds: 0.0, 0.0, 0.0, 0.0, 0.0, -2.1600000858306885, 0.0; Actual Efforts: -0.0018532570684328675, -15.51237678527832, -12.160133361816406, -0.18501940369606018, -0.5654999613761902, 2.4433271884918213, 0.0; Actual Accelerations: 0.0, 0.0, 0.0, 0.0, 0.0, 0.0, 0.0; Commanded Angles: 3.141593, 0.0, -1.570796, 0.0, 0.0, 0.42953827023665486, 0.0; Commanded Speeds: 0.0, 0.0, 0.0, 0.0, 0.0, -2.230507405809348, 0.0; Commanded Accelerations: 0, 0, 0, 0, 0, 1, 0
55, 47662.624184, Actual Angles: 3.1415927410125732, 0.0, -1.5707963705062866, 0.0, 0.0, 0.3527680039405823, 0.0; Actual Speeds: 0.0, 0.0, 0.0, 0.0, 0.0, -2.2079999446868896, 0.0; Actual Efforts: -0.0021539770532399416, -15.512664794921875, -12.160388946533203, -0.18452607095241547, -0.5655528903007507, 2.506162405014038, 0.0; Actual Accelerations: 0.0, 0.0, 0.0, 0.0, 0.0, 0.0, 0.0; Commanded Angles: 3.141593, 0.0, -1.570796, 0.0, 0.0, 0.335266822142866, 0.0; Commanded Speeds: 0.0, 0.0, 0.0, 0.0, 0.0, -2.2700354928888618, 0.0; Commanded Accelerations: 0, 0, 0, 0, 0, 0, 0
56, 47662.659507, Actual Angles: 3.1415927410125732, 0.0, -1.5707963705062866, 0.0, 0.0, 0.2727360129356384, 0.0; Actual Speeds: 0.0, 0.0, 0.0, 0.0, 0.0, -2.2320001125335693, 0.0; Actual Efforts: -0.002385596977546811, -15.512916564941406, -12.160613059997559, -0.184066504240036, -0.5655992031097412, 2.633065938949585, 0.0; Actual Accelerations: 0.0, 0.0, 0.0, 0.0, 0.0, 0.0, 0.0; Commanded Angles: 3.141593, 0.0, -1.570796, 0.0, 0.0, 0.28837659062876453, 0.0; Commanded Speeds: 0.0, 0.0, 0.0, 0.0, 0.0, -2.2858728784447613, 0.0; Commanded Accelerations: 0, 0, 0, 0, 0, 0, 0
57, 47662.691477, Actual Angles: 3.1415927410125732, 0.0, -1.5707963705062866, 0.0, 0.0, 0.20047999918460846, 0.0; Actual Speeds: 0.0, 0.0, 0.0, 0.0, 0.0, -2.2639999389648438, 0.0; Actual Efforts: -0.002548817079514265, -15.51313304901123, -12.160805702209473, -0.18371783196926117, -0.5656390190124512, 2.886497974395752, 0.0; Actual Accelerations: 0.0, 0.0, 0.0, 0.0, 0.0, 0.0, 0.0; Commanded Angles: 3.141593, 0.0, -1.570796, 0.0, 0.0, 0.1932255576012102, 0.0; Commanded Speeds: 0.0, 0.0, 0.0, 0.0, 0.0, -2.310472533596502, 0.0; Commanded Accelerations: 0, 0, 0, 0, 0, 0, 0
58, 47662.725137, Actual Angles: 3.1415927410125732, 0.0, -1.5707963705062866, 0.0, 0.0, 0.11814399808645248, 0.0; Actual Speeds: 0.0, 0.0, 0.0, 0.0, 0.0, -2.2960000038146973, 0.0; Actual Efforts: -0.0024255116004496813, -15.511987686157227, -12.159786224365234, -0.1837845891714096, -0.5654284954071045, 3.1892004013061523, 0.0; Actual Accelerations: 0.0, 0.0, 0.0, 0.0, 0.0, 0.0, 0.0; Commanded Angles: 3.141593, 0.0, -1.570796, 0.0, 0.0, 0.14573302015804213, 0.0; Commanded Speeds: 0.0, 0.0, 0.0, 0.0, 0.0, -2.3190522975312087, 0.0; Commanded Accelerations: 0, 0, 0, 0, 0, 0, 0
59, 47662.758718, Actual Angles: 3.1415927410125732, 0.0, -1.5707963705062866, 0.0, 0.0, 0.044224001467227936, 0.0; Actual Speeds: 0.0, 0.0, 0.0, 0.0, 0.0, -2.328000068664551, 0.0; Actual Efforts: -0.0027999593876302242, -15.513676643371582, -12.161290168762207, -0.18315310776233673, -0.5657389760017395, 2.961118459701538, 0.0; Actual Accelerations: 0.0, 0.0, 0.0, 0.0, 0.0, 0.0, 0.0; Commanded Angles: 3.141593, 0.0, -1.570796, 0.0, 0.0, 0.048407772430428604, 0.0; Commanded Speeds: 0.0, 0.0, 0.0, 0.0, 0.0, -2.3290823538041945, 0.0; Commanded Accelerations: 0, 0, 0, 0, 0, 0, 0
60, 47662.792404, Actual Angles: 3.1415927410125732, 0.0, -1.5707963705062866, 0.0, 0.0, -0.03001599945127964, 0.0; Actual Speeds: 0.0, 0.0, 0.0, 0.0, 0.0, -2.319999933242798, 0.0; Actual Efforts: -0.0028171578887850046, -15.51255989074707, -12.160295486450195, -0.18332885205745697, -0.5655335783958435, 3.079106569290161, 0.0; Actual Accelerations: 0.0, 0.0, 0.0, 0.0, 0.0, 22.771064830203358, 0.0; Commanded Angles: 3.141593, 0.0, -1.570796, 0.0, 0.0, -0.048251255499666135, 0.0; Commanded Speeds: 0.0, 0.0, 0.0, 0.0, 0.0, -2.3290903674088397, 0.0; Commanded Accelerations: 0, 0, 0, 0, 0, 0, 0
61, 47662.825827, Actual Angles: 3.1415927410125732, 0.0, -1.5707963705062866, 0.0, 0.0, -0.1138560026884079, 0.0; Actual Speeds: 0.0, 0.0, 0.0, 0.0, 0.0, -2.3359999656677246, 0.0; Actual Efforts: -0.0029397387988865376, -15.51289176940918, -12.160591125488281, -0.1832069307565689, -0.5655947327613831, 2.9348244667053223, 0.0; Actual Accelerations: 0.0, 0.0, 0.0, 0.0, 0.0, 0.0, 0.0; Commanded Angles: 3.141593, 0.0, -1.570796, 0.0, 0.0, -0.09639403151863353, 0.0; Commanded Speeds: 0.0, 0.0, 0.0, 0.0, 0.0, -2.3253988651311652, 0.0; Commanded Accelerations: 0, 0, 0, 0, 0, 0, 0
62, 47662.859489, Actual Angles: 3.1415927410125732, 0.0, -1.5707963705062866, 0.0, 0.0, -0.18848000466823578, 0.0; Actual Speeds: 0.0, 0.0, 0.0, 0.0, 0.0, -2.3359999656677246, 0.0; Actual Efforts: -0.0030107039492577314, -15.513224601745605, -12.160887718200684, -0.18315750360488892, -0.5656558275222778, 3.127838134765625, 0.0; Actual Accelerations: 0.0, 0.0, 0.0, 0.0, 0.0, 0.0, 0.0; Commanded Angles: 3.141593, 0.0, -1.570796, 0.0, 0.0, -0.19191922128859257, 0.0; Commanded Speeds: 0.0, 0.0, 0.0, 0.0, 0.0, -2.3107411686708708, 0.0; Commanded Accelerations: 0, 0, 0, 0, 0, 0, 0
63, 47662.893051, Actual Angles: 3.1415927410125732, 0.0, -1.5707963705062866, 0.0, 0.0, -0.27219200134277344, 0.0; Actual Speeds: 0.0, 0.0, 0.0, 0.0, 0.0, -2.319999933242798, 0.0; Actual Efforts: -0.0030336130876094103, -15.513609886169434, -12.161230087280273, -0.1831831932067871, -0.5657265782356262, 2.9528565406799316, 0.0; Actual Accelerations: 0.0, 0.0, 0.0, 0.0, 0.0, 0.0, 0.0; Commanded Angles: 3.141593, 0.0, -1.570796, 0.0, 0.0, -0.23966142658078507, 0.0; Commanded Speeds: 0.0, 0.0, 0.0, 0.0, 0.0, -2.29971409234726, 0.0; Commanded Accelerations: 0, 0, 0, 0, 0, 0, 0
64, 47662.926552, Actual Angles: 3.1415927410125732, 0.0, -1.5707963705062866, 0.0, 0.0, -0.34617599844932556, 0.0; Actual Speeds: 0.0, 0.0, 0.0, 0.0, 0.0, -2.303999900817871, 0.0; Actual Efforts: -0.003024773672223091, -15.513873100280762, -12.161463737487793, -0.18329733610153198, -0.5657749772071838, 2.902620792388916, 0.0; Actual Accelerations: 0.0, 0.0, 0.0, 0.0, 0.0, 0.0, 0.0; Commanded Angles: 3.141593, 0.0, -1.570796, 0.0, 0.0, -0.33406795114403276, 0.0; Commanded Speeds: 0.0, 0.0, 0.0, 0.0, 0.0, -2.2704715579010073, 0.0; Commanded Accelerations: 0, 0, 0, 0, 0, 0, 0
65, 47662.960175, Actual Angles: 3.1415927410125732, 0.0, -1.5707963705062866, 0.0, 0.0, -0.41945600509643555, 0.0; Actual Speeds: 0.0, 0.0, 0.0, 0.0, 0.0, -2.2720000743865967, 0.0; Actual Efforts: -0.0029318337328732014, -15.514280319213867, -12.161826133728027, -0.18344607949256897, -0.5658498406410217, 2.7617225646972656, 0.0; Actual Accelerations: 0.0, 0.0, 0.0, 0.0, 0.0, 0.0, 0.0; Commanded Angles: 3.141593, 0.0, -1.570796, 0.0, 0.0, -0.4285513655976567, 0.0; Commanded Speeds: 0.0, 0.0, 0.0, 0.0, 0.0, -2.2309757534566983, 0.0; Commanded Accelerations: 0, 0, 0, 0, 0, -1, 0
66, 47662.993911, Actual Angles: 3.1415927410125732, 0.0, -1.5707963705062866, 0.0, 0.0, -0.5017279982566833, 0.0; Actual Speeds: 0.0, 0.0, 0.0, 0.0, 0.0, -2.2639999389648438, 0.0; Actual Efforts: -0.0027613071724772453, -15.51467227935791, -12.162175178527832, -0.1837027370929718, -0.5659219026565552, 2.9285829067230225, 0.0; Actual Accelerations: 0.0, 0.0, 0.0, 0.0, 0.0, 0.0, 0.0; Commanded Angles: 3.141593, 0.0, -1.570796, 0.0, 0.0, -0.523916437807134, 0.0; Commanded Speeds: 0.0, 0.0, 0.0, 0.0, 0.0, -2.1801682134397318, 0.0; Commanded Accelerations: 0, 0, 0, 0, 0, -1, 0
67, 47663.028448, Actual Angles: 3.1415927410125732, 0.0, -1.5707963705062866, 0.0, 0.0, -0.5733439922332764, 0.0; Actual Speeds: 0.0, 0.0, 0.0, 0.0, 0.0, -2.2160000801086426, 0.0; Actual Efforts: -0.003197665559127927, -15.513588905334473, -12.161211013793945, -0.184332475066185, -0.5657227635383606, 3.0951755046844482, 0.0; Actual Accelerations: 0.0, 0.0, 0.0, 0.0, 0.0, 0.0, 0.0; Commanded Angles: 3.141593, 0.0, -1.570796, 0.0, 0.0, -0.5691599328626805, 0.0; Commanded Speeds: 0.0, 0.0, 0.0, 0.0, 0.0, -2.1520011886286796, 0.0; Commanded Accelerations: 0, 0, 0, 0, 0, -1, 0
68, 47663.062603, Actual Angles: 3.1415927410125732, 0.0, -1.5707963705062866, 0.0, 0.0, -0.6526719927787781, 0.0; Actual Speeds: 0.0, 0.0, 0.0, 0.0, 0.0, -2.184000015258789, 0.0; Actual Efforts: -0.0030850418843328953, -15.513899803161621, -12.161487579345703, -0.18468357622623444, -0.5657799243927002, 2.8791394233703613, 0.0; Actual Accelerations: 0.0, 0.0, 0.0, 0.0, 0.0, 0.0, 0.0; Commanded Angles: 3.141593, 0.0, -1.570796, 0.0, 0.0, -0.6570549326161423, 0.0; Commanded Speeds: 0.0, 0.0, 0.0, 0.0, 0.0, -2.0893006430117453, 0.0; Commanded Accelerations: 0, 0, 0, 0, 0, -1, 0
69, 47663.094614, Actual Angles: 3.1415927410125732, 0.0, -1.5707963705062866, 0.0, 0.0, -0.7221119999885559, 0.0; Actual Speeds: 0.0, 0.0, 0.0, 0.0, 0.0, -2.1519999504089355, 0.0; Actual Efforts: -0.002919970080256462, -15.514195442199707, -12.161751747131348, -0.18508511781692505, -0.5658344030380249, 2.7786569595336914, 0.0; Actual Accelerations: 0.0, 0.0, 0.0, 0.0, 0.0, 0.0, 0.0; Commanded Angles: 3.141593, 0.0, -1.570796, 0.0, 0.0, -0.7039680177000184, 0.0; Commanded Speeds: 0.0, 0.0, 0.0, 0.0, 0.0, -2.0512518484989144, 0.0; Commanded Accelerations: 0, 0, 0, 0, 0, -1, 0
70, 47663.128449, Actual Angles: 3.1415927410125732, 0.0, -1.5707963705062866, 0.0, 0.0, -0.7900800108909607, 0.0; Actual Speeds: 0.0, 0.0, 0.0, 0.0, 0.0, -2.0959999561309814, 0.0; Actual Efforts: -0.002692301757633686, -15.514482498168945, -12.162007331848145, -0.18559233844280243, -0.5658871531486511, 2.800954580307007, 0.0; Actual Accelerations: 0.0, 0.0, 0.0, 0.0, 0.0, 23.572101398367074, 0.0; Commanded Angles: 3.141593, 0.0, -1.570796, 0.0, 0.0, -0.7875859709355982, 0.0; Commanded Speeds: 0.0, 0.0, 0.0, 0.0, 0.0, -1.974815984874728, 0.0; Commanded Accelerations: 0, 0, 0, 0, 0, -1, 0
71, 47663.161702, Actual Angles: 3.1415927410125732, 0.0, -1.5707963705062866, 0.0, 0.0, -0.8643199801445007, 0.0; Actual Speeds: 0.0, 0.0, 0.0, 0.0, 0.0, -2.0480000972747803, 0.0; Actual Efforts: -0.0024750446900725365, -15.514688491821289, -12.162189483642578, -0.1860901117324829, -0.5659249424934387, 2.704216718673706, 0.0; Actual Accelerations: 0.0, 0.0, 0.0, 0.0, 0.0, 0.0, 0.0; Commanded Angles: 3.141593, 0.0, -1.570796, 0.0, 0.0, -0.8276226305974269, 0.0; Commanded Speeds: 0.0, 0.0, 0.0, 0.0, 0.0, -1.9339951842414094, 0.0; Commanded Accelerations: 0, 0, 0, 0, 0, -2, 0
72, 47663.196123, Actual Angles: 3.1415927410125732, 0.0, -1.5707963705062866, 0.0, 0.0, -0.9278079867362976, 0.0; Actual Speeds: 0.0, 0.0, 0.0, 0.0, 0.0, -1.968000054359436, 0.0; Actual Efforts: -0.002196138259023428, -15.514890670776367, -12.162369728088379, -0.18661309778690338, -0.5659620761871338, 2.706256628036499, 0.0; Actual Accelerations: 0.0, 0.0, 0.0, 0.0, 0.0, 0.0, 0.0; Commanded Angles: 3.141593, 0.0, -1.570796, 0.0, 0.0, -0.9065603359096225, 0.0; Commanded Speeds: 0.0, 0.0, 0.0, 0.0, 0.0, -1.8446053385893826, 0.0; Commanded Accelerations: 0, 0, 0, 0, 0, -2, 0
73, 47663.230170, Actual Angles: 3.1415927410125732, 0.0, -1.5707963705062866, 0.0, 0.0, -0.9981439709663391, 0.0; Actual Speeds: 0.0, 0.0, 0.0, 0.0, 0.0, -1.8880000114440918, 0.0; Actual Efforts: -0.001909675425849855, -15.515021324157715, -12.16248607635498, -0.1872376799583435, -0.5659860372543335, 2.743182897567749, 0.0; Actual Accelerations: 0.0, 0.0, 0.0, 0.0, 0.0, 0.0, 0.0; Commanded Angles: 3.141593, 0.0, -1.570796, 0.0, 0.0, -0.9808169018165698, 0.0; Commanded Speeds: 0.0, 0.0, 0.0, 0.0, 0.0, -1.7483598643588993, 0.0; Commanded Accelerations: 0, 0, 0, 0, 0, -2, 0
74, 47663.263361, Actual Angles: 3.1415927410125732, 0.0, -1.5707963705062866, 0.0, 0.0, -1.057919979095459, 0.0; Actual Speeds: 0.0, 0.0, 0.0, 0.0, 0.0, -1.8240000009536743, 0.0; Actual Efforts: -0.0016963704256340861, -15.515070915222168, -12.162529945373535, -0.18782106041908264, -0.5659952163696289, 2.6567916870117188, 0.0; Actual Accelerations: 0.0, 0.0, 0.0, 0.0, 0.0, 0.0, 0.0; Commanded Angles: 3.141593, 0.0, -1.570796, 0.0, 0.0, -1.0168220682506621, 0.0; Commanded Speeds: 0.0, 0.0, 0.0, 0.0, 0.0, -1.6968481348463362, 0.0; Commanded Accelerations: 0, 0, 0, 0, 0, -2, 0
75, 47663.296108, Actual Angles: 3.1415927410125732, 0.0, -1.5707963705062866, 0.0, 0.0, -1.1148799657821655, 0.0; Actual Speeds: 0.0, 0.0, 0.0, 0.0, 0.0, -1.7599999904632568, 0.0; Actual Efforts: -0.0013677318347617984, -15.515164375305176, -12.162613868713379, -0.18839721381664276, -0.5660125017166138, 2.604663610458374, 0.0; Actual Accelerations: 0.0, 0.0, 0.0, 0.0, 0.0, 0.0, 0.0; Commanded Angles: 3.141593, 0.0, -1.570796, 0.0, 0.0, -1.0847444451025072, 0.0; Commanded Speeds: 0.0, 0.0, 0.0, 0.0, 0.0, -1.589681851355452, 0.0; Commanded Accelerations: 0, 0, 0, 0, 0, -2, 0
76, 47663.329869, Actual Angles: 3.1415927410125732, 0.0, -1.5707963705062866, 0.0, 0.0, -1.1764800548553467, 0.0; Actual Speeds: 0.0, 0.0, 0.0, 0.0, 0.0, -1.6720000505447388, 0.0; Actual Efforts: -3.00797159979993e-06, -15.51578140258789, -12.163162231445312, -0.18891578912734985, -0.566125750541687, 2.169546365737915, 0.0; Actual Accelerations: 0.0, 0.0, 0.0, 0.0, 0.0, 0.0, 0.0; Commanded Angles: 3.141593, 0.0, -1.570796, 0.0, 0.0, -1.1481516581526583, 0.0; Commanded Speeds: 0.0, 0.0, 0.0, 0.0, 0.0, -1.4757199935770149, 0.0; Commanded Accelerations: 0, 0, 0, 0, 0, -2, 0
77, 47663.363710, Actual Angles: 3.1415927410125732, 0.0, -1.5707963705062866, 0.0, 0.0, -1.228384017944336, 0.0; Actual Speeds: 0.0, 0.0, 0.0, 0.0, 0.0, -1.5759999752044678, 0.0; Actual Efforts: 0.00019974508904851973, -15.515649795532227, -12.163044929504395, -0.18951661884784698, -0.5661015510559082, 2.3603947162628174, 0.0; Actual Accelerations: 0.0, 0.0, 0.0, 0.0, 0.0, 0.0, 0.0; Commanded Angles: 3.141593, 0.0, -1.570796, 0.0, 0.0, -1.178314754230725, 0.0; Commanded Speeds: 0.0, 0.0, 0.0, 0.0, 0.0, -1.415840210352367, 0.0; Commanded Accelerations: 0, 0, 0, 0, 0, -2, 0
78, 47663.397100, Actual Angles: 3.1415927410125732, 0.0, -1.5707963705062866, 0.0, 0.0, -1.2830719947814941, 0.0; Actual Speeds: 0.0, 0.0, 0.0, 0.0, 0.0, -1.4639999866485596, 0.0; Actual Efforts: 0.001561782555654645, -15.51589298248291, -12.163261413574219, -0.19005048274993896, -0.5661462545394897, 2.191622495651245, 0.0; Actual Accelerations: 0.0, 0.0, 0.0, 0.0, 0.0, 0.0, 0.0; Commanded Angles: 3.141593, 0.0, -1.570796, 0.0, 0.0, -1.2343029511426515, 0.0; Commanded Speeds: 0.0, 0.0, 0.0, 0.0, 0.0, -1.292792176367911, 0.0; Commanded Accelerations: 0, 0, 0, 0, 0, -3, 0
79, 47663.432180, Actual Angles: 3.1415927410125732, 0.0, -1.5707963705062866, 0.0, 0.0, -1.3284480571746826, 0.0; Actual Speeds: 0.0, 0.0, 0.0, 0.0, 0.0, -1.3680000305175781, 0.0; Actual Efforts: 0.0018731167074292898, -15.515711784362793, -12.163100242614746, -0.1906069666147232, -0.5661129951477051, 1.7528445720672607, 0.0; Actual Accelerations: 0.0, 0.0, 0.0, 0.0, 0.0, 0.0, 0.0; Commanded Angles: 3.141593, 0.0, -1.570796, 0.0, 0.0, -1.2886833078632565, 0.0; Commanded Speeds: 0.0, 0.0, 0.0, 0.0, 0.0, -1.1544617696178106, 0.0; Commanded Accelerations: 0, 0, 0, 0, 0, -3, 0
80, 47663.465791, Actual Angles: 3.1415927410125732, 0.0, -1.5707963705062866, 0.0, 0.0, -1.376512050628662, 0.0; Actual Speeds: 0.0, 0.0, 0.0, 0.0, 0.0, -1.2960000038146973, 0.0; Actual Efforts: 0.002007635310292244, -15.515432357788086, -12.162851333618164, -0.19122210144996643, -0.5660616159439087, 1.5343772172927856, 0.0; Actual Accelerations: 0.0, 0.0, 0.0, 0.0, 0.0, 0.0, 0.0; Commanded Angles: 3.141593, 0.0, -1.570796, 0.0, 0.0, -1.3121778272071438, 0.0; Commanded Speeds: 0.0, 0.0, 0.0, 0.0, 0.0, -1.0872023775155575, 0.0; Commanded Accelerations: 0, 0, 0, 0, 0, -3, 0
81, 47663.498047, Actual Angles: 3.1415927410125732, 0.0, -1.5707963705062866, 0.0, 0.0, -1.4160000085830688, 0.0; Actual Speeds: 0.0, 0.0, 0.0, 0.0, 0.0, -1.2000000476837158, 0.0; Actual Efforts: 0.00209739594720304, -15.515191078186035, -12.162636756896973, -0.19174371659755707, -0.5660172700881958, 1.2754014730453491, 0.0; Actual Accelerations: 0.0, 0.0, 0.0, 0.0, 0.0, 0.0, 0.0; Commanded Angles: 3.141593, 0.0, -1.570796, 0.0, 0.0, -1.3339782927089716, 0.0; Commanded Speeds: 0.0, 0.0, 0.0, 0.0, 0.0, -1.019642569030716, 0.0; Commanded Accelerations: 0, 0, 0, 0, 0, -3, 0
82, 47663.532718, Actual Angles: 3.1415927410125732, 0.0, -1.5707963705062866, 0.0, 0.0, -1.4519679546356201, 0.0; Actual Speeds: 0.0, 0.0, 0.0, 0.0, 0.0, -1.0720000267028809, 0.0; Actual Efforts: 0.002171952510252595, -15.514933586120605, -12.162407875061035, -0.19229267537593842, -0.5659700036048889, 1.4133278131484985, 0.0; Actual Accelerations: 0.0, 0.0, 0.0, 0.0, 0.0, 0.0, 0.0; Commanded Angles: 3.141593, 0.0, -1.570796, 0.0, 0.0, -1.373938224334179, 0.0; Commanded Speeds: 0.0, 0.0, 0.0, 0.0, 0.0, -0.879021068194996, 0.0; Commanded Accelerations: 0, 0, 0, 0, 0, -3, 0
83, 47663.565127, Actual Angles: 3.1415927410125732, 0.0, -1.5707963705062866, 0.0, 0.0, -1.4883840084075928, 0.0; Actual Speeds: 0.0, 0.0, 0.0, 0.0, 0.0, -0.9440000057220459, 0.0; Actual Efforts: 0.002298719482496381, -15.514720916748047, -12.162219047546387, -0.19273898005485535, -0.565930962562561, 1.4240097999572754, 0.0; Actual Accelerations: 0.0, 0.0, 0.0, 0.0, 0.0, 0.0, 0.0; Commanded Angles: 3.141593, 0.0, -1.570796, 0.0, 0.0, -1.3916070811746697, 0.0; Commanded Speeds: 0.0, 0.0, 0.0, 0.0, 0.0, -0.8075338330558778, 0.0; Commanded Accelerations: 0, 0, 0, 0, 0, -3, 0
84, 47663.598895, Actual Angles: 3.1415927410125732, 0.0, -1.5707963705062866, 0.0, 0.0, -1.5179519653320312, 0.0; Actual Speeds: 0.0, 0.0, 0.0, 0.0, 0.0, -0.8799999952316284, 0.0; Actual Efforts: 0.0023789182305336, -15.514506340026855, -12.162028312683105, -0.19315141439437866, -0.5658915638923645, 1.062413215637207, 0.0; Actual Accelerations: 0.0, 0.0, 0.0, 0.0, 0.0, 0.0, 0.0; Commanded Angles: 3.141593, 0.0, -1.570796, 0.0, 0.0, -1.421969331821683, 0.0; Commanded Speeds: 0.0, 0.0, 0.0, 0.0, 0.0, -0.6643262911947404, 0.0; Commanded Accelerations: 0, 0, 0, 0, 0, -3, 0
85, 47663.633374, Actual Angles: 3.1415927410125732, 0.0, -1.5707963705062866, 0.0, 0.0, -1.5458240509033203, 0.0; Actual Speeds: 0.0, 0.0, 0.0, 0.0, 0.0, -0.7120000123977661, 0.0; Actual Efforts: 0.0017108401516452432, -15.514244079589844, -12.16179370880127, -0.19365468621253967, -0.5658432245254517, 1.292429804801941, 0.0; Actual Accelerations: 0.0, 0.0, 0.0, 0.0, 0.0, 0.0, 0.0; Commanded Angles: 3.141593, 0.0, -1.570796, 0.0, 0.0, -1.4465957182528435, 0.0; Commanded Speeds: 0.0, 0.0, 0.0, 0.0, 0.0, -0.5167458822690689, 0.0; Commanded Accelerations: 0, 0, 0, 0, 0, -3, 0
86, 47663.665747, Actual Angles: 3.1415927410125732, 0.0, -1.5707963705062866, 0.0, 0.0, -1.5669440031051636, 0.0; Actual Speeds: 0.0, 0.0, 0.0, 0.0, 0.0, -0.6000000238418579, 0.0; Actual Efforts: 0.0018890216015279293, -15.514082908630371, -12.161650657653809, -0.19397184252738953, -0.5658136606216431, 1.0653935670852661, 0.0; Actual Accelerations: 0.0, 0.0, 0.0, 0.0, 0.0, 0.0, 0.0; Commanded Angles: 3.141593, 0.0, -1.570796, 0.0, 0.0, -1.4565479723665768, 0.0; Commanded Speeds: 0.0, 0.0, 0.0, 0.0, 0.0, -0.442420751956323, 0.0; Commanded Accelerations: 0, 0, 0, 0, 0, -3, 0
87, 47663.699927, Actual Angles: 3.1415927410125732, 0.0, -1.5707963705062866, 0.0, 0.0, -1.5852479934692383, 0.0; Actual Speeds: 0.0, 0.0, 0.0, 0.0, 0.0, -0.5360000133514404, 0.0; Actual Efforts: 0.002000954234972596, -15.513923645019531, -12.16150951385498, -0.19425304234027863, -0.5657845139503479, 1.058402180671692, 0.0; Actual Accelerations: 0.0, 0.0, 0.0, 0.0, 0.0, 0.0, 0.0; Commanded Angles: 3.141593, 0.0, -1.570796, 0.0, 0.0, -1.4718066782650632, 0.0; Commanded Speeds: 0.0, 0.0, 0.0, 0.0, 0.0, -0.29237899935649747, 0.0; Commanded Accelerations: 0, 0, 0, 0, 0, -3, 0
88, 47663.733567, Actual Angles: 3.1415927410125732, 0.0, -1.5707963705062866, 0.0, 0.0, -1.6008319854736328, 0.0; Actual Speeds: 0.0, 0.0, 0.0, 0.0, 0.0, -0.36000001430511475, 0.0; Actual Efforts: 0.0019163525430485606, -15.513768196105957, -12.161371231079102, -0.19454067945480347, -0.5657558441162109, 0.6741346120834351, 0.0; Actual Accelerations: 0.0, 0.0, 0.0, 0.0, 0.0, 0.0, 0.0; Commanded Angles: 3.141593, 0.0, -1.570796, 0.0, 0.0, -1.480800838339731, 0.0; Commanded Speeds: 0.0, 0.0, 0.0, 0.0, 0.0, -0.14128206313587455, 0.0; Commanded Accelerations: 0, 0, 0, 0, 0, -3, 0
89, 47663.767308, Actual Angles: 3.1415927410125732, 0.0, -1.5707963705062866, 0.0, 0.0, -1.6108800172805786, 0.0; Actual Speeds: 0.0, 0.0, 0.0, 0.0, 0.0, -0.2639999985694885, 0.0; Actual Efforts: 0.0019774280954152346, -15.513651847839355, -12.161267280578613, -0.194740429520607, -0.5657343864440918, 0.6095002889633179, 0.0; Actual Accelerations: 0.0, 0.0, 0.0, 0.0, 0.0, 0.0, 0.0; Commanded Angles: 3.141593, 0.0, -1.570796, 0.0, 0.0, -1.4829396258373668, 0.0; Commanded Speeds: 0.0, 0.0, 0.0, 0.0, 0.0, -0.0657284717776511, 0.0; Commanded Accelerations: 0, 0, 0, 0, 0, -3, 0
90, 47663.800646, Actual Angles: 3.1415927410125732, 0.0, -1.5707963705062866, 0.0, 0.0, -1.6179200410842896, 0.0; Actual Speeds: 0.0, 0.0, 0.0, 0.0, 0.0, -0.17599999904632568, 0.0; Actual Efforts: 0.002035764744505286, -15.513540267944336, -12.161168098449707, -0.19491542875766754, -0.5657140016555786, 0.8194284439086914, 0.0; Actual Accelerations: 0.0, 0.0, 0.0, 0.0, 0.0, 69.95617323036642, 0.0; Commanded Angles: 3.141593, 0.0, -1.570796, 0.0, 0.0, -1.482542614797191, 0.0; Commanded Speeds: 0.0, 0.0, 0.0, 0.0, 0.0, 0.08500103139663909, 0.0; Commanded Accelerations: 0, 0, 0, 0, 0, -3, 0
91, 47663.833730, Actual Angles: 3.1415927410125732, 0.0, -1.5707963705062866, 0.0, 0.0, -1.6212480068206787, 0.0; Actual Speeds: 0.0, 0.0, 0.0, 0.0, 0.0, -0.01600000075995922, 0.0; Actual Efforts: 0.0019105520332232118, -15.513470649719238, -12.16110610961914, -0.1950475126504898, -0.5657012462615967, 0.6726114749908447, 0.0; Actual Accelerations: 0.0, 0.0, 0.0, 0.0, 0.0, 0.0, 0.0; Commanded Angles: 3.141593, 0.0, -1.570796, 0.0, 0.0, -1.4755235367358501, 0.0; Commanded Speeds: 0.0, 0.0, 0.0, 0.0, 0.0, 0.24177586894527753, 0.0; Commanded Accelerations: 0, 0, 0, 0, 0, -3, 0
92, 47663.868446, Actual Angles: 3.1415927410125732, 0.0, -1.5707963705062866, 0.0, 0.0, -1.6201599836349487, 0.0; Actual Speeds: 0.0, 0.0, 0.0, 0.0, 0.0, 0.09600000083446503, 0.0; Actual Efforts: 0.0017215802799910307, -15.513421058654785, -12.161062240600586, -0.1951507180929184, -0.5656920075416565, 0.3830186128616333, 0.0; Actual Accelerations: 0.0, 0.0, 0.0, 0.0, 0.0, 9.082942357962027, 0.0; Commanded Angles: 3.141593, 0.0, -1.570796, 0.0, 0.0, -1.4698041555474213, 0.0; Commanded Speeds: 0.0, 0.0, 0.0, 0.0, 0.0, 0.3162594774908022, 0.0; Commanded Accelerations: 0, 0, 0, 0, 0, -3, 0
93, 47663.900832, Actual Angles: 3.1415927410125732, 0.0, -1.5707963705062866, 0.0, 0.0, -1.6145919561386108, 0.0; Actual Speeds: 0.0, 0.0, 0.0, 0.0, 0.0, 0.25600001215934753, 0.0; Actual Efforts: 0.0018855480011552572, -15.513382911682129, -12.161028861999512, -0.19516785442829132, -0.5656851530075073, 0.5546693205833435, 0.0; Actual Accelerations: 0.0, 0.0, 0.0, 0.0, 0.0, 0.0, 0.0; Commanded Angles: 3.141593, 0.0, -1.570796, 0.0, 0.0, -1.4536984304336966, 0.0; Commanded Speeds: 0.0, 0.0, 0.0, 0.0, 0.0, 0.46497091979056665, 0.0; Commanded Accelerations: 0, 0, 0, 0, 0, -3, 0
94, 47663.934417, Actual Angles: 3.1415927410125732, 0.0, -1.5707963705062866, 0.0, 0.0, -1.6039040088653564, 0.0; Actual Speeds: 0.0, 0.0, 0.0, 0.0, 0.0, 0.35199999809265137, 0.0; Actual Efforts: 0.0019052141578868032, -15.513373374938965, -12.161020278930664, -0.19515803456306458, -0.5656833648681641, 3.0880300998687744, 0.0; Actual Accelerations: 0.0, 0.0, 0.0, 0.0, 0.0, 0.0, 0.0; Commanded Angles: 3.141593, 0.0, -1.570796, 0.0, 0.0, -1.443337229567412, 0.0; Commanded Speeds: 0.0, 0.0, 0.0, 0.0, 0.0, 0.5387590960746208, 0.0; Commanded Accelerations: 0, 0, 0, 0, 0, -3, 0
95, 47663.968285, Actual Angles: 3.1415927410125732, 0.0, -1.5707963705062866, 0.0, 0.0, -1.590656042098999, 0.0; Actual Speeds: 0.0, 0.0, 0.0, 0.0, 0.0, 0.46399998664855957, 0.0; Actual Efforts: 0.0021636986639350653, -15.513378143310547, -12.16102409362793, -0.1950802206993103, -0.5656841397285461, -0.21860657632350922, 0.0; Actual Accelerations: 0.0, 0.0, 0.0, 0.0, 0.0, 0.0, 0.0; Commanded Angles: 3.141593, 0.0, -1.570796, 0.0, 0.0, -1.4179278261491812, 0.0; Commanded Speeds: 0.0, 0.0, 0.0, 0.0, 0.0, 0.6853093606340251, 0.0; Commanded Accelerations: 0, 0, 0, 0, 0, -3, 0
96, 47664.002706, Actual Angles: 3.1415927410125732, 0.0, -1.5707963705062866, 0.0, 0.0, -1.5716160535812378, 0.0; Actual Speeds: 0.0, 0.0, 0.0, 0.0, 0.0, 0.5839999914169312, 0.0; Actual Efforts: 0.0022846381179988384, -15.513423919677734, -12.161065101623535, -0.19495512545108795, -0.5656926035881042, -0.4685576260089874, 0.0; Actual Accelerations: 0.0, 0.0, 0.0, 0.0, 0.0, 0.0, 0.0; Commanded Angles: 3.141593, 0.0, -1.570796, 0.0, 0.0, -1.3865528560775306, 0.0; Commanded Speeds: 0.0, 0.0, 0.0, 0.0, 0.0, 0.8287078918696399, 0.0; Commanded Accelerations: 0, 0, 0, 0, 0, -3, 0
97, 47664.036958, Actual Angles: 3.1415927410125732, 0.0, -1.5707963705062866, 0.0, 0.0, -1.5473920106887817, 0.0; Actual Speeds: 0.0, 0.0, 0.0, 0.0, 0.0, 0.7440000176429749, 0.0; Actual Efforts: 0.0021727702114731073, -15.513504981994629, -12.161136627197266, -0.19479946792125702, -0.5657075643539429, -0.28438183665275574, 0.0; Actual Accelerations: 0.0, 0.0, 0.0, 0.0, 0.0, 0.0, 0.0; Commanded Angles: 3.141593, 0.0, -1.570796, 0.0, 0.0, -1.368608084569364, 0.0; Commanded Speeds: 0.0, 0.0, 0.0, 0.0, 0.0, 0.8993035585395845, 0.0; Commanded Accelerations: 0, 0, 0, 0, 0, -3, 0
98, 47664.069690, Actual Angles: 3.1415927410125732, 0.0, -1.5707963705062866, 0.0, 0.0, -1.5221120119094849, 0.0; Actual Speeds: 0.0, 0.0, 0.0, 0.0, 0.0, 0.8399999737739563, 0.0; Actual Efforts: 0.002290015807375312, -15.513599395751953, -12.16122055053711, -0.19459424912929535, -0.5657248497009277, -0.7023913860321045, 0.0; Actual Accelerations: 0.0, 0.0, 0.0, 0.0, 0.0, 0.0, 0.0; Commanded Angles: 3.141593, 0.0, -1.570796, 0.0, 0.0, -1.3282315301503183, 0.0; Commanded Speeds: 0.0, 0.0, 0.0, 0.0, 0.0, 1.0379884173177631, 0.0; Commanded Accelerations: 0, 0, 0, 0, 0, -3, 0
99, 47664.102395, Actual Angles: 3.1415927410125732, 0.0, -1.5707963705062866, 0.0, 0.0, -1.493567943572998, 0.0; Actual Speeds: 0.0, 0.0, 0.0, 0.0, 0.0, 0.9039999842643738, 0.0; Actual Efforts: 0.002370853442698717, -15.51372241973877, -12.161330223083496, -0.19435006380081177, -0.5657474398612976, -0.4637572765350342, 0.0; Actual Accelerations: 0.0, 0.0, 0.0, 0.0, 0.0, 0.0, 0.0; Commanded Angles: 3.141593, 0.0, -1.570796, 0.0, 0.0, -1.2824065061833758, 0.0; Commanded Speeds: 0.0, 0.0, 0.0, 0.0, 0.0, 1.1715807447313182, 0.0; Commanded Accelerations: 0, 0, 0, 0, 0, -3, 0
100, 47664.136145, Actual Angles: 3.1415927410125732, 0.0, -1.5707963705062866, 0.0, 0.0, -1.462015986442566, 0.0; Actual Speeds: 0.0, 0.0, 0.0, 0.0, 0.0, 1.0640000104904175, 0.0; Actual Efforts: 0.0022394824773073196, -15.513855934143066, -12.161449432373047, -0.194085493683815, -0.5657720565795898, -0.8999531865119934, 0.0; Actual Accelerations: 0.0, 0.0, 0.0, 0.0, 0.0, 0.0, 0.0; Commanded Angles: 3.141593, 0.0, -1.570796, 0.0, 0.0, -1.2570638813498811, 0.0; Commanded Speeds: 0.0, 0.0, 0.0, 0.0, 0.0, 1.2374956938695985, 0.0; Commanded Accelerations: 0, 0, 0, 0, 0, -3, 0
101, 47664.170044, Actual Angles: 3.1415927410125732, 0.0, -1.5707963705062866, 0.0, 0.0, -1.4214400053024292, 0.0; Actual Speeds: 0.0, 0.0, 0.0, 0.0, 0.0, 1.1679999828338623, 0.0; Actual Efforts: 0.0017660028534010053, -15.513994216918945, -12.161572456359863, -0.19377271831035614, -0.5657974481582642, -0.8166289925575256, 0.0; Actual Accelerations: 0.0, 0.0, 0.0, 0.0, 0.0, 0.0, 0.0; Commanded Angles: 3.141593, 0.0, -1.570796, 0.0, 0.0, -1.2033546310286267, 0.0; Commanded Speeds: 0.0, 0.0, 0.0, 0.0, 0.0, 1.3628851097446182, 0.0; Commanded Accelerations: 0, 0, 0, 0, 0, -2, 0
102, 47664.204447, Actual Angles: 3.1415927410125732, 0.0, -1.5707963705062866, 0.0, 0.0, -1.382591962814331, 0.0; Actual Speeds: 0.0, 0.0, 0.0, 0.0, 0.0, 1.2640000581741333, 0.0; Actual Efforts: 0.0012964815832674503, -15.514113426208496, -12.161678314208984, -0.19340696930885315, -0.5658193826675415, -0.9574904441833496, 0.0; Actual Accelerations: 0.0, 0.0, 0.0, 0.0, 0.0, 43.54852413851995, 0.0; Commanded Angles: 3.141593, 0.0, -1.570796, 0.0, 0.0, -1.143365358255563, 0.0; Commanded Speeds: 0.0, 0.0, 0.0, 0.0, 0.0, 1.4848608276611195, 0.0; Commanded Accelerations: 0, 0, 0, 0, 0, -2, 0
103, 47664.237491, Actual Angles: 3.1415927410125732, 0.0, -1.5707963705062866, 0.0, 0.0, -1.335103988647461, 0.0; Actual Speeds: 0.0, 0.0, 0.0, 0.0, 0.0, 1.3760000467300415, 0.0; Actual Efforts: 0.0009786183945834637, -15.514228820800781, -12.161781311035156, -0.1930316835641861, -0.5658406019210815, -0.9799390435218811, 0.0; Actual Accelerations: 0.0, 0.0, 0.0, 0.0, 0.0, 0.0, 0.0; Commanded Angles: 3.141593, 0.0, -1.570796, 0.0, 0.0, -1.1114594940416989, 0.0; Commanded Speeds: 0.0, 0.0, 0.0, 0.0, 0.0, 1.5434771724802556, 0.0; Commanded Accelerations: 0, 0, 0, 0, 0, -2, 0
104, 47664.270832, Actual Angles: 3.1415927410125732, 0.0, -1.5707963705062866, 0.0, 0.0, -1.2892160415649414, 0.0; Actual Speeds: 0.0, 0.0, 0.0, 0.0, 0.0, 1.472000002861023, 0.0; Actual Efforts: 0.000838434905745089, -15.51436710357666, -12.161904335021973, -0.19260354340076447, -0.5658659338951111, -0.8568297028541565, 0.0; Actual Accelerations: 0.0, 0.0, 0.0, 0.0, 0.0, 0.0, 0.0; Commanded Angles: 3.141593, 0.0, -1.570796, 0.0, 0.0, -1.0789482092457299, 0.0; Commanded Speeds: 0.0, 0.0, 0.0, 0.0, 0.0, 1.5993851128465326, 0.0; Commanded Accelerations: 0, 0, 0, 0, 0, -2, 0
105, 47664.304038, Actual Angles: 3.1415927410125732, 0.0, -1.5707963705062866, 0.0, 0.0, -1.2402559518814087, 0.0; Actual Speeds: 0.0, 0.0, 0.0, 0.0, 0.0, 1.5679999589920044, 0.0; Actual Efforts: 0.0007613242487423122, -15.514531135559082, -12.162049293518066, -0.19213075935840607, -0.5658960342407227, -1.2171311378479004, 0.0; Actual Accelerations: 0.0, 0.0, 0.0, 0.0, 0.0, 0.0, 0.0; Commanded Angles: 3.141593, 0.0, -1.570796, 0.0, 0.0, -1.0105848011171, 0.0; Commanded Speeds: 0.0, 0.0, 0.0, 0.0, 0.0, 1.7060173093014734, 0.0; Commanded Accelerations: 0, 0, 0, 0, 0, -2, 0
106, 47664.338411, Actual Angles: 3.1415927410125732, 0.0, -1.5707963705062866, 0.0, 0.0, -1.1826239824295044, 0.0; Actual Speeds: 0.0, 0.0, 0.0, 0.0, 0.0, 1.656000018119812, 0.0; Actual Efforts: 0.0005003121332265437, -15.514674186706543, -12.162177085876465, -0.191580131649971, -0.5659223794937134, -1.4468913078308105, 0.0; Actual Accelerations: 0.0, 0.0, 0.0, 0.0, 0.0, 0.0, 0.0; Commanded Angles: 3.141593, 0.0, -1.570796, 0.0, 0.0, -0.9356893354555651, 0.0; Commanded Speeds: 0.0, 0.0, 0.0, 0.0, 0.0, 1.808358643000799, 0.0; Commanded Accelerations: 0, 0, 0, 0, 0, -2, 0
107, 47664.371374, Actual Angles: 3.1415927410125732, 0.0, -1.5707963705062866, 0.0, 0.0, -1.1289279460906982, 0.0; Actual Speeds: 0.0, 0.0, 0.0, 0.0, 0.0, 1.7359999418258667, 0.0; Actual Efforts: 0.0001913517917273566, -15.51475715637207, -12.162251472473145, -0.1910686045885086, -0.5659376382827759, -1.7575652599334717, 0.0; Actual Accelerations: 0.0, 0.0, 0.0, 0.0, 0.0, 0.0, 0.0; Commanded Angles: 3.141593, 0.0, -1.570796, 0.0, 0.0, -0.8977531656981422, 0.0; Commanded Speeds: 0.0, 0.0, 0.0, 0.0, 0.0, 1.8552029726506927, 0.0; Commanded Accelerations: 0, 0, 0, 0, 0, -2, 0
108, 47664.405025, Actual Angles: 3.1415927410125732, 0.0, -1.5707963705062866, 0.0, 0.0, -1.0652159452438354, 0.0; Actual Speeds: 0.0, 0.0, 0.0, 0.0, 0.0, 1.815999984741211, 0.0; Actual Efforts: -8.751745917834342e-05, -15.514845848083496, -12.16232967376709, -0.19046331942081451, -0.5659538507461548, -1.5658514499664307, 0.0; Actual Accelerations: 0.0, 0.0, 0.0, 0.0, 0.0, 0.0, 0.0; Commanded Angles: 3.141593, 0.0, -1.570796, 0.0, 0.0, -0.8191627720452231, 0.0; Commanded Speeds: 0.0, 0.0, 0.0, 0.0, 0.0, 1.9428618447266675, 0.0; Commanded Accelerations: 0, 0, 0, 0, 0, -2, 0
109, 47664.438385, Actual Angles: 3.1415927410125732, 0.0, -1.5707963705062866, 0.0, 0.0, -1.0056320428848267, 0.0; Actual Speeds: 0.0, 0.0, 0.0, 0.0, 0.0, 1.8960000276565552, 0.0; Actual Efforts: -0.0002544908202253282, -15.514952659606934, -12.16242504119873, -0.18989154696464539, -0.5659735798835754, -1.4683115482330322, 0.0; Actual Accelerations: 0.0, 0.0, 0.0, 0.0, 0.0, 0.0, 0.0; Commanded Angles: 3.141593, 0.0, -1.570796, 0.0, 0.0, -0.7368440078619805, 0.0; Commanded Speeds: 0.0, 0.0, 0.0, 0.0, 0.0, 2.0225622338224394, 0.0; Commanded Accelerations: 0, 0, 0, 0, 0, -1, 0
110, 47664.472503, Actual Angles: 3.1415927410125732, 0.0, -1.5707963705062866, 0.0, 0.0, -0.944320023059845, 0.0; Actual Speeds: 0.0, 0.0, 0.0, 0.0, 0.0, 1.9839999675750732, 0.0; Actual Efforts: 0.0004303427995182574, -15.515646934509277, -12.163042068481445, -0.1890837699174881, -0.5661010146141052, -1.8377370834350586, 0.0; Actual Accelerations: 0.0, 0.0, 0.0, 0.0, 0.0, 69.40889250219662, 0.0; Commanded Angles: 3.141593, 0.0, -1.570796, 0.0, 0.0, -0.6940601413545915, 0.0; Commanded Speeds: 0.0, 0.0, 0.0, 0.0, 0.0, 2.0595658105413426, 0.0; Commanded Accelerations: 0, 0, 0, 0, 0, -1, 0
111, 47664.505709, Actual Angles: 3.1415927410125732, 0.0, -1.5707963705062866, 0.0, 0.0, -0.8726400136947632, 0.0; Actual Speeds: 0.0, 0.0, 0.0, 0.0, 0.0, 1.9839999675750732, 0.0; Actual Efforts: 0.00015372384223155677, -15.515753746032715, -12.163137435913086, -0.1884874552488327, -0.5661206841468811, -2.116528034210205, 0.0; Actual Accelerations: 0.0, 0.0, 0.0, 0.0, 0.0, 0.0, 0.0; Commanded Angles: 3.141593, 0.0, -1.570796, 0.0, 0.0, -0.6067768303899581, 0.0; Commanded Speeds: 0.0, 0.0, 0.0, 0.0, 0.0, 2.126490865112463, 0.0; Commanded Accelerations: 0, 0, 0, 0, 0, -1, 0
112, 47664.539326, Actual Angles: 3.1415927410125732, 0.0, -1.5707963705062866, 0.0, 0.0, -0.8067200183868408, 0.0; Actual Speeds: 0.0, 0.0, 0.0, 0.0, 0.0, 2.0959999561309814, 0.0; Actual Efforts: -0.0001241245336132124, -15.515839576721191, -12.163214683532715, -0.18788892030715942, -0.5661365389823914, -2.12748122215271, 0.0; Actual Accelerations: 0.0, 0.0, 0.0, 0.0, 0.0, 0.0, 0.0; Commanded Angles: 3.141593, 0.0, -1.570796, 0.0, 0.0, -0.5628615647638942, 0.0; Commanded Speeds: 0.0, 0.0, 0.0, 0.0, 0.0, 2.1560847408142116, 0.0; Commanded Accelerations: 0, 0, 0, 0, 0, -1, 0
113, 47664.573952, Actual Angles: 3.1415927410125732, 0.0, -1.5707963705062866, 0.0, 0.0, -0.7306240200996399, 0.0; Actual Speeds: 0.0, 0.0, 0.0, 0.0, 0.0, 2.1440000534057617, 0.0; Actual Efforts: -0.0004754934925585985, -15.51587963104248, -12.163249969482422, -0.18722811341285706, -0.5661438703536987, -2.300067901611328, 0.0; Actual Accelerations: 0.0, 0.0, 0.0, 0.0, 0.0, 0.0, 0.0; Commanded Angles: 3.141593, 0.0, -1.570796, 0.0, 0.0, -0.47292006592318375, 0.0; Commanded Speeds: 0.0, 0.0, 0.0, 0.0, 0.0, 2.208747130159091, 0.0; Commanded Accelerations: 0, 0, 0, 0, 0, -1, 0
114, 47664.607291, Actual Angles: 3.1415927410125732, 0.0, -1.5707963705062866, 0.0, 0.0, -0.6611199975013733, 0.0; Actual Speeds: 0.0, 0.0, 0.0, 0.0, 0.0, 2.191999912261963, 0.0; Actual Efforts: -0.0007182538975030184, -15.515969276428223, -12.163329124450684, -0.1866317242383957, -0.5661602020263672, -2.318840503692627, 0.0; Actual Accelerations: 0.0, 0.0, 0.0, 0.0, 0.0, 0.0, 0.0; Commanded Angles: 3.141593, 0.0, -1.570796, 0.0, 0.0, -0.3807452595880388, 0.0; Commanded Speeds: 0.0, 0.0, 0.0, 0.0, 0.0, 2.252268830286969, 0.0; Commanded Accelerations: 0, 0, 0, 0, 0, 0, 0
115, 47664.640010, Actual Angles: 3.1415927410125732, 0.0, -1.5707963705062866, 0.0, 0.0, -0.5905280113220215, 0.0; Actual Speeds: 0.0, 0.0, 0.0, 0.0, 0.0, 2.2239999771118164, 0.0; Actual Efforts: -0.0010694789234548807, -15.515921592712402, -12.163286209106445, -0.1860743910074234, -0.5661514401435852, -2.3726658821105957, 0.0; Actual Accelerations: 0.0, 0.0, 0.0, 0.0, 0.0, 0.0, 0.0; Commanded Angles: 3.141593, 0.0, -1.570796, 0.0, 0.0, -0.3339945894911867, 0.0; Commanded Speeds: 0.0, 0.0, 0.0, 0.0, 0.0, 2.270498188281638, 0.0; Commanded Accelerations: 0, 0, 0, 0, 0, 0, 0
116, 47664.673572, Actual Angles: 3.1415927410125732, 0.0, -1.5707963705062866, 0.0, 0.0, -0.5099200010299683, 0.0; Actual Speeds: 0.0, 0.0, 0.0, 0.0, 0.0, 2.247999906539917, 0.0; Actual Efforts: -0.0015145312063395977, -15.515710830688477, -12.16309928894043, -0.18550503253936768, -0.5661128163337708, -2.8003628253936768, 0.0; Actual Accelerations: 0.0, 0.0, 0.0, 0.0, 0.0, 0.0, 0.0; Commanded Angles: 3.141593, 0.0, -1.570796, 0.0, 0.0, -0.239747959788223, 0.0; Commanded Speeds: 0.0, 0.0, 0.0, 0.0, 0.0, 2.2996918373601187, 0.0; Commanded Accelerations: 0, 0, 0, 0, 0, 0, 0
117, 47664.707456, Actual Angles: 3.1415927410125732, 0.0, -1.5707963705062866, 0.0, 0.0, -0.43727999925613403, 0.0; Actual Speeds: 0.0, 0.0, 0.0, 0.0, 0.0, 2.2799999713897705, 0.0; Actual Efforts: -0.0018082126043736935, -15.515572547912598, -12.162976264953613, -0.18501755595207214, -0.5660873055458069, -2.8895974159240723, 0.0; Actual Accelerations: 0.0, 0.0, 0.0, 0.0, 0.0, 0.0, 0.0; Commanded Angles: 3.141593, 0.0, -1.570796, 0.0, 0.0, -0.14477679802070983, 0.0; Commanded Speeds: 0.0, 0.0, 0.0, 0.0, 0.0, 2.3192000738987555, 0.0; Commanded Accelerations: 0, 0, 0, 0, 0, 0, 0
118, 47664.741364, Actual Angles: 3.1415927410125732, 0.0, -1.5707963705062866, 0.0, 0.0, -0.3544960021972656, 0.0; Actual Speeds: 0.0, 0.0, 0.0, 0.0, 0.0, 2.2960000038146973, 0.0; Actual Efforts: -0.002107401145622134, -15.51538372039795, -12.162808418273926, -0.18452045321464539, -0.5660526752471924, -2.959681987762451, 0.0; Actual Accelerations: 0.0, 0.0, 0.0, 0.0, 0.0, 0.0, 0.0; Commanded Angles: 3.141593, 0.0, -1.570796, 0.0, 0.0, -0.09707149147115667, 0.0; Commanded Speeds: 0.0, 0.0, 0.0, 0.0, 0.0, 2.325329329723588, 0.0; Commanded Accelerations: 0, 0, 0, 0, 0, 0, 0
119, 47664.741674, Actual Angles: 3.1415927410125732, 0.0, -1.5707963705062866, 0.0, 0.0, -0.3544960021972656, 0.0; Actual Speeds: 0.0, 0.0, 0.0, 0.0, 0.0, 2.2960000038146973, 0.0; Actual Efforts: -0.002107401145622134, -15.51538372039795, -12.162808418273926, -0.18452045321464539, -0.5660526752471924, -2.959681987762451, 0.0; Actual Accelerations: 0.0, 0.0, 0.0, 0.0, 0.0, 0.0, 0.0; Commanded Angles: 3.141593, 0.0, -1.570796, 0.0, 0.0, -0.049117244929461304, 0.0; Commanded Speeds: 0.0, 0.0, 0.0, 0.0, 0.0, 2.3290457033017744, 0.0; Commanded Accelerations: 0, 0, 0, 0, 0, 0, 0
120, 47664.774727, Actual Angles: 3.1415927410125732, 0.0, -1.5707963705062866, 0.0, 0.0, -0.2803199887275696, 0.0; Actual Speeds: 0.0, 0.0, 0.0, 0.0, 0.0, 2.312000036239624, 0.0; Actual Efforts: -0.0023518826346844435, -15.515182495117188, -12.162629127502441, -0.18412768840789795, -0.5660156607627869, -2.7714169025421143, 0.0; Actual Accelerations: 0.0, 0.0, 0.0, 0.0, 0.0, 0.0, 0.0; Commanded Angles: 3.141593, 0.0, -1.570796, 0.0, 0.0, -0.0009750630987929195, 0.0; Commanded Speeds: 0.0, 0.0, 0.0, 0.0, 0.0, 2.3303227580310653, 0.0; Commanded Accelerations: 0, 0, 0, 0, 0, 0, 0
121, 47664.775057, Actual Angles: 3.1415927410125732, 0.0, -1.5707963705062866, 0.0, 0.0, -0.2803199887275696, 0.0; Actual Speeds: 0.0, 0.0, 0.0, 0.0, 0.0, 2.312000036239624, 0.0; Actual Efforts: -0.0023518826346844435, -15.515182495117188, -12.162629127502441, -0.18412768840789795, -0.5660156607627869, -2.7714169025421143, 0.0; Actual Accelerations: 0.0, 0.0, 0.0, 0.0, 0.0, 0.0, 0.0; Commanded Angles: 3.141593, 0.0, -1.570796, 0.0, 0.0, 0.04743251703471294, 0.0; Commanded Speeds: 0.0, 0.0, 0.0, 0.0, 0.0, 2.3291318631030618, 0.0; Commanded Accelerations: 0, 0, 0, 0, 0, 0, 0
122, 47664.808933, Actual Angles: 3.1415927410125732, 0.0, -1.5707963705062866, 0.0, 0.0, -0.19660800695419312, 0.0; Actual Speeds: 0.0, 0.0, 0.0, 0.0, 0.0, 2.3359999656677246, 0.0; Actual Efforts: -0.0021106363274157047, -15.516180992126465, -12.163517951965332, -0.18349048495292664, -0.5661991238594055, -2.8263092041015625, 0.0; Actual Accelerations: 0.0, 0.0, 0.0, 0.0, 0.0, 0.0, 0.0; Commanded Angles: 3.141593, 0.0, -1.570796, 0.0, 0.0, 0.04743251703471294, 0.0; Commanded Speeds: 0.0, 0.0, 0.0, 0.0, 0.0, 2.3291318631030618, 0.0; Commanded Accelerations: 0, 0, 0, 0, 0, 0, 0
123, 47664.841841, Actual Angles: 3.1415927410125732, 0.0, -1.5707963705062866, 0.0, 0.0, -0.12198399752378464, 0.0; Actual Speeds: 0.0, 0.0, 0.0, 0.0, 0.0, 2.3359999656677246, 0.0; Actual Efforts: -0.002373754745349288, -15.515961647033691, -12.163322448730469, -0.1832031011581421, -0.5661587119102478, -2.994174003601074, 0.0; Actual Accelerations: 0.0, 0.0, 0.0, 0.0, 0.0, 0.0, 0.0; Commanded Angles: 3.141593, 0.0, -1.570796, 0.0, 0.0, 0.14328556228427425, 0.0; Commanded Speeds: 0.0, 0.0, 0.0, 0.0, 0.0, 2.319428572194879, 0.0; Commanded Accelerations: 0, 0, 0, 0, 0, 0, 0
124, 47664.876499, Actual Angles: 3.1415927410125732, 0.0, -1.5707963705062866, 0.0, 0.0, -0.04742399975657463, 0.0; Actual Speeds: 0.0, 0.0, 0.0, 0.0, 0.0, 2.319999933242798, 0.0; Actual Efforts: -0.0026305196806788445, -15.515664100646973, -12.163057327270508, -0.18296095728874207, -0.5661041140556335, -3.234776258468628, 0.0; Actual Accelerations: 0.0, 0.0, 0.0, 0.0, 0.0, 0.0, 0.0; Commanded Angles: 3.141593, 0.0, -1.570796, 0.0, 0.0, 0.23879200275299248, 0.0; Commanded Speeds: 0.0, 0.0, 0.0, 0.0, 0.0, 2.2999372367781863, 0.0; Commanded Accelerations: 0, 0, 0, 0, 0, 0, 0
125, 47664.909542, Actual Angles: 3.1415927410125732, 0.0, -1.5707963705062866, 0.0, 0.0, 0.0360959991812706, 0.0; Actual Speeds: 0.0, 0.0, 0.0, 0.0, 0.0, 2.319999933242798, 0.0; Actual Efforts: -0.0028186002746224403, -15.515359878540039, -12.162787437438965, -0.18281936645507812, -0.5660482048988342, -2.9135236740112305, 0.0; Actual Accelerations: 0.0, 0.0, 0.0, 0.0, 0.0, 0.0, 0.0; Commanded Angles: 3.141593, 0.0, -1.570796, 0.0, 0.0, 0.2863112548634731, 0.0; Commanded Speeds: 0.0, 0.0, 0.0, 0.0, 0.0, 2.286513379015447, 0.0; Commanded Accelerations: 0, 0, 0, 0, 0, 0, 0
126, 47664.942859, Actual Angles: 3.1415927410125732, 0.0, -1.5707963705062866, 0.0, 0.0, 0.10982400178909302, 0.0; Actual Speeds: 0.0, 0.0, 0.0, 0.0, 0.0, 2.303999900817871, 0.0; Actual Efforts: -0.0030456294771283865, -15.513578414916992, -12.161201477050781, -0.18309979140758514, -0.565720796585083, -2.785531997680664, 0.0; Actual Accelerations: 0.0, 0.0, 0.0, 0.0, 0.0, 0.0, 0.0; Commanded Angles: 3.141593, 0.0, -1.570796, 0.0, 0.0, 0.3799231212093064, 0.0; Commanded Speeds: 0.0, 0.0, 0.0, 0.0, 0.0, 2.252611358852087, 0.0; Commanded Accelerations: 0, 0, 0, 0, 0, 0, 0
127, 47664.976178, Actual Angles: 3.1415927410125732, 0.0, -1.5707963705062866, 0.0, 0.0, 0.18303999304771423, 0.0; Actual Speeds: 0.0, 0.0, 0.0, 0.0, 0.0, 2.303999900817871, 0.0; Actual Efforts: -0.0030594177078455687, -15.514690399169922, -12.162191390991211, -0.18274788558483124, -0.5659251809120178, -2.9593794345855713, 0.0; Actual Accelerations: 0.0, 0.0, 0.0, 0.0, 0.0, 0.0, 0.0; Commanded Angles: 3.141593, 0.0, -1.570796, 0.0, 0.0, 0.47370458121652037, 0.0; Commanded Speeds: 0.0, 0.0, 0.0, 0.0, 0.0, 2.2083322871570754, 0.0; Commanded Accelerations: 0, 0, 0, 0, 0, 1, 0
128, 47665.009529, Actual Angles: 3.1415927410125732, 0.0, -1.5707963705062866, 0.0, 0.0, 0.26447999477386475, 0.0; Actual Speeds: 0.0, 0.0, 0.0, 0.0, 0.0, 2.247999906539917, 0.0; Actual Efforts: -0.0029546497389674187, -15.512907028198242, -12.160605430603027, -0.18320605158805847, -0.5655975341796875, -3.225468635559082, 0.0; Actual Accelerations: 0.0, 0.0, 0.0, 0.0, 0.0, 0.0, 0.0; Commanded Angles: 3.141593, 0.0, -1.570796, 0.0, 0.0, 0.5202019245180914, 0.0; Commanded Speeds: 0.0, 0.0, 0.0, 0.0, 0.0, 2.1823617909106647, 0.0; Commanded Accelerations: 0, 0, 0, 0, 0, 1, 0
129, 47665.043441, Actual Angles: 3.1415927410125732, 0.0, -1.5707963705062866, 0.0, 0.0, 0.33558401465415955, 0.0; Actual Speeds: 0.0, 0.0, 0.0, 0.0, 0.0, 2.2160000801086426, 0.0; Actual Efforts: -0.0024588482920080423, -15.511235237121582, -12.159116744995117, -0.1837879717350006, -0.5652902126312256, -2.882986545562744, 0.0; Actual Accelerations: 0.0, 0.0, 0.0, 0.0, 0.0, 0.0, 0.0; Commanded Angles: 3.141593, 0.0, -1.570796, 0.0, 0.0, 0.6092841513535942, 0.0; Commanded Speeds: 0.0, 0.0, 0.0, 0.0, 0.0, 2.1247211951853293, 0.0; Commanded Accelerations: 0, 0, 0, 0, 0, 1, 0
130, 47665.077399, Actual Angles: 3.1415927410125732, 0.0, -1.5707963705062866, 0.0, 0.0, 0.41420799493789673, 0.0; Actual Speeds: 0.0, 0.0, 0.0, 0.0, 0.0, 2.1519999504089355, 0.0; Actual Efforts: -0.002187873236835003, -15.510904312133789, -12.158823013305664, -0.1840529888868332, -0.5652294158935547, -2.718813419342041, 0.0; Actual Accelerations: 0.0, 0.0, 0.0, 0.0, 0.0, 0.0, 0.0; Commanded Angles: 3.141593, 0.0, -1.570796, 0.0, 0.0, 0.6958688620379926, 0.0; Commanded Speeds: 0.0, 0.0, 0.0, 0.0, 0.0, 2.058059352405874, 0.0; Commanded Accelerations: 0, 0, 0, 0, 0, 1, 0
131, 47665.110896, Actual Angles: 3.1415927410125732, 0.0, -1.5707963705062866, 0.0, 0.0, 0.48262399435043335, 0.0; Actual Speeds: 0.0, 0.0, 0.0, 0.0, 0.0, 2.119999885559082, 0.0; Actual Efforts: -0.0019075263990089297, -15.510713577270508, -12.158653259277344, -0.18434478342533112, -0.565194308757782, -2.6746392250061035, 0.0; Actual Accelerations: 0.0, 0.0, 0.0, 0.0, 0.0, 0.0, 0.0; Commanded Angles: 3.141593, 0.0, -1.570796, 0.0, 0.0, 0.7383145281297455, 0.0; Commanded Speeds: 0.0, 0.0, 0.0, 0.0, 0.0, 2.021238624841664, 0.0; Commanded Accelerations: 0, 0, 0, 0, 0, 1, 0
132, 47665.144092, Actual Angles: 3.1415927410125732, 0.0, -1.5707963705062866, 0.0, 0.0, 0.54995197057724, 0.0; Actual Speeds: 0.0, 0.0, 0.0, 0.0, 0.0, 2.072000026702881, 0.0; Actual Efforts: -0.0016187457367777824, -15.510581016540527, -12.15853500366211, -0.18467967212200165, -0.5651699900627136, -2.671841621398926, 0.0; Actual Accelerations: 0.0, 0.0, 0.0, 0.0, 0.0, 0.0, 0.0; Commanded Angles: 3.141593, 0.0, -1.570796, 0.0, 0.0, 0.8202100478499238, 0.0; Commanded Speeds: 0.0, 0.0, 0.0, 0.0, 0.0, 1.94177133752245, 0.0; Commanded Accelerations: 0, 0, 0, 0, 0, 2, 0
133, 47665.178345, Actual Angles: 3.1415927410125732, 0.0, -1.5707963705062866, 0.0, 0.0, 0.6230400204658508, 0.0; Actual Speeds: 0.0, 0.0, 0.0, 0.0, 0.0, 2.0160000324249268, 0.0; Actual Efforts: -0.001287222607061267, -15.510478019714355, -12.158443450927734, -0.1851063221693039, -0.565151035785675, -3.039051055908203, 0.0; Actual Accelerations: 0.0, 0.0, 0.0, 0.0, 0.0, 0.0, 0.0; Commanded Angles: 3.141593, 0.0, -1.570796, 0.0, 0.0, 0.8605017884459235, 0.0; Commanded Speeds: 0.0, 0.0, 0.0, 0.0, 0.0, 1.8982588001788727, 0.0; Commanded Accelerations: 0, 0, 0, 0, 0, 2, 0
134, 47665.212223, Actual Angles: 3.1415927410125732, 0.0, -1.5707963705062866, 0.0, 0.0, 0.685696005821228, 0.0; Actual Speeds: 0.0, 0.0, 0.0, 0.0, 0.0, 1.9359999895095825, 0.0; Actual Efforts: -0.0009302483522333205, -15.51034927368164, -12.158329963684082, -0.18555904924869537, -0.5651274919509888, -3.0054244995117188, 0.0; Actual Accelerations: 0.0, 0.0, 0.0, 0.0, 0.0, 0.0, 0.0; Commanded Angles: 3.141593, 0.0, -1.570796, 0.0, 0.0, 0.9371815526040812, 0.0; Commanded Speeds: 0.0, 0.0, 0.0, 0.0, 0.0, 1.8064510128149776, 0.0; Commanded Accelerations: 0, 0, 0, 0, 0, 2, 0
135, 47665.245639, Actual Angles: 3.1415927410125732, 0.0, -1.5707963705062866, 0.0, 0.0, 0.7543039917945862, 0.0; Actual Speeds: 0.0, 0.0, 0.0, 0.0, 0.0, 1.840000033378601, 0.0; Actual Efforts: -0.0006091955001465976, -15.51038646697998, -12.15836238861084, -0.18605105578899384, -0.5651343464851379, -2.7730085849761963, 0.0; Actual Accelerations: 0.0, 0.0, 0.0, 0.0, 0.0, 0.0, 0.0; Commanded Angles: 3.141593, 0.0, -1.570796, 0.0, 0.0, 1.009647806606993, 0.0; Commanded Speeds: 0.0, 0.0, 0.0, 0.0, 0.0, 1.7073856385736994, 0.0; Commanded Accelerations: 0, 0, 0, 0, 0, 2, 0
136, 47665.278506, Actual Angles: 3.1415927410125732, 0.0, -1.5707963705062866, 0.0, 0.0, 0.8127359747886658, 0.0; Actual Speeds: 0.0, 0.0, 0.0, 0.0, 0.0, 1.8079999685287476, 0.0; Actual Efforts: -0.00026987219462171197, -15.510371208190918, -12.15834903717041, -0.1865510642528534, -0.5651314854621887, -2.833643674850464, 0.0; Actual Accelerations: 0.0, 0.0, 0.0, 0.0, 0.0, 0.0, 0.0; Commanded Angles: 3.141593, 0.0, -1.570796, 0.0, 0.0, 1.0444813613762878, 0.0; Commanded Speeds: 0.0, 0.0, 0.0, 0.0, 0.0, 1.6548766429346122, 0.0; Commanded Accelerations: 0, 0, 0, 0, 0, 2, 0
137, 47665.311989, Actual Angles: 3.1415927410125732, 0.0, -1.5707963705062866, 0.0, 0.0, 0.8685439825057983, 0.0; Actual Speeds: 0.0, 0.0, 0.0, 0.0, 0.0, 1.6959999799728394, 0.0; Actual Efforts: 7.705637835897505e-05, -15.510387420654297, -12.15836238861084, -0.18707408010959625, -0.5651343464851379, -2.587965250015259, 0.0; Actual Accelerations: 0.0, 0.0, 0.0, 0.0, 0.0, 0.0, 0.0; Commanded Angles: 3.141593, 0.0, -1.570796, 0.0, 0.0, 1.1104853741922245, 0.0; Commanded Speeds: 0.0, 0.0, 0.0, 0.0, 0.0, 1.54520624030807, 0.0; Commanded Accelerations: 0, 0, 0, 0, 0, 2, 0
138, 47665.346766, Actual Angles: 3.1415927410125732, 0.0, -1.5707963705062866, 0.0, 0.0, 0.9286080002784729, 0.0; Actual Speeds: 0.0, 0.0, 0.0, 0.0, 0.0, 1.6080000400543213, 0.0; Actual Efforts: -0.000501610862556845, -15.511251449584961, -12.15913200378418, -0.18722781538963318, -0.5652931332588196, -2.741180181503296, 0.0; Actual Accelerations: 0.0, 0.0, 0.0, 0.0, 0.0, 0.0, 0.0; Commanded Angles: 3.141593, 0.0, -1.570796, 0.0, 0.0, 1.1720457518934468, 0.0; Commanded Speeds: 0.0, 0.0, 0.0, 0.0, 0.0, 1.4286214384093658, 0.0; Commanded Accelerations: 0, 0, 0, 0, 0, 2, 0
139, 47665.379605, Actual Angles: 3.1415927410125732, 0.0, -1.5707963705062866, 0.0, 0.0, 0.9791679978370667, 0.0; Actual Speeds: 0.0, 0.0, 0.0, 0.0, 0.0, 1.5440000295639038, 0.0; Actual Efforts: -0.00017739878967404366, -15.51125431060791, -12.159133911132812, -0.1877797394990921, -0.5652936697006226, -2.7375197410583496, 0.0; Actual Accelerations: 0.0, 0.0, 0.0, 0.0, 0.0, 0.0, 0.0; Commanded Angles: 3.141593, 0.0, -1.570796, 0.0, 0.0, 1.2008878497470308, 0.0; Commanded Speeds: 0.0, 0.0, 0.0, 0.0, 0.0, 1.368243157345825, 0.0; Commanded Accelerations: 0, 0, 0, 0, 0, 2, 0
140, 47665.413070, Actual Angles: 3.1415927410125732, 0.0, -1.5707963705062866, 0.0, 0.0, 1.0327680110931396, 0.0; Actual Speeds: 0.0, 0.0, 0.0, 0.0, 0.0, 1.4639999866485596, 0.0; Actual Efforts: 0.0001020450727082789, -15.511348724365234, -12.159217834472656, -0.1883617341518402, -0.5653110146522522, -2.4800796508789062, 0.0; Actual Accelerations: 0.0, 0.0, 0.0, 0.0, 0.0, 0.0, 0.0; Commanded Angles: 3.141593, 0.0, -1.570796, 0.0, 0.0, 1.2554099210838423, 0.0; Commanded Speeds: 0.0, 0.0, 0.0, 0.0, 0.0, 1.2416315702239524, 0.0; Commanded Accelerations: 0, 0, 0, 0, 0, 3, 0
141, 47665.446723, Actual Angles: 3.1415927410125732, 0.0, -1.5707963705062866, 0.0, 0.0, 1.0771199464797974, 0.0; Actual Speeds: 0.0, 0.0, 0.0, 0.0, 0.0, 1.3519999980926514, 0.0; Actual Efforts: 0.000312819640384987, -15.511465072631836, -12.159321784973145, -0.18886429071426392, -0.5653324127197266, -2.563124895095825, 0.0; Actual Accelerations: 0.0, 0.0, 0.0, 0.0, 0.0, 0.0, 0.0; Commanded Angles: 3.141593, 0.0, -1.570796, 0.0, 0.0, 1.280678154035643, 0.0; Commanded Speeds: 0.0, 0.0, 0.0, 0.0, 0.0, 1.17623629145371, 0.0; Commanded Accelerations: 0, 0, 0, 0, 0, 3, 0
142, 47665.480088, Actual Angles: 3.1415927410125732, 0.0, -1.5707963705062866, 0.0, 0.0, 1.1182080507278442, 0.0; Actual Speeds: 0.0, 0.0, 0.0, 0.0, 0.0, 1.2239999771118164, 0.0; Actual Efforts: 0.0005922273849137127, -15.511545181274414, -12.159393310546875, -0.18939174711704254, -0.5653471350669861, -2.10715389251709, 0.0; Actual Accelerations: 0.0, 0.0, 0.0, 0.0, 0.0, 0.0, 0.0; Commanded Angles: 3.141593, 0.0, -1.570796, 0.0, 0.0, 1.3268149732990373, 0.0; Commanded Speeds: 0.0, 0.0, 0.0, 0.0, 0.0, 1.0424489963632015, 0.0; Commanded Accelerations: 0, 0, 0, 0, 0, 3, 0
143, 47665.513576, Actual Angles: 3.1415927410125732, 0.0, -1.5707963705062866, 0.0, 0.0, 1.160640001296997, 0.0; Actual Speeds: 0.0, 0.0, 0.0, 0.0, 0.0, 1.1200000047683716, 0.0; Actual Efforts: 0.0009309229208156466, -15.511642456054688, -12.159479141235352, -0.18997716903686523, -0.5653649568557739, -1.7349071502685547, 0.0; Actual Accelerations: 0.0, 0.0, 0.0, 0.0, 0.0, 0.0, 0.0; Commanded Angles: 3.141593, 0.0, -1.570796, 0.0, 0.0, 1.348101407866148, 0.0; Commanded Speeds: 0.0, 0.0, 0.0, 0.0, 0.0, 0.9727319731403444, 0.0; Commanded Accelerations: 0, 0, 0, 0, 0, 3, 0
144, 47665.547371, Actual Angles: 3.1415927410125732, 0.0, -1.5707963705062866, 0.0, 0.0, 1.1955840587615967, 0.0; Actual Speeds: 0.0, 0.0, 0.0, 0.0, 0.0, 1.055999994277954, 0.0; Actual Efforts: 0.001128125935792923, -15.511788368225098, -12.1596097946167, -0.19043700397014618, -0.5653918385505676, -1.9098451137542725, 0.0; Actual Accelerations: 0.0, 0.0, 0.0, 0.0, 0.0, 0.0, 0.0; Commanded Angles: 3.141593, 0.0, -1.570796, 0.0, 0.0, 1.3852633755468404, 0.0; Commanded Speeds: 0.0, 0.0, 0.0, 0.0, 0.0, 0.8340118480111754, 0.0; Commanded Accelerations: 0, 0, 0, 0, 0, 3, 0
145, 47665.580995, Actual Angles: 3.1415927410125732, 0.0, -1.5707963705062866, 0.0, 0.0, 1.2298879623413086, 0.0; Actual Speeds: 0.0, 0.0, 0.0, 0.0, 0.0, 0.8799999952316284, 0.0; Actual Efforts: 0.0004135541385039687, -15.51235294342041, -12.160112380981445, -0.1905294507741928, -0.5654956102371216, -1.8230080604553223, 0.0; Actual Accelerations: 0.0, 0.0, 0.0, 0.0, 0.0, 0.0, 0.0; Commanded Angles: 3.141593, 0.0, -1.570796, 0.0, 0.0, 1.4168100074472594, 0.0; Commanded Speeds: 0.0, 0.0, 0.0, 0.0, 0.0, 0.6909901810474592, 0.0; Commanded Accelerations: 0, 0, 0, 0, 0, 3, 0
146, 47665.614713, Actual Angles: 3.1415927410125732, 0.0, -1.5707963705062866, 0.0, 0.0, 1.2568320035934448, 0.0; Actual Speeds: 0.0, 0.0, 0.0, 0.0, 0.0, 0.800000011920929, 0.0; Actual Efforts: 0.0014531486667692661, -15.512106895446777, -12.159893035888672, -0.19130796194076538, -0.5654504299163818, -1.3945387601852417, 0.0; Actual Accelerations: 0.0, 0.0, 0.0, 0.0, 0.0, 0.0, 0.0; Commanded Angles: 3.141593, 0.0, -1.570796, 0.0, 0.0, 1.431003369129047, 0.0; Commanded Speeds: 0.0, 0.0, 0.0, 0.0, 0.0, 0.6146014693818551, 0.0; Commanded Accelerations: 0, 0, 0, 0, 0, 3, 0
147, 47665.648448, Actual Angles: 3.1415927410125732, 0.0, -1.5707963705062866, 0.0, 0.0, 1.2810239791870117, 0.0; Actual Speeds: 0.0, 0.0, 0.0, 0.0, 0.0, 0.7120000123977661, 0.0; Actual Efforts: 0.0009359361720271409, -15.512517929077148, -12.160258293151855, -0.19142867624759674, -0.5655258297920227, -1.4373672008514404, 0.0; Actual Accelerations: 0.0, 0.0, 0.0, 0.0, 0.0, -13.914803731222033, 0.0; Commanded Angles: 3.141593, 0.0, -1.570796, 0.0, 0.0, 1.4532911408524827, 0.0; Commanded Speeds: 0.0, 0.0, 0.0, 0.0, 0.0, 0.4681018329426614, 0.0; Commanded Accelerations: 0, 0, 0, 0, 0, 3, 0
148, 47665.681619, Actual Angles: 3.1415927410125732, 0.0, -1.5707963705062866, 0.0, 0.0, 1.3036479949951172, 0.0; Actual Speeds: 0.0, 0.0, 0.0, 0.0, 0.0, 0.5519999861717224, 0.0; Actual Efforts: 0.0009318619268015027, -15.512666702270508, -12.160390853881836, -0.19170543551445007, -0.5655531883239746, -1.1790540218353271, 0.0; Actual Accelerations: 0.0, 0.0, 0.0, 0.0, 0.0, 0.0, 0.0; Commanded Angles: 3.141593, 0.0, -1.570796, 0.0, 0.0, 1.4621900138454433, 0.0; Commanded Speeds: 0.0, 0.0, 0.0, 0.0, 0.0, 0.39383225715003833, 0.0; Commanded Accelerations: 0, 0, 0, 0, 0, 3, 0
149, 47665.716777, Actual Angles: 3.1415927410125732, 0.0, -1.5707963705062866, 0.0, 0.0, 1.3215359449386597, 0.0; Actual Speeds: 0.0, 0.0, 0.0, 0.0, 0.0, 0.4560000002384186, 0.0; Actual Efforts: 0.0011861321981996298, -15.512737274169922, -12.160453796386719, -0.19208592176437378, -0.5655661225318909, -1.2672967910766602, 0.0; Actual Accelerations: 0.0, 0.0, 0.0, 0.0, 0.0, 0.0, 0.0; Commanded Angles: 3.141593, 0.0, -1.570796, 0.0, 0.0, 1.4758589047085255, 0.0; Commanded Speeds: 0.0, 0.0, 0.0, 0.0, 0.0, 0.23667137406626246, 0.0; Commanded Accelerations: 0, 0, 0, 0, 0, 3, 0
150, 47665.749319, Actual Angles: 3.1415927410125732, 0.0, -1.5707963705062866, 0.0, 0.0, 1.3339519500732422, 0.0; Actual Speeds: 0.0, 0.0, 0.0, 0.0, 0.0, 0.328000009059906, 0.0; Actual Efforts: 0.0013465690426528454, -15.51281452178955, -12.1605224609375, -0.1923605352640152, -0.565580427646637, -1.3189936876296997, 0.0; Actual Accelerations: 0.0, 0.0, 0.0, 0.0, 0.0, 0.0, 0.0; Commanded Angles: 3.141593, 0.0, -1.570796, 0.0, 0.0, 1.4825139705792856, 0.0; Commanded Speeds: 0.0, 0.0, 0.0, 0.0, 0.0, 0.08622491504764986, 0.0; Commanded Accelerations: 0, 0, 0, 0, 0, 3, 0
151, 47665.784723, Actual Angles: 3.1415927410125732, 0.0, -1.5707963705062866, 0.0, 0.0, 1.342079997062683, 0.0; Actual Speeds: 0.0, 0.0, 0.0, 0.0, 0.0, 0.19200000166893005, 0.0; Actual Efforts: 0.0017857578350231051, -15.512816429138184, -12.160524368286133, -0.19273313879966736, -0.5655806660652161, -0.8269342184066772, 0.0; Actual Accelerations: 0.0, 0.0, 0.0, 0.0, 0.0, 0.0, 0.0; Commanded Angles: 3.141593, 0.0, -1.570796, 0.0, 0.0, 1.4835148675161767, 0.0; Commanded Speeds: 0.0, 0.0, 0.0, 0.0, 0.0, 0.01047802600142396, 0.0; Commanded Accelerations: 0, 0, 0, 0, 0, 3, 0
152, 47665.816438, Actual Angles: 3.1415927410125732, 0.0, -1.5707963705062866, 0.0, 0.0, 1.3462400436401367, 0.0; Actual Speeds: 0.0, 0.0, 0.0, 0.0, 0.0, 0.04800000041723251, 0.0; Actual Efforts: 0.0018821220146492124, -15.512882232666016, -12.160582542419434, -0.1929025650024414, -0.5655927062034607, -0.9879999160766602, 0.0; Actual Accelerations: 0.0, 0.0, 0.0, 0.0, 0.0, -23.904005155122174, 0.0; Commanded Angles: 3.141593, 0.0, -1.570796, 0.0, 0.0, 1.4807481455707006, 0.0; Commanded Speeds: 0.0, 0.0, 0.0, 0.0, 0.0, -0.14263823041114687, 0.0; Commanded Accelerations: 0, 0, 0, 0, 0, 3, 0
153, 47665.850142, Actual Angles: 3.1415927410125732, 0.0, -1.5707963705062866, 0.0, 0.0, 1.3466240167617798, 0.0; Actual Speeds: 0.0, 0.0, 0.0, 0.0, 0.0, -0.04800000041723251, 0.0; Actual Efforts: 0.0019514994928613305, -15.512933731079102, -12.160628318786621, -0.1930200159549713, -0.56560218334198, -0.7835431098937988, 0.0; Actual Accelerations: 0.0, 0.0, 0.0, 0.0, 0.0, 0.0, 0.0; Commanded Angles: 3.141593, 0.0, -1.570796, 0.0, 0.0, 1.4716381134385212, 0.0; Commanded Speeds: 0.0, 0.0, 0.0, 0.0, 0.0, -0.29446512205249886, 0.0; Commanded Accelerations: 0, 0, 0, 0, 0, 3, 0
154, 47665.883268, Actual Angles: 3.1415927410125732, 0.0, -1.5707963705062866, 0.0, 0.0, 1.3434879779815674, 0.0; Actual Speeds: 0.0, 0.0, 0.0, 0.0, 0.0, -0.14399999380111694, 0.0; Actual Efforts: 0.0019608165603131056, -15.512975692749023, -12.160666465759277, -0.19307254254817963, -0.5656100511550903, -0.4551375210285187, 0.0; Actual Accelerations: 0.0, 0.0, 0.0, 0.0, 0.0, 0.0, 0.0; Commanded Angles: 3.141593, 0.0, -1.570796, 0.0, 0.0, 1.4644198818031218, 0.0; Commanded Speeds: 0.0, 0.0, 0.0, 0.0, 0.0, -0.3728293196659921, 0.0; Commanded Accelerations: 0, 0, 0, 0, 0, 3, 0
155, 47665.917241, Actual Angles: 3.1415927410125732, 0.0, -1.5707963705062866, 0.0, 0.0, 1.3350399732589722, 0.0; Actual Speeds: 0.0, 0.0, 0.0, 0.0, 0.0, -0.30399999022483826, 0.0; Actual Efforts: 0.0018417414976283908, -15.513025283813477, -12.160710334777832, -0.19303570687770844, -0.5656190514564514, -1.451088547706604, 0.0; Actual Accelerations: 0.0, 0.0, 0.0, 0.0, 0.0, 0.0, 0.0; Commanded Angles: 3.141593, 0.0, -1.570796, 0.0, 0.0, 1.4459290583333069, 0.0; Commanded Speeds: 0.0, 0.0, 0.0, 0.0, 0.0, -0.5213293308762256, 0.0; Commanded Accelerations: 0, 0, 0, 0, 0, 3, 0
156, 47665.952707, Actual Angles: 3.1415927410125732, 0.0, -1.5707963705062866, 0.0, 0.0, 1.3238400220870972, 0.0; Actual Speeds: 0.0, 0.0, 0.0, 0.0, 0.0, -0.42399999499320984, 0.0; Actual Efforts: 0.0018275465117767453, -15.513023376464844, -12.1607084274292, -0.19299593567848206, -0.5656186938285828, 0.050841253250837326, 0.0; Actual Accelerations: 0.0, 0.0, 0.0, 0.0, 0.0, 0.0, 0.0; Commanded Angles: 3.141593, 0.0, -1.570796, 0.0, 0.0, 1.4204727784736244, 0.0; Commanded Speeds: 0.0, 0.0, 0.0, 0.0, 0.0, -0.6721796005942611, 0.0; Commanded Accelerations: 0, 0, 0, 0, 0, 3, 0
157, 47665.984696, Actual Angles: 3.1415927410125732, 0.0, -1.5707963705062866, 0.0, 0.0, 1.309056043624878, 0.0; Actual Speeds: 0.0, 0.0, 0.0, 0.0, 0.0, -0.5199999809265137, 0.0; Actual Efforts: 0.002059370279312134, -15.51293659210205, -12.16063117980957, -0.19301502406597137, -0.5656028389930725, 0.012951268814504147, 0.0; Actual Accelerations: 0.0, 0.0, 0.0, 0.0, 0.0, 0.0, 0.0; Commanded Angles: 3.141593, 0.0, -1.570796, 0.0, 0.0, 1.405670643730581, 0.0; Commanded Speeds: 0.0, 0.0, 0.0, 0.0, 0.0, -0.7450128163140592, 0.0; Commanded Accelerations: 0, 0, 0, 0, 0, 3, 0
158, 47666.017658, Actual Angles: 3.1415927410125732, 0.0, -1.5707963705062866, 0.0, 0.0, 1.2886719703674316, 0.0; Actual Speeds: 0.0, 0.0, 0.0, 0.0, 0.0, -0.6320000290870667, 0.0; Actual Efforts: 0.001814365154132247, -15.512943267822266, -12.160636901855469, -0.19279778003692627, -0.5656040906906128, 0.27202528715133667, 0.0; Actual Accelerations: 0.0, 0.0, 0.0, 0.0, 0.0, 0.0, 0.0; Commanded Angles: 3.141593, 0.0, -1.570796, 0.0, 0.0, 1.389543378218652, 0.0; Commanded Speeds: 0.0, 0.0, 0.0, 0.0, 0.0, -0.8162551453036728, 0.0; Commanded Accelerations: 0, 0, 0, 0, 0, 3, 0
159, 47666.052151, Actual Angles: 3.1415927410125732, 0.0, -1.5707963705062866, 0.0, 0.0, 1.2655680179595947, 0.0; Actual Speeds: 0.0, 0.0, 0.0, 0.0, 0.0, -0.7440000176429749, 0.0; Actual Efforts: 0.0016037775203585625, -15.51292896270752, -12.160623550415039, -0.1925581991672516, -0.5656012892723083, 0.09912341833114624, 0.0; Actual Accelerations: 0.0, 0.0, 0.0, 0.0, 0.0, 0.0, 0.0; Commanded Angles: 3.141593, 0.0, -1.570796, 0.0, 0.0, 1.3523328286959733, 0.0; Commanded Speeds: 0.0, 0.0, 0.0, 0.0, 0.0, -0.9581301082648209, 0.0; Commanded Accelerations: 0, 0, 0, 0, 0, 3, 0
160, 47666.084886, Actual Angles: 3.1415927410125732, 0.0, -1.5707963705062866, 0.0, 0.0, 1.2366080284118652, 0.0; Actual Speeds: 0.0, 0.0, 0.0, 0.0, 0.0, -0.871999979019165, 0.0; Actual Efforts: 0.00159119488671422, -15.512826919555664, -12.16053295135498, -0.19233664870262146, -0.5655825734138489, 0.5341659188270569, 0.0; Actual Accelerations: 0.0, 0.0, 0.0, 0.0, 0.0, 0.0, 0.0; Commanded Angles: 3.141593, 0.0, -1.570796, 0.0, 0.0, 1.3100645225315992, 0.0; Commanded Speeds: 0.0, 0.0, 0.0, 0.0, 0.0, -1.0934726115706974, 0.0; Commanded Accelerations: 0, 0, 0, 0, 0, 3, 0
161, 47666.118873, Actual Angles: 3.1415927410125732, 0.0, -1.5707963705062866, 0.0, 0.0, 1.2060799598693848, 0.0; Actual Speeds: 0.0, 0.0, 0.0, 0.0, 0.0, -1.0160000324249268, 0.0; Actual Efforts: 0.0013758550630882382, -15.512781143188477, -12.160491943359375, -0.19201765954494476, -0.5655741691589355, 0.5809537172317505, 0.0; Actual Accelerations: 0.0, 0.0, 0.0, 0.0, 0.0, 0.0, 0.0; Commanded Angles: 3.141593, 0.0, -1.570796, 0.0, 0.0, 1.2868278013405368, 0.0; Commanded Speeds: 0.0, 0.0, 0.0, 0.0, 0.0, -1.1595574093211247, 0.0; Commanded Accelerations: 0, 0, 0, 0, 0, 3, 0
162, 47666.152715, Actual Angles: 3.1415927410125732, 0.0, -1.5707963705062866, 0.0, 0.0, 1.172544002532959, 0.0; Actual Speeds: 0.0, 0.0, 0.0, 0.0, 0.0, -1.1039999723434448, 0.0; Actual Efforts: 0.0018336388748139143, -15.512450218200684, -12.160198211669922, -0.19190311431884766, -0.5655133724212646, 0.7872985005378723, 0.0; Actual Accelerations: 0.0, 0.0, 0.0, 0.0, 0.0, 0.0, 0.0; Commanded Angles: 3.141593, 0.0, -1.570796, 0.0, 0.0, 1.2338434428031422, 0.0; Commanded Speeds: 0.0, 0.0, 0.0, 0.0, 0.0, -1.2938740179748018, 0.0; Commanded Accelerations: 0, 0, 0, 0, 0, 3, 0
163, 47666.185621, Actual Angles: 3.1415927410125732, 0.0, -1.5707963705062866, 0.0, 0.0, 1.1311359405517578, 0.0; Actual Speeds: 0.0, 0.0, 0.0, 0.0, 0.0, -1.215999960899353, 0.0; Actual Efforts: 0.0016524861566722393, -15.512343406677246, -12.160102844238281, -0.19152940809726715, -0.5654937028884888, 0.7864366173744202, 0.0; Actual Accelerations: 0.0, 0.0, 0.0, 0.0, 0.0, 0.0, 0.0; Commanded Angles: 3.141593, 0.0, -1.570796, 0.0, 0.0, 1.1776747993635344, 0.0; Commanded Speeds: 0.0, 0.0, 0.0, 0.0, 0.0, -1.4171533680108936, 0.0; Commanded Accelerations: 0, 0, 0, 0, 0, 2, 0
164, 47666.219672, Actual Angles: 3.1415927410125732, 0.0, -1.5707963705062866, 0.0, 0.0, 1.0906239748001099, 0.0; Actual Speeds: 0.0, 0.0, 0.0, 0.0, 0.0, -1.312000036239624, 0.0; Actual Efforts: 0.0015537560684606433, -15.512191772460938, -12.159968376159668, -0.1911621242761612, -0.5654659271240234, 1.1839065551757812, 0.0; Actual Accelerations: 0.0, 0.0, 0.0, 0.0, 0.0, 0.0, 0.0; Commanded Angles: 3.141593, 0.0, -1.570796, 0.0, 0.0, 1.146686644831, 0.0; Commanded Speeds: 0.0, 0.0, 0.0, 0.0, 0.0, -1.4785279248885372, 0.0; Commanded Accelerations: 0, 0, 0, 0, 0, 2, 0
165, 47666.253081, Actual Angles: 3.1415927410125732, 0.0, -1.5707963705062866, 0.0, 0.0, 1.0408320426940918, 0.0; Actual Speeds: 0.0, 0.0, 0.0, 0.0, 0.0, -1.440000057220459, 0.0; Actual Efforts: 0.0014610311482101679, -15.51198959350586, -12.159788131713867, -0.1907295286655426, -0.5654287934303284, 1.327871322631836, 0.0; Actual Accelerations: 0.0, 0.0, 0.0, 0.0, 0.0, 0.0, 0.0; Commanded Angles: 3.141593, 0.0, -1.570796, 0.0, 0.0, 1.0825258441696868, 0.0; Commanded Speeds: 0.0, 0.0, 0.0, 0.0, 0.0, -1.5934090537887353, 0.0; Commanded Accelerations: 0, 0, 0, 0, 0, 2, 0
166, 47666.287053, Actual Angles: 3.1415927410125732, 0.0, -1.5707963705062866, 0.0, 0.0, 0.9939200282096863, 0.0; Actual Speeds: 0.0, 0.0, 0.0, 0.0, 0.0, -1.472000002861023, 0.0; Actual Efforts: 0.001293392851948738, -15.511832237243652, -12.159647941589355, -0.19028371572494507, -0.5653998255729675, 1.348513126373291, 0.0; Actual Accelerations: 0.0, 0.0, 0.0, 0.0, 0.0, 0.0, 0.0; Commanded Angles: 3.141593, 0.0, -1.570796, 0.0, 0.0, 1.0113899816844694, 0.0; Commanded Speeds: 0.0, 0.0, 0.0, 0.0, 0.0, -1.7048395805542675, 0.0; Commanded Accelerations: 0, 0, 0, 0, 0, 2, 0
167, 47666.320264, Actual Angles: 3.1415927410125732, 0.0, -1.5707963705062866, 0.0, 0.0, 0.944383978843689, 0.0; Actual Speeds: 0.0, 0.0, 0.0, 0.0, 0.0, -1.6160000562667847, 0.0; Actual Efforts: 0.0010115569457411766, -15.511736869812012, -12.159564018249512, -0.1897711306810379, -0.5653823614120483, 1.6565700769424438, 0.0; Actual Accelerations: 0.0, 0.0, 0.0, 0.0, 0.0, 0.0, 0.0; Commanded Angles: 3.141593, 0.0, -1.570796, 0.0, 0.0, 0.9756508191314914, 0.0; Commanded Speeds: 0.0, 0.0, 0.0, 0.0, 0.0, -1.7554774035377456, 0.0; Commanded Accelerations: 0, 0, 0, 0, 0, 2, 0
168, 47666.354112, Actual Angles: 3.1415927410125732, 0.0, -1.5707963705062866, 0.0, 0.0, 0.8852159976959229, 0.0; Actual Speeds: 0.0, 0.0, 0.0, 0.0, 0.0, -1.656000018119812, 0.0; Actual Efforts: 0.0007527784910053015, -15.511610984802246, -12.159451484680176, -0.18920667469501495, -0.5653591752052307, 1.6999648809432983, 0.0; Actual Accelerations: 0.0, 0.0, 0.0, 0.0, 0.0, 0.0, 0.0; Commanded Angles: 3.141593, 0.0, -1.570796, 0.0, 0.0, 0.9003908968271152, 0.0; Commanded Speeds: 0.0, 0.0, 0.0, 0.0, 0.0, -1.8520462023296342, 0.0; Commanded Accelerations: 0, 0, 0, 0, 0, 2, 0
169, 47666.387355, Actual Angles: 3.1415927410125732, 0.0, -1.5707963705062866, 0.0, 0.0, 0.8298559784889221, 0.0; Actual Speeds: 0.0, 0.0, 0.0, 0.0, 0.0, -1.7519999742507935, 0.0; Actual Efforts: 0.0005434233462437987, -15.51147747039795, -12.159332275390625, -0.18870536983013153, -0.5653346180915833, 1.9526063203811646, 0.0; Actual Accelerations: 0.0, 0.0, 0.0, 0.0, 0.0, 0.0, 0.0; Commanded Angles: 3.141593, 0.0, -1.570796, 0.0, 0.0, 0.8617707417531912, 0.0; Commanded Speeds: 0.0, 0.0, 0.0, 0.0, 0.0, -1.8968378971998299, 0.0; Commanded Accelerations: 0, 0, 0, 0, 0, 2, 0
170, 47666.421306, Actual Angles: 3.1415927410125732, 0.0, -1.5707963705062866, 0.0, 0.0, 0.7645440101623535, 0.0; Actual Speeds: 0.0, 0.0, 0.0, 0.0, 0.0, -1.8639999628067017, 0.0; Actual Efforts: 0.0009306143620051444, -15.510826110839844, -12.158753395080566, -0.1884399950504303, -0.5652150511741638, 1.959324598312378, 0.0; Actual Accelerations: 0.0, 0.0, 0.0, 0.0, 0.0, 0.0, 0.0; Commanded Angles: 3.141593, 0.0, -1.570796, 0.0, 0.0, 0.7818148542348331, 0.0; Commanded Speeds: 0.0, 0.0, 0.0, 0.0, 0.0, -1.9804660834752459, 0.0; Commanded Accelerations: 0, 0, 0, 0, 0, 1, 0
171, 47666.454828, Actual Angles: 3.1415927410125732, 0.0, -1.5707963705062866, 0.0, 0.0, 0.703935980796814, 0.0; Actual Speeds: 0.0, 0.0, 0.0, 0.0, 0.0, -1.944000005722046, 0.0; Actual Efforts: 1.0170323548663873e-05, -15.511275291442871, -12.15915298461914, -0.1875990927219391, -0.5652974843978882, 2.1794838905334473, 0.0; Actual Accelerations: 0.0, 0.0, 0.0, 0.0, 0.0, 0.0, 0.0; Commanded Angles: 3.141593, 0.0, -1.570796, 0.0, 0.0, 0.6979718850829258, 0.0; Commanded Speeds: 0.0, 0.0, 0.0, 0.0, 0.0, -2.056301450778069, 0.0; Commanded Accelerations: 0, 0, 0, 0, 0, 1, 0
172, 47666.488592, Actual Angles: 3.1415927410125732, 0.0, -1.5707963705062866, 0.0, 0.0, 0.6419839859008789, 0.0; Actual Speeds: 0.0, 0.0, 0.0, 0.0, 0.0, -1.968000054359436, 0.0; Actual Efforts: 0.0004117426578886807, -15.51046085357666, -12.158428192138672, -0.18738138675689697, -0.565147876739502, 2.3482470512390137, 0.0; Actual Accelerations: 0.0, 0.0, 0.0, 0.0, 0.0, -64.35226506876066, 0.0; Commanded Angles: 3.141593, 0.0, -1.570796, 0.0, 0.0, 0.6530686338174623, 0.0; Commanded Speeds: 0.0, 0.0, 0.0, 0.0, 0.0, -2.092382204019772, 0.0; Commanded Accelerations: 0, 0, 0, 0, 0, 1, 0
173, 47666.521666, Actual Angles: 3.1415927410125732, 0.0, -1.5707963705062866, 0.0, 0.0, 0.5689600110054016, 0.0; Actual Speeds: 0.0, 0.0, 0.0, 0.0, 0.0, -2.0480000972747803, 0.0; Actual Efforts: 6.763092096662149e-05, -15.510404586791992, -12.158378601074219, -0.18685297667980194, -0.5651376247406006, 2.453382730484009, 0.0; Actual Accelerations: 0.0, 0.0, 0.0, 0.0, 0.0, 0.0, 0.0; Commanded Angles: 3.141593, 0.0, -1.570796, 0.0, 0.0, 0.5641057844145877, 0.0; Commanded Speeds: 0.0, 0.0, 0.0, 0.0, 0.0, -2.155282262785941, 0.0; Commanded Accelerations: 0, 0, 0, 0, 0, 1, 0
174, 47666.554995, Actual Angles: 3.1415927410125732, 0.0, -1.5707963705062866, 0.0, 0.0, 0.5022079944610596, 0.0; Actual Speeds: 0.0, 0.0, 0.0, 0.0, 0.0, -2.0959999561309814, 0.0; Actual Efforts: -0.0002309056289959699, -15.510306358337402, -12.15829086303711, -0.18637095391750336, -0.5651194453239441, 2.5331757068634033, 0.0; Actual Accelerations: 0.0, 0.0, 0.0, 0.0, 0.0, 0.0, 0.0; Commanded Angles: 3.141593, 0.0, -1.570796, 0.0, 0.0, 0.5158845179957265, 0.0; Commanded Speeds: 0.0, 0.0, 0.0, 0.0, 0.0, -2.1848890545592172, 0.0; Commanded Accelerations: 0, 0, 0, 0, 0, 1, 0
175, 47666.589111, Actual Angles: 3.1415927410125732, 0.0, -1.5707963705062866, 0.0, 0.0, 0.42585599422454834, 0.0; Actual Speeds: 0.0, 0.0, 0.0, 0.0, 0.0, -2.1440000534057617, 0.0; Actual Efforts: -0.0006514982669614255, -15.51034927368164, -12.158329010009766, -0.1858108639717102, -0.5651274919509888, 2.5629985332489014, 0.0; Actual Accelerations: 0.0, 0.0, 0.0, 0.0, 0.0, 0.0, 0.0; Commanded Angles: 3.141593, 0.0, -1.570796, 0.0, 0.0, 0.4241377538417412, 0.0; Commanded Speeds: 0.0, 0.0, 0.0, 0.0, 0.0, -2.2330559163071597, 0.0; Commanded Accelerations: 0, 0, 0, 0, 0, 1, 0
176, 47666.622714, Actual Angles: 3.1415927410125732, 0.0, -1.5707963705062866, 0.0, 0.0, 0.356224000453949, 0.0; Actual Speeds: 0.0, 0.0, 0.0, 0.0, 0.0, -2.2079999446868896, 0.0; Actual Efforts: -0.000998576288111508, -15.510395050048828, -12.158370018005371, -0.18535694479942322, -0.5651358962059021, 2.5908546447753906, 0.0; Actual Accelerations: 0.0, 0.0, 0.0, 0.0, 0.0, 0.0, 0.0; Commanded Angles: 3.141593, 0.0, -1.570796, 0.0, 0.0, 0.3776737851774388, 0.0; Commanded Speeds: 0.0, 0.0, 0.0, 0.0, 0.0, -2.2535444543247207, 0.0; Commanded Accelerations: 0, 0, 0, 0, 0, 0, 0
177, 47666.656936, Actual Angles: 3.1415927410125732, 0.0, -1.5707963705062866, 0.0, 0.0, 0.2761920094490051, 0.0; Actual Speeds: 0.0, 0.0, 0.0, 0.0, 0.0, -2.2320001125335693, 0.0; Actual Efforts: -0.001937159220688045, -15.511713027954102, -12.159542083740234, -0.18446901440620422, -0.5653780102729797, 2.567491292953491, 0.0; Actual Accelerations: 0.0, 0.0, 0.0, 0.0, 0.0, 0.0, 0.0; Commanded Angles: 3.141593, 0.0, -1.570796, 0.0, 0.0, 0.2840146936699149, 0.0; Commanded Speeds: 0.0, 0.0, 0.0, 0.0, 0.0, -2.287219973211428, 0.0; Commanded Accelerations: 0, 0, 0, 0, 0, 0, 0
178, 47666.689503, Actual Angles: 3.1415927410125732, 0.0, -1.5707963705062866, 0.0, 0.0, 0.20393599569797516, 0.0; Actual Speeds: 0.0, 0.0, 0.0, 0.0, 0.0, -2.2639999389648438, 0.0; Actual Efforts: -0.002163264900445938, -15.511801719665527, -12.159621238708496, -0.18413354456424713, -0.565394401550293, 2.970120906829834, 0.0; Actual Accelerations: 0.0, 0.0, 0.0, 0.0, 0.0, 0.0, 0.0; Commanded Angles: 3.141593, 0.0, -1.570796, 0.0, 0.0, 0.18891717104194178, 0.0; Commanded Speeds: 0.0, 0.0, 0.0, 0.0, 0.0, -2.31135148853623, 0.0; Commanded Accelerations: 0, 0, 0, 0, 0, 0, 0
179, 47666.723715, Actual Angles: 3.1415927410125732, 0.0, -1.5707963705062866, 0.0, 0.0, 0.13078400492668152, 0.0; Actual Speeds: 0.0, 0.0, 0.0, 0.0, 0.0, -2.2960000038146973, 0.0; Actual Efforts: -0.002016774145886302, -15.510724067687988, -12.158662796020508, -0.18421603739261627, -0.5651963353157043, 2.998865842819214, 0.0; Actual Accelerations: 0.0, 0.0, 0.0, 0.0, 0.0, 0.0, 0.0; Commanded Angles: 3.141593, 0.0, -1.570796, 0.0, 0.0, 0.14106890702111416, 0.0; Commanded Speeds: 0.0, 0.0, 0.0, 0.0, 0.0, -2.319763812005195, 0.0; Commanded Accelerations: 0, 0, 0, 0, 0, 0, 0
180, 47666.757384, Actual Angles: 3.1415927410125732, 0.0, -1.5707963705062866, 0.0, 0.0, 0.047680001705884933, 0.0; Actual Speeds: 0.0, 0.0, 0.0, 0.0, 0.0, -2.328000068664551, 0.0; Actual Efforts: -0.002637593075633049, -15.512311935424805, -12.160076141357422, -0.18352575600147247, -0.5654882192611694, 3.226151943206787, 0.0; Actual Accelerations: 0.0, 0.0, 0.0, 0.0, 0.0, 0.0, 0.0; Commanded Angles: 3.141593, 0.0, -1.570796, 0.0, 0.0, 0.045736664081522195, 0.0; Commanded Speeds: 0.0, 0.0, 0.0, 0.0, 0.0, -2.329215552097532, 0.0; Commanded Accelerations: 0, 0, 0, 0, 0, 0, 0
181, 47666.791009, Actual Angles: 3.1415927410125732, 0.0, -1.5707963705062866, 0.0, 0.0, -0.026559999212622643, 0.0; Actual Speeds: 0.0, 0.0, 0.0, 0.0, 0.0, -2.328000068664551, 0.0; Actual Efforts: -0.0028023887425661087, -15.512585639953613, -12.160319328308105, -0.18333572149276733, -0.5655384063720703, 2.96649432182312, 0.0; Actual Accelerations: 0.0, 0.0, 0.0, 0.0, 0.0, 0.0, 0.0; Commanded Angles: 3.141593, 0.0, -1.570796, 0.0, 0.0, -0.05054127980281977, 0.0; Commanded Speeds: 0.0, 0.0, 0.0, 0.0, 0.0, -2.3289705282327833, 0.0; Commanded Accelerations: 0, 0, 0, 0, 0, 0, 0
182, 47666.824369, Actual Angles: 3.1415927410125732, 0.0, -1.5707963705062866, 0.0, 0.0, -0.10105600208044052, 0.0; Actual Speeds: 0.0, 0.0, 0.0, 0.0, 0.0, -2.3359999656677246, 0.0; Actual Efforts: -0.002884962595999241, -15.514371871948242, -12.161908149719238, -0.18284547328948975, -0.5658666491508484, 2.764376401901245, 0.0; Actual Accelerations: 0.0, 0.0, 0.0, 0.0, 0.0, -18.792511480593, 0.0; Commanded Angles: 3.141593, 0.0, -1.570796, 0.0, 0.0, -0.09923602671025007, 0.0; Commanded Speeds: 0.0, 0.0, 0.0, 0.0, 0.0, -2.3251038809195714, 0.0; Commanded Accelerations: 0, 0, 0, 0, 0, 0, 0
183, 47666.857638, Actual Angles: 3.1415927410125732, 0.0, -1.5707963705062866, 0.0, 0.0, -0.18502399325370789, 0.0; Actual Speeds: 0.0, 0.0, 0.0, 0.0, 0.0, -2.3359999656677246, 0.0; Actual Efforts: -0.002848597476258874, -15.514687538146973, -12.162188529968262, -0.18281030654907227, -0.5659246444702148, 2.9933507442474365, 0.0; Actual Accelerations: 0.0, 0.0, 0.0, 0.0, 0.0, 0.0, 0.0; Commanded Angles: 3.141593, 0.0, -1.570796, 0.0, 0.0, -0.19499524389559328, 0.0; Commanded Speeds: 0.0, 0.0, 0.0, 0.0, 0.0, -2.3101056582579385, 0.0; Commanded Accelerations: 0, 0, 0, 0, 0, 0, 0
184, 47666.891674, Actual Angles: 3.1415927410125732, 0.0, -1.5707963705062866, 0.0, 0.0, -0.25945600867271423, 0.0; Actual Speeds: 0.0, 0.0, 0.0, 0.0, 0.0, -2.319999933242798, 0.0; Actual Efforts: -0.0027644711080938578, -15.515016555786133, -12.162482261657715, -0.18284082412719727, -0.5659852027893066, 3.088118314743042, 0.0; Actual Accelerations: 0.0, 0.0, 0.0, 0.0, 0.0, 0.0, 0.0; Commanded Angles: 3.141593, 0.0, -1.570796, 0.0, 0.0, -0.24288322353818162, 0.0; Commanded Speeds: 0.0, 0.0, 0.0, 0.0, 0.0, -2.298879930435906, 0.0; Commanded Accelerations: 0, 0, 0, 0, 0, 0, 0
185, 47666.925874, Actual Angles: 3.1415927410125732, 0.0, -1.5707963705062866, 0.0, 0.0, -0.34272000193595886, 0.0; Actual Speeds: 0.0, 0.0, 0.0, 0.0, 0.0, -2.303999900817871, 0.0; Actual Efforts: -0.0026303099002689123, -15.515305519104004, -12.162738800048828, -0.1829729676246643, -0.5660382509231567, 2.9861276149749756, 0.0; Actual Accelerations: 0.0, 0.0, 0.0, 0.0, 0.0, 0.0, 0.0; Commanded Angles: 3.141593, 0.0, -1.570796, 0.0, 0.0, -0.3378107544487802, 0.0; Commanded Speeds: 0.0, 0.0, 0.0, 0.0, 0.0, -2.269104734782449, 0.0; Commanded Accelerations: 0, 0, 0, 0, 0, 0, 0
186, 47666.959798, Actual Angles: 3.1415927410125732, 0.0, -1.5707963705062866, 0.0, 0.0, -0.4161919951438904, 0.0; Actual Speeds: 0.0, 0.0, 0.0, 0.0, 0.0, -2.2880001068115234, 0.0; Actual Efforts: -0.0024525343906134367, -15.515619277954102, -12.163018226623535, -0.18314671516418457, -0.5660958886146545, 2.7979366779327393, 0.0; Actual Accelerations: 0.0, 0.0, 0.0, 0.0, 0.0, 0.0, 0.0; Commanded Angles: 3.141593, 0.0, -1.570796, 0.0, 0.0, -0.4314611685936222, 0.0; Commanded Speeds: 0.0, 0.0, 0.0, 0.0, 0.0, -2.2295914923058606, 0.0; Commanded Accelerations: 0, 0, 0, 0, 0, -1, 0
187, 47666.992273, Actual Angles: 3.1415927410125732, 0.0, -1.5707963705062866, 0.0, 0.0, -0.48895999789237976, 0.0; Actual Speeds: 0.0, 0.0, 0.0, 0.0, 0.0, -2.25600004196167, 0.0; Actual Efforts: -0.002217490691691637, -15.515932083129883, -12.16329574584961, -0.18338264524936676, -0.566153347492218, 2.894929885864258, 0.0; Actual Accelerations: 0.0, 0.0, 0.0, 0.0, 0.0, 0.0, 0.0; Commanded Angles: 3.141593, 0.0, -1.570796, 0.0, 0.0, -0.47713778996960565, 0.0; Commanded Speeds: 0.0, 0.0, 0.0, 0.0, 0.0, -2.2065078306648234, 0.0; Commanded Accelerations: 0, 0, 0, 0, 0, -1, 0
188, 47667.025475, Actual Angles: 3.1415927410125732, 0.0, -1.5707963705062866, 0.0, 0.0, -0.5696319937705994, 0.0; Actual Speeds: 0.0, 0.0, 0.0, 0.0, 0.0, -2.2320001125335693, 0.0; Actual Efforts: -0.001930926344357431, -15.516173362731934, -12.163511276245117, -0.18373627960681915, -0.5661978125572205, 3.2577433586120605, 0.0; Actual Accelerations: 0.0, 0.0, 0.0, 0.0, 0.0, 0.0, 0.0; Commanded Angles: 3.141593, 0.0, -1.570796, 0.0, 0.0, -0.5672100036642962, 0.0; Commanded Speeds: 0.0, 0.0, 0.0, 0.0, 0.0, -2.15327111255917, 0.0; Commanded Accelerations: 0, 0, 0, 0, 0, -1, 0
189, 47667.059150, Actual Angles: 3.1415927410125732, 0.0, -1.5707963705062866, 0.0, 0.0, -0.6403520107269287, 0.0; Actual Speeds: 0.0, 0.0, 0.0, 0.0, 0.0, -2.200000047683716, 0.0; Actual Efforts: -0.002418612129986286, -15.515145301818848, -12.162596702575684, -0.184365913271904, -0.5660089254379272, 3.2690842151641846, 0.0; Actual Accelerations: 0.0, 0.0, 0.0, 0.0, 0.0, 0.0, 0.0; Commanded Angles: 3.141593, 0.0, -1.570796, 0.0, 0.0, -0.6120294079321685, 0.0; Commanded Speeds: 0.0, 0.0, 0.0, 0.0, 0.0, -2.12277351777693, 0.0; Commanded Accelerations: 0, 0, 0, 0, 0, -1, 0
190, 47667.092891, Actual Angles: 3.1415927410125732, 0.0, -1.5707963705062866, 0.0, 0.0, -0.7185279726982117, 0.0; Actual Speeds: 0.0, 0.0, 0.0, 0.0, 0.0, -2.1519999504089355, 0.0; Actual Efforts: -0.002178862690925598, -15.515351295471191, -12.162778854370117, -0.18483878672122955, -0.5660466551780701, 2.95703125, 0.0; Actual Accelerations: 0.0, 0.0, 0.0, 0.0, 0.0, 0.0, 0.0; Commanded Angles: 3.141593, 0.0, -1.570796, 0.0, 0.0, -0.6993684090952804, 0.0; Commanded Speeds: 0.0, 0.0, 0.0, 0.0, 0.0, -2.0551303419509948, 0.0; Commanded Accelerations: 0, 0, 0, 0, 0, -1, 0
191, 47667.126147, Actual Angles: 3.1415927410125732, 0.0, -1.5707963705062866, 0.0, 0.0, -0.7864959836006165, 0.0; Actual Speeds: 0.0, 0.0, 0.0, 0.0, 0.0, -2.1040000915527344, 0.0; Actual Efforts: -0.0019364911131560802, -15.515514373779297, -12.162924766540527, -0.18530718982219696, -0.5660766363143921, 2.8960773944854736, 0.0; Actual Accelerations: 0.0, 0.0, 0.0, 0.0, 0.0, 0.0, 0.0; Commanded Angles: 3.141593, 0.0, -1.570796, 0.0, 0.0, -0.7830808370180634, 0.0; Commanded Speeds: 0.0, 0.0, 0.0, 0.0, 0.0, -1.9792315839688872, 0.0; Commanded Accelerations: 0, 0, 0, 0, 0, -1, 0
192, 47667.160150, Actual Angles: 3.1415927410125732, 0.0, -1.5707963705062866, 0.0, 0.0, -0.8522239923477173, 0.0; Actual Speeds: 0.0, 0.0, 0.0, 0.0, 0.0, -2.055999994277954, 0.0; Actual Efforts: -0.0016339573776349425, -15.515686988830566, -12.163078308105469, -0.18580582737922668, -0.5661084055900574, 2.715996503829956, 0.0; Actual Accelerations: 0.0, 0.0, 0.0, 0.0, 0.0, 0.0, 0.0; Commanded Angles: 3.141593, 0.0, -1.570796, 0.0, 0.0, -0.8232173070329507, 0.0; Commanded Speeds: 0.0, 0.0, 0.0, 0.0, 0.0, -1.9386287700036264, 0.0; Commanded Accelerations: 0, 0, 0, 0, 0, -2, 0
193, 47667.193441, Actual Angles: 3.1415927410125732, 0.0, -1.5707963705062866, 0.0, 0.0, -0.9244800209999084, 0.0; Actual Speeds: 0.0, 0.0, 0.0, 0.0, 0.0, -1.9359999895095825, 0.0; Actual Efforts: -0.0013300194405019283, -15.515772819519043, -12.163154602050781, -0.1864151954650879, -0.5661242604255676, 2.982698678970337, 0.0; Actual Accelerations: 0.0, 0.0, 0.0, 0.0, 0.0, 0.0, 0.0; Commanded Angles: 3.141593, 0.0, -1.570796, 0.0, 0.0, -0.9023928028496763, 0.0; Commanded Speeds: 0.0, 0.0, 0.0, 0.0, 0.0, -1.849640580286865, 0.0; Commanded Accelerations: 0, 0, 0, 0, 0, -2, 0
194, 47667.228198, Actual Angles: 3.1415927410125732, 0.0, -1.5707963705062866, 0.0, 0.0, -0.9865599870681763, 0.0; Actual Speeds: 0.0, 0.0, 0.0, 0.0, 0.0, -1.9359999895095825, 0.0; Actual Efforts: -0.0009278224897570908, -15.515912055969238, -12.163278579711914, -0.18696236610412598, -0.5661497116088867, 2.814570903778076, 0.0; Actual Accelerations: 0.0, 0.0, 0.0, 0.0, 0.0, 0.0, 0.0; Commanded Angles: 3.141593, 0.0, -1.570796, 0.0, 0.0, -0.9767196986069673, 0.0; Commanded Speeds: 0.0, 0.0, 0.0, 0.0, 0.0, -1.7540102113067213, 0.0; Commanded Accelerations: 0, 0, 0, 0, 0, -2, 0
195, 47667.260800, Actual Angles: 3.1415927410125732, 0.0, -1.5707963705062866, 0.0, 0.0, -1.0461440086364746, 0.0; Actual Speeds: 0.0, 0.0, 0.0, 0.0, 0.0, -1.840000033378601, 0.0; Actual Efforts: -0.0005565130268223584, -15.5159273147583, -12.163291931152344, -0.18761275708675385, -0.5661526322364807, 2.811072587966919, 0.0; Actual Accelerations: 0.0, 0.0, 0.0, 0.0, 0.0, 0.0, 0.0; Commanded Angles: 3.141593, 0.0, -1.570796, 0.0, 0.0, -1.0123765205824118, 0.0; Commanded Speeds: 0.0, 0.0, 0.0, 0.0, 0.0, -1.70339419072194, 0.0; Commanded Accelerations: 0, 0, 0, 0, 0, -2, 0
196, 47667.294132, Actual Angles: 3.1415927410125732, 0.0, -1.5707963705062866, 0.0, 0.0, -1.1107200384140015, 0.0; Actual Speeds: 0.0, 0.0, 0.0, 0.0, 0.0, -1.74399995803833, 0.0; Actual Efforts: -0.00031360966386273503, -15.51585578918457, -12.163228034973145, -0.18821340799331665, -0.5661394000053406, 2.5528178215026855, 0.0; Actual Accelerations: 0.0, 0.0, 0.0, 0.0, 0.0, 0.0, 0.0; Commanded Angles: 3.141593, 0.0, -1.570796, 0.0, 0.0, -1.080723396010382, 0.0; Commanded Speeds: 0.0, 0.0, 0.0, 0.0, 0.0, -1.5964251208244669, 0.0; Commanded Accelerations: 0, 0, 0, 0, 0, -2, 0
197, 47667.327907, Actual Angles: 3.1415927410125732, 0.0, -1.5707963705062866, 0.0, 0.0, -1.165503978729248, 0.0; Actual Speeds: 0.0, 0.0, 0.0, 0.0, 0.0, -1.6799999475479126, 0.0; Actual Efforts: -1.4553088476532139e-05, -15.515796661376953, -12.163175582885742, -0.18880632519721985, -0.5661286115646362, 2.4662444591522217, 0.0; Actual Accelerations: 0.0, 0.0, 0.0, 0.0, 0.0, 0.0, 0.0; Commanded Angles: 3.141593, 0.0, -1.570796, 0.0, 0.0, -1.1449611575325822, 0.0; Commanded Speeds: 0.0, 0.0, 0.0, 0.0, 0.0, -1.4818236888190697, 0.0; Commanded Accelerations: 0, 0, 0, 0, 0, -2, 0
198, 47667.362082, Actual Angles: 3.1415927410125732, 0.0, -1.5707963705062866, 0.0, 0.0, -1.2238399982452393, 0.0; Actual Speeds: 0.0, 0.0, 0.0, 0.0, 0.0, -1.5920000076293945, 0.0; Actual Efforts: -0.0008185695041902363, -15.515130043029785, -12.162582397460938, -0.18960507214069366, -0.5660060048103333, 2.299091100692749, 0.0; Actual Accelerations: 0.0, 0.0, 0.0, 0.0, 0.0, 0.0, 0.0; Commanded Angles: 3.141593, 0.0, -1.570796, 0.0, 0.0, -1.1752949305781972, 0.0; Commanded Speeds: 0.0, 0.0, 0.0, 0.0, 0.0, -1.4220198734575966, 0.0; Commanded Accelerations: 0, 0, 0, 0, 0, -2, 0
199, 47667.395849, Actual Angles: 3.1415927410125732, 0.0, -1.5707963705062866, 0.0, 0.0, -1.2731200456619263, 0.0; Actual Speeds: 0.0, 0.0, 0.0, 0.0, 0.0, -1.527999997138977, 0.0; Actual Efforts: -0.0005400740774348378, -15.515090942382812, -12.162548065185547, -0.19017328321933746, -0.5659989714622498, 2.156209707260132, 0.0; Actual Accelerations: 0.0, 0.0, 0.0, 0.0, 0.0, 0.0, 0.0; Commanded Angles: 3.141593, 0.0, -1.570796, 0.0, 0.0, -1.2315523487742301, 0.0; Commanded Speeds: 0.0, 0.0, 0.0, 0.0, 0.0, -1.2992486193800459, 0.0; Commanded Accelerations: 0, 0, 0, 0, 0, -3, 0
200, 47667.429039, Actual Angles: 3.1415927410125732, 0.0, -1.5707963705062866, 0.0, 0.0, -1.3251839876174927, 0.0; Actual Speeds: 0.0, 0.0, 0.0, 0.0, 0.0, -1.399999976158142, 0.0; Actual Efforts: -0.0002653464616741985, -15.51500415802002, -12.162470817565918, -0.1907946914434433, -0.56598299741745, 1.9567509889602661, 0.0; Actual Accelerations: 0.0, 0.0, 0.0, 0.0, 0.0, 0.0, 0.0; Commanded Angles: 3.141593, 0.0, -1.570796, 0.0, 0.0, -1.2577975860288966, 0.0; Commanded Speeds: 0.0, 0.0, 0.0, 0.0, 0.0, -1.2356548177589013, 0.0; Commanded Accelerations: 0, 0, 0, 0, 0, -3, 0
201, 47667.462202, Actual Angles: 3.1415927410125732, 0.0, -1.5707963705062866, 0.0, 0.0, -1.3680000305175781, 0.0; Actual Speeds: 0.0, 0.0, 0.0, 0.0, 0.0, -1.2879999876022339, 0.0; Actual Efforts: -3.619260678533465e-05, -15.514910697937012, -12.162386894226074, -0.1913287341594696, -0.5659657120704651, 1.7800488471984863, 0.0; Actual Accelerations: 0.0, 0.0, 0.0, 0.0, 0.0, 0.0, 0.0; Commanded Angles: 3.141593, 0.0, -1.570796, 0.0, 0.0, -1.3069577160053332, 0.0; Commanded Speeds: 0.0, 0.0, 0.0, 0.0, 0.0, -1.1026077084169894, 0.0; Commanded Accelerations: 0, 0, 0, 0, 0, -3, 0
202, 47667.496729, Actual Angles: 3.1415927410125732, 0.0, -1.5707963705062866, 0.0, 0.0, -1.4075520038604736, 0.0; Actual Speeds: 0.0, 0.0, 0.0, 0.0, 0.0, -1.215999960899353, 0.0; Actual Efforts: 0.0012281750096008182, -15.515043258666992, -12.162505149841309, -0.1917918473482132, -0.5659902095794678, 1.6728533506393433, 0.0; Actual Accelerations: 0.0, 0.0, 0.0, 0.0, 0.0, 0.0, 0.0; Commanded Angles: 3.141593, 0.0, -1.570796, 0.0, 0.0, -1.329069184781265, 0.0; Commanded Speeds: 0.0, 0.0, 0.0, 0.0, 0.0, -1.035339444704333, 0.0; Commanded Accelerations: 0, 0, 0, 0, 0, -3, 0
203, 47667.530146, Actual Angles: 3.1415927410125732, 0.0, -1.5707963705062866, 0.0, 0.0, -1.4485759735107422, 0.0; Actual Speeds: 0.0, 0.0, 0.0, 0.0, 0.0, -1.0720000267028809, 0.0; Actual Efforts: 0.0005016078357584774, -15.514664649963379, -12.162168502807617, -0.19236209988594055, -0.5659205913543701, 1.7666996717453003, 0.0; Actual Accelerations: 0.0, 0.0, 0.0, 0.0, 0.0, 0.0, 0.0; Commanded Angles: 3.141593, 0.0, -1.570796, 0.0, 0.0, -1.3692741672252757, 0.0; Commanded Speeds: 0.0, 0.0, 0.0, 0.0, 0.0, -0.8967983050120951, 0.0; Commanded Accelerations: 0, 0, 0, 0, 0, -3, 0
204, 47667.563343, Actual Angles: 3.1415927410125732, 0.0, -1.5707963705062866, 0.0, 0.0, -1.4808319807052612, 0.0; Actual Speeds: 0.0, 0.0, 0.0, 0.0, 0.0, -0.9599999785423279, 0.0; Actual Efforts: 0.0006747082807123661, -15.514518737792969, -12.162038803100586, -0.19280552864074707, -0.565893828868866, 1.4476678371429443, 0.0; Actual Accelerations: 0.0, 0.0, 0.0, 0.0, 0.0, 0.0, 0.0; Commanded Angles: 3.141593, 0.0, -1.570796, 0.0, 0.0, -1.404222059128934, 0.0; Commanded Speeds: 0.0, 0.0, 0.0, 0.0, 0.0, -0.7517229045537938, 0.0; Commanded Accelerations: 0, 0, 0, 0, 0, -3, 0
205, 47667.598687, Actual Angles: 3.1415927410125732, 0.0, -1.5707963705062866, 0.0, 0.0, -1.5135999917984009, 0.0; Actual Speeds: 0.0, 0.0, 0.0, 0.0, 0.0, -0.8640000224113464, 0.0; Actual Efforts: 0.0016698200488463044, -15.51445484161377, -12.161981582641602, -0.1931799352169037, -0.5658820271492004, 1.1446030139923096, 0.0; Actual Accelerations: 0.0, 0.0, 0.0, 0.0, 0.0, 0.0, 0.0; Commanded Angles: 3.141593, 0.0, -1.570796, 0.0, 0.0, -1.432411980498347, 0.0; Commanded Speeds: 0.0, 0.0, 0.0, 0.0, 0.0, -0.6064510312565632, 0.0; Commanded Accelerations: 0, 0, 0, 0, 0, -3, 0
206, 47667.630317, Actual Angles: 3.1415927410125732, 0.0, -1.5707963705062866, 0.0, 0.0, -1.5392639636993408, 0.0; Actual Speeds: 0.0, 0.0, 0.0, 0.0, 0.0, -0.7519999742507935, 0.0; Actual Efforts: 0.0016601417446509004, -15.514265060424805, -12.161812782287598, -0.19356130063533783, -0.5658472180366516, 1.2322006225585938, 0.0; Actual Accelerations: 0.0, 0.0, 0.0, 0.0, 0.0, 0.0, 0.0; Commanded Angles: 3.141593, 0.0, -1.570796, 0.0, 0.0, -1.4442026893153046, 0.0; Commanded Speeds: 0.0, 0.0, 0.0, 0.0, 0.0, -0.5330058216792116, 0.0; Commanded Accelerations: 0, 0, 0, 0, 0, -3, 0
207, 47667.663764, Actual Angles: 3.1415927410125732, 0.0, -1.5707963705062866, 0.0, 0.0, -1.5614720582962036, 0.0; Actual Speeds: 0.0, 0.0, 0.0, 0.0, 0.0, -0.656000018119812, 0.0; Actual Efforts: 0.0016874312423169613, -15.514100074768066, -12.161665916442871, -0.19389964640140533, -0.5658168196678162, 1.000882625579834, 0.0; Actual Accelerations: 0.0, 0.0, 0.0, 0.0, 0.0, 0.0, 0.0; Commanded Angles: 3.141593, 0.0, -1.570796, 0.0, 0.0, -1.463415768307142, 0.0; Commanded Speeds: 0.0, 0.0, 0.0, 0.0, 0.0, -0.3824337367415788, 0.0; Commanded Accelerations: 0, 0, 0, 0, 0, -3, 0
208, 47667.697609, Actual Angles: 3.1415927410125732, 0.0, -1.5707963705062866, 0.0, 0.0, -1.5826239585876465, 0.0; Actual Speeds: 0.0, 0.0, 0.0, 0.0, 0.0, -0.5360000133514404, 0.0; Actual Efforts: 0.0023088515736162663, -15.513935089111328, -12.161520004272461, -0.1941770315170288, -0.5657865405082703, 0.9307080507278442, 0.0; Actual Accelerations: 0.0, 0.0, 0.0, 0.0, 0.0, 0.0, 0.0; Commanded Angles: 3.141593, 0.0, -1.570796, 0.0, 0.0, -1.4705645402120635, 0.0; Commanded Speeds: 0.0, 0.0, 0.0, 0.0, 0.0, -0.30741407568352885, 0.0; Commanded Accelerations: 0, 0, 0, 0, 0, -3, 0
209, 47667.731489, Actual Angles: 3.1415927410125732, 0.0, -1.5707963705062866, 0.0, 0.0, -1.5966399908065796, 0.0; Actual Speeds: 0.0, 0.0, 0.0, 0.0, 0.0, -0.37599998712539673, 0.0; Actual Efforts: 0.0022918405011296272, -15.5137939453125, -12.161394119262695, -0.19443663954734802, -0.565760612487793, 0.7853207588195801, 0.0; Actual Accelerations: 0.0, 0.0, 0.0, 0.0, 0.0, 0.0, 0.0; Commanded Angles: 3.141593, 0.0, -1.570796, 0.0, 0.0, -1.4802342624456954, 0.0; Commanded Speeds: 0.0, 0.0, 0.0, 0.0, 0.0, -0.15524193878388365, 0.0; Commanded Accelerations: 0, 0, 0, 0, 0, -3, 0
210, 47667.764658, Actual Angles: 3.1415927410125732, 0.0, -1.5707963705062866, 0.0, 0.0, -1.6079679727554321, 0.0; Actual Speeds: 0.0, 0.0, 0.0, 0.0, 0.0, -0.2639999985694885, 0.0; Actual Efforts: 0.0023849469143897295, -15.513652801513672, -12.16126823425293, -0.19466526806354523, -0.5657347440719604, 0.6660723090171814, 0.0; Actual Accelerations: 0.0, 0.0, 0.0, 0.0, 0.0, 94.05044377090584, 0.0; Commanded Angles: 3.141593, 0.0, -1.570796, 0.0, 0.0, -1.4826651242453168, 0.0; Commanded Speeds: 0.0, 0.0, 0.0, 0.0, 0.0, -0.07955408537589065, 0.0; Commanded Accelerations: 0, 0, 0, 0, 0, -3, 0
211, 47667.799019, Actual Angles: 3.1415927410125732, 0.0, -1.5707963705062866, 0.0, 0.0, -1.615488052368164, 0.0; Actual Speeds: 0.0, 0.0, 0.0, 0.0, 0.0, -0.15199999511241913, 0.0; Actual Efforts: 0.0022801910527050495, -15.513551712036133, -12.161178588867188, -0.194843590259552, -0.565716028213501, 0.5811818838119507, 0.0; Actual Accelerations: 0.0, 0.0, 0.0, 0.0, 0.0, 0.0, 0.0; Commanded Angles: 3.141593, 0.0, -1.570796, 0.0, 0.0, -1.4828275011970078, 0.0; Commanded Speeds: 0.0, 0.0, 0.0, 0.0, 0.0, 0.07169888869230057, 0.0; Commanded Accelerations: 0, 0, 0, 0, 0, -3, 0
212, 47667.832073, Actual Angles: 3.1415927410125732, 0.0, -1.5707963705062866, 0.0, 0.0, -1.6184959411621094, 0.0; Actual Speeds: 0.0, 0.0, 0.0, 0.0, 0.0, -0.0560000017285347, 0.0; Actual Efforts: 0.002248847857117653, -15.513471603393555, -12.161107063293457, -0.19497282803058624, -0.565701425075531, 0.8666942119598389, 0.0; Actual Accelerations: 0.0, 0.0, 0.0, 0.0, 0.0, 0.0, 0.0; Commanded Angles: 3.141593, 0.0, -1.570796, 0.0, 0.0, -1.4805438012645178, 0.0; Commanded Speeds: 0.0, 0.0, 0.0, 0.0, 0.0, 0.14777938386896364, 0.0; Commanded Accelerations: 0, 0, 0, 0, 0, -3, 0
213, 47667.866179, Actual Angles: 3.1415927410125732, 0.0, -1.5707963705062866, 0.0, 0.0, -1.6170239448547363, 0.0; Actual Speeds: 0.0, 0.0, 0.0, 0.0, 0.0, 0.12800000607967377, 0.0; Actual Efforts: 0.0022136857733130455, -15.513408660888672, -12.161051750183105, -0.1950676143169403, -0.5656898617744446, 0.2792430818080902, 0.0; Actual Accelerations: 0.0, 0.0, 0.0, 0.0, 0.0, 0.0, 0.0; Commanded Angles: 3.141593, 0.0, -1.570796, 0.0, 0.0, -1.4713440869746506, 0.0; Commanded Speeds: 0.0, 0.0, 0.0, 0.0, 0.0, 0.29806842574139125, 0.0; Commanded Accelerations: 0, 0, 0, 0, 0, -3, 0
214, 47667.899095, Actual Angles: 3.1415927410125732, 0.0, -1.5707963705062866, 0.0, 0.0, -1.6120320558547974, 0.0; Actual Speeds: 0.0, 0.0, 0.0, 0.0, 0.0, 0.19200000166893005, 0.0; Actual Efforts: 0.002148447558283806, -15.513379096984863, -12.16102409362793, -0.19511006772518158, -0.5656843185424805, 0.3001807630062103, 0.0; Actual Accelerations: 0.0, 0.0, 0.0, 0.0, 0.0, 0.0, 0.0; Commanded Angles: 3.141593, 0.0, -1.570796, 0.0, 0.0, -1.4557975690389255, 0.0; Commanded Speeds: 0.0, 0.0, 0.0, 0.0, 0.0, 0.4484734813660843, 0.0; Commanded Accelerations: 0, 0, 0, 0, 0, -3, 0
215, 47667.932748, Actual Angles: 3.1415927410125732, 0.0, -1.5707963705062866, 0.0, 0.0, -1.6032639741897583, 0.0; Actual Speeds: 0.0, 0.0, 0.0, 0.0, 0.0, 0.36800000071525574, 0.0; Actual Efforts: 0.0018786881119012833, -15.51338005065918, -12.161026000976562, -0.19513021409511566, -0.5656844973564148, 2.8104279041290283, 0.0; Actual Accelerations: 0.0, 0.0, 0.0, 0.0, 0.0, 36.2515097792137, 0.0; Commanded Angles: 3.141593, 0.0, -1.570796, 0.0, 0.0, -1.4341728333277508, 0.0; Commanded Speeds: 0.0, 0.0, 0.0, 0.0, 0.0, 0.5960942171131595, 0.0; Commanded Accelerations: 0, 0, 0, 0, 0, -3, 0
216, 47667.966434, Actual Angles: 3.1415927410125732, 0.0, -1.5707963705062866, 0.0, 0.0, -1.5893759727478027, 0.0; Actual Speeds: 0.0, 0.0, 0.0, 0.0, 0.0, 0.4320000112056732, 0.0; Actual Efforts: 0.0020291663240641356, -15.513387680053711, -12.161032676696777, -0.19506531953811646, -0.5656859278678894, -0.45473727583885193, 0.0; Actual Accelerations: 0.0, 0.0, 0.0, 0.0, 0.0, 0.0, 0.0; Commanded Angles: 3.141593, 0.0, -1.570796, 0.0, 0.0, -1.4209573867843435, 0.0; Commanded Speeds: 0.0, 0.0, 0.0, 0.0, 0.0, 0.6696475579205068, 0.0; Commanded Accelerations: 0, 0, 0, 0, 0, -3, 0
217, 47668.000603, Actual Angles: 3.1415927410125732, 0.0, -1.5707963705062866, 0.0, 0.0, -1.5724159479141235, 0.0; Actual Speeds: 0.0, 0.0, 0.0, 0.0, 0.0, 0.6000000238418579, 0.0; Actual Efforts: 0.002247360534965992, -15.513426780700684, -12.161067008972168, -0.19493597745895386, -0.5656931400299072, -0.6289669871330261, 0.0; Actual Accelerations: 0.0, 0.0, 0.0, 0.0, 0.0, 21.119645905890582, 0.0; Commanded Angles: 3.141593, 0.0, -1.570796, 0.0, 0.0, -1.3903211999174276, 0.0; Commanded Speeds: 0.0, 0.0, 0.0, 0.0, 0.0, 0.8129805356682065, 0.0; Commanded Accelerations: 0, 0, 0, 0, 0, -3, 0
218, 47668.033864, Actual Angles: 3.1415927410125732, 0.0, -1.5707963705062866, 0.0, 0.0, -1.550112009048462, 0.0; Actual Speeds: 0.0, 0.0, 0.0, 0.0, 0.0, 0.6800000071525574, 0.0; Actual Efforts: 0.0021267563570290804, -15.513496398925781, -12.161128997802734, -0.19480417668819427, -0.5657059550285339, -0.4628044664859772, 0.0; Actual Accelerations: 0.0, 0.0, 0.0, 0.0, 0.0, 0.0, 0.0; Commanded Angles: 3.141593, 0.0, -1.570796, 0.0, 0.0, -1.3727347093176996, 0.0; Commanded Speeds: 0.0, 0.0, 0.0, 0.0, 0.0, 0.883648364840435, 0.0; Commanded Accelerations: 0, 0, 0, 0, 0, -3, 0
219, 47668.067159, Actual Angles: 3.1415927410125732, 0.0, -1.5707963705062866, 0.0, 0.0, -1.5254080295562744, 0.0; Actual Speeds: 0.0, 0.0, 0.0, 0.0, 0.0, 0.8240000009536743, 0.0; Actual Efforts: 0.0020330396946519613, -15.513583183288574, -12.161206245422363, -0.19462987780570984, -0.5657218098640442, -0.6871164441108704, 0.0; Actual Accelerations: 0.0, 0.0, 0.0, 0.0, 0.0, 0.0, 0.0; Commanded Angles: 3.141593, 0.0, -1.570796, 0.0, 0.0, -1.3330514115997816, 0.0; Commanded Speeds: 0.0, 0.0, 0.0, 0.0, 0.0, 1.0226291762373092, 0.0; Commanded Accelerations: 0, 0, 0, 0, 0, -3, 0
220, 47668.100782, Actual Angles: 3.1415927410125732, 0.0, -1.5707963705062866, 0.0, 0.0, -1.4973759651184082, 0.0; Actual Speeds: 0.0, 0.0, 0.0, 0.0, 0.0, 0.9520000219345093, 0.0; Actual Efforts: 0.0021032984368503094, -15.513708114624023, -12.161317825317383, -0.19436627626419067, -0.5657448172569275, -0.5291196703910828, 0.0; Actual Accelerations: 0.0, 0.0, 0.0, 0.0, 0.0, 32.84894735612477, 0.0; Commanded Angles: 3.141593, 0.0, -1.570796, 0.0, 0.0, -1.288094782489299, 0.0; Commanded Speeds: 0.0, 0.0, 0.0, 0.0, 0.0, 1.1560812209892073, 0.0; Commanded Accelerations: 0, 0, 0, 0, 0, -3, 0
221, 47668.134819, Actual Angles: 3.1415927410125732, 0.0, -1.5707963705062866, 0.0, 0.0, -1.4624639749526978, 0.0; Actual Speeds: 0.0, 0.0, 0.0, 0.0, 0.0, 1.0160000324249268, 0.0; Actual Efforts: 0.0020190218929201365, -15.513839721679688, -12.1614351272583, -0.19409973919391632, -0.5657690763473511, -0.9629415273666382, 0.0; Actual Accelerations: 0.0, 0.0, 0.0, 0.0, 0.0, 0.0, 0.0; Commanded Angles: 3.141593, 0.0, -1.570796, 0.0, 0.0, -1.2636263600018265, 0.0; Commanded Speeds: 0.0, 0.0, 0.0, 0.0, 0.0, 1.2208930759148282, 0.0; Commanded Accelerations: 0, 0, 0, 0, 0, -3, 0
222, 47668.168714, Actual Angles: 3.1415927410125732, 0.0, -1.5707963705062866, 0.0, 0.0, -1.4268159866333008, 0.0; Actual Speeds: 0.0, 0.0, 0.0, 0.0, 0.0, 1.184000015258789, 0.0; Actual Efforts: 0.002273478312417865, -15.514026641845703, -12.161601066589355, -0.1937224566936493, -0.5658034086227417, -0.828403651714325, 0.0; Actual Accelerations: 0.0, 0.0, 0.0, 0.0, 0.0, 0.0, 0.0; Commanded Angles: 3.141593, 0.0, -1.570796, 0.0, 0.0, -1.208642547941905, 0.0; Commanded Speeds: 0.0, 0.0, 0.0, 0.0, 0.0, 1.3512903098160225, 0.0; Commanded Accelerations: 0, 0, 0, 0, 0, -2, 0
223, 47668.201676, Actual Angles: 3.1415927410125732, 0.0, -1.5707963705062866, 0.0, 0.0, -1.383039951324463, 0.0; Actual Speeds: 0.0, 0.0, 0.0, 0.0, 0.0, 1.2480000257492065, 0.0; Actual Efforts: 0.0024566713254898787, -15.514233589172363, -12.161785125732422, -0.193342387676239, -0.5658414363861084, -1.1354660987854004, 0.0; Actual Accelerations: 0.0, 0.0, 0.0, 0.0, 0.0, 0.0, 0.0; Commanded Angles: 3.141593, 0.0, -1.570796, 0.0, 0.0, -1.1799327288506165, 0.0; Commanded Speeds: 0.0, 0.0, 0.0, 0.0, 0.0, 1.4125115658542338, 0.0; Commanded Accelerations: 0, 0, 0, 0, 0, -2, 0
224, 47668.234876, Actual Angles: 3.1415927410125732, 0.0, -1.5707963705062866, 0.0, 0.0, -1.3406720161437988, 0.0; Actual Speeds: 0.0, 0.0, 0.0, 0.0, 0.0, 1.3760000467300415, 0.0; Actual Efforts: 0.002418284770101309, -15.514445304870605, -12.161972999572754, -0.192942813038826, -0.5658802390098572, -1.0167431831359863, 0.0; Actual Accelerations: 0.0, 0.0, 0.0, 0.0, 0.0, 0.0, 0.0; Commanded Angles: 3.141593, 0.0, -1.570796, 0.0, 0.0, -1.1183963586797414, 0.0; Commanded Speeds: 0.0, 0.0, 0.0, 0.0, 0.0, 1.5310635218711361, 0.0; Commanded Accelerations: 0, 0, 0, 0, 0, -2, 0
225, 47668.269169, Actual Angles: 3.1415927410125732, 0.0, -1.5707963705062866, 0.0, 0.0, -1.2893439531326294, 0.0; Actual Speeds: 0.0, 0.0, 0.0, 0.0, 0.0, 1.4880000352859497, 0.0; Actual Efforts: 0.002286971779540181, -15.514679908752441, -12.162182807922363, -0.1924576312303543, -0.5659234523773193, -0.8250190019607544, 0.0; Actual Accelerations: 0.0, 0.0, 0.0, 0.0, 0.0, 0.0, 0.0; Commanded Angles: 3.141593, 0.0, -1.570796, 0.0, 0.0, -1.0529576317093483, 0.0; Commanded Speeds: 0.0, 0.0, 0.0, 0.0, 0.0, 1.6415694051063732, 0.0; Commanded Accelerations: 0, 0, 0, 0, 0, -2, 0
226, 47668.302156, Actual Angles: 3.1415927410125732, 0.0, -1.5707963705062866, 0.0, 0.0, -1.24070405960083, 0.0; Actual Speeds: 0.0, 0.0, 0.0, 0.0, 0.0, 1.5520000457763672, 0.0; Actual Efforts: 0.0022312102373689413, -15.51491928100586, -12.162395477294922, -0.19197797775268555, -0.5659673810005188, -1.5128066539764404, 0.0; Actual Accelerations: 0.0, 0.0, 0.0, 0.0, 0.0, 0.0, 0.0; Commanded Angles: 3.141593, 0.0, -1.570796, 0.0, 0.0, -1.0184357303144587, 0.0; Commanded Speeds: 0.0, 0.0, 0.0, 0.0, 0.0, 1.6944586477354784, 0.0; Commanded Accelerations: 0, 0, 0, 0, 0, -2, 0
227, 47668.336290, Actual Angles: 3.1415927410125732, 0.0, -1.5707963705062866, 0.0, 0.0, -1.1896320581436157, 0.0; Actual Speeds: 0.0, 0.0, 0.0, 0.0, 0.0, 1.6399999856948853, 0.0; Actual Efforts: 0.0012222290970385075, -15.51492977142334, -12.162405014038086, -0.19149909913539886, -0.5659693479537964, -1.5897160768508911, 0.0; Actual Accelerations: 0.0, 0.0, 0.0, 0.0, 0.0, 77.04582751737348, 0.0; Commanded Angles: 3.141593, 0.0, -1.570796, 0.0, 0.0, -0.9460976500502305, 0.0; Commanded Speeds: 0.0, 0.0, 0.0, 0.0, 0.0, 1.7949467663223586, 0.0; Commanded Accelerations: 0, 0, 0, 0, 0, -2, 0
228, 47668.369703, Actual Angles: 3.1415927410125732, 0.0, -1.5707963705062866, 0.0, 0.0, -1.1289279460906982, 0.0; Actual Speeds: 0.0, 0.0, 0.0, 0.0, 0.0, 1.7039999961853027, 0.0; Actual Efforts: 0.0019097490003332496, -15.515400886535645, -12.162823677062988, -0.19087541103363037, -0.5660558342933655, -1.7721349000930786, 0.0; Actual Accelerations: 0.0, 0.0, 0.0, 0.0, 0.0, 0.0, 0.0; Commanded Angles: 3.141593, 0.0, -1.570796, 0.0, 0.0, -0.8690533185934929, 0.0; Commanded Speeds: 0.0, 0.0, 0.0, 0.0, 0.0, 1.8886219221310172, 0.0; Commanded Accelerations: 0, 0, 0, 0, 0, -2, 0
229, 47668.402934, Actual Angles: 3.1415927410125732, 0.0, -1.5707963705062866, 0.0, 0.0, -1.0720319747924805, 0.0; Actual Speeds: 0.0, 0.0, 0.0, 0.0, 0.0, 1.7999999523162842, 0.0; Actual Efforts: 0.0016997710335999727, -15.515604972839355, -12.163005828857422, -0.19032053649425507, -0.5660934448242188, -1.5642601251602173, 0.0; Actual Accelerations: 0.0, 0.0, 0.0, 0.0, 0.0, 0.0, 0.0; Commanded Angles: 3.141593, 0.0, -1.570796, 0.0, 0.0, -0.8295475264272276, 0.0; Commanded Speeds: 0.0, 0.0, 0.0, 0.0, 0.0, 1.931959279962559, 0.0; Commanded Accelerations: 0, 0, 0, 0, 0, -2, 0
230, 47668.436677, Actual Angles: 3.1415927410125732, 0.0, -1.5707963705062866, 0.0, 0.0, -1.0128320455551147, 0.0; Actual Speeds: 0.0, 0.0, 0.0, 0.0, 0.0, 1.8960000276565552, 0.0; Actual Efforts: 0.0005839296500198543, -15.515427589416504, -12.162847518920898, -0.1897761970758438, -0.5660608410835266, -1.670954942703247, 0.0; Actual Accelerations: 0.0, 0.0, 0.0, 0.0, 0.0, 0.0, 0.0; Commanded Angles: 3.141593, 0.0, -1.570796, 0.0, 0.0, -0.7477334652203831, 0.0; Commanded Speeds: 0.0, 0.0, 0.0, 0.0, 0.0, 2.012677168276445, 0.0; Commanded Accelerations: 0, 0, 0, 0, 0, -1, 0
231, 47668.470685, Actual Angles: 3.1415927410125732, 0.0, -1.5707963705062866, 0.0, 0.0, -0.9436159729957581, 0.0; Actual Speeds: 0.0, 0.0, 0.0, 0.0, 0.0, 1.9759999513626099, 0.0; Actual Efforts: 0.00037331017665565014, -15.515582084655762, -12.162984848022461, -0.1891828179359436, -0.5660890936851501, -1.8313279151916504, 0.0; Actual Accelerations: 0.0, 0.0, 0.0, 0.0, 0.0, 0.0, 0.0; Commanded Angles: 3.141593, 0.0, -1.570796, 0.0, 0.0, -0.7058189375224597, 0.0; Commanded Speeds: 0.0, 0.0, 0.0, 0.0, 0.0, 2.049681854111144, 0.0; Commanded Accelerations: 0, 0, 0, 0, 0, -1, 0
232, 47668.504778, Actual Angles: 3.1415927410125732, 0.0, -1.5707963705062866, 0.0, 0.0, -0.8798720240592957, 0.0; Actual Speeds: 0.0, 0.0, 0.0, 0.0, 0.0, 2.0320000648498535, 0.0; Actual Efforts: -0.0007787419017404318, -15.515081405639648, -12.1625394821167, -0.188641756772995, -0.5659971237182617, -1.9770435094833374, 0.0; Actual Accelerations: 0.0, 0.0, 0.0, 0.0, 0.0, 6.003799932263492, 0.0; Commanded Angles: 3.141593, 0.0, -1.570796, 0.0, 0.0, -0.6173006102093215, 0.0; Commanded Speeds: 0.0, 0.0, 0.0, 0.0, 0.0, 2.1190041369016135, 0.0; Commanded Accelerations: 0, 0, 0, 0, 0, -1, 0
233, 47668.538020, Actual Angles: 3.1415927410125732, 0.0, -1.5707963705062866, 0.0, 0.0, -0.8060160279273987, 0.0; Actual Speeds: 0.0, 0.0, 0.0, 0.0, 0.0, 2.063999891281128, 0.0; Actual Efforts: -0.001122467452660203, -15.51502799987793, -12.162491798400879, -0.18806453049182892, -0.5659873485565186, -2.138563394546509, 0.0; Actual Accelerations: 0.0, 0.0, 0.0, 0.0, 0.0, 0.0, 0.0; Commanded Angles: 3.141593, 0.0, -1.570796, 0.0, 0.0, -0.5729102183302685, 0.0; Commanded Speeds: 0.0, 0.0, 0.0, 0.0, 0.0, 2.149544374309028, 0.0; Commanded Accelerations: 0, 0, 0, 0, 0, -1, 0
234, 47668.571445, Actual Angles: 3.1415927410125732, 0.0, -1.5707963705062866, 0.0, 0.0, -0.738752007484436, 0.0; Actual Speeds: 0.0, 0.0, 0.0, 0.0, 0.0, 2.111999988555908, 0.0; Actual Efforts: -0.001442157430574298, -15.514936447143555, -12.162409782409668, -0.18749508261680603, -0.5659704804420471, -2.2257699966430664, 0.0; Actual Accelerations: 0.0, 0.0, 0.0, 0.0, 0.0, 0.0, 0.0; Commanded Angles: 3.141593, 0.0, -1.570796, 0.0, 0.0, -0.4356213552933008, 0.0; Commanded Speeds: 0.0, 0.0, 0.0, 0.0, 0.0, 2.2275946110493776, 0.0; Commanded Accelerations: 0, 0, 0, 0, 0, -1, 0
235, 47668.605195, Actual Angles: 3.1415927410125732, 0.0, -1.5707963705062866, 0.0, 0.0, -0.660863995552063, 0.0; Actual Speeds: 0.0, 0.0, 0.0, 0.0, 0.0, 2.2079999446868896, 0.0; Actual Efforts: -0.0016919339541345835, -15.51488208770752, -12.162362098693848, -0.18685604631900787, -0.5659605264663696, -2.2043983936309814, 0.0; Actual Accelerations: 0.0, 0.0, 0.0, 0.0, 0.0, 0.0, 0.0; Commanded Angles: 3.141593, 0.0, -1.570796, 0.0, 0.0, -0.38771800073310153, 0.0; Commanded Speeds: 0.0, 0.0, 0.0, 0.0, 0.0, 2.2493318607827093, 0.0; Commanded Accelerations: 0, 0, 0, 0, 0, 0, 0
236, 47668.637934, Actual Angles: 3.1415927410125732, 0.0, -1.5707963705062866, 0.0, 0.0, -0.5906559824943542, 0.0; Actual Speeds: 0.0, 0.0, 0.0, 0.0, 0.0, 2.2239999771118164, 0.0; Actual Efforts: -0.001903744414448738, -15.514824867248535, -12.162311553955078, -0.1863008588552475, -0.5659500360488892, -2.181887626647949, 0.0; Actual Accelerations: 0.0, 0.0, 0.0, 0.0, 0.0, 0.0, 0.0; Commanded Angles: 3.141593, 0.0, -1.570796, 0.0, 0.0, -0.3407701878130747, 0.0; Commanded Speeds: 0.0, 0.0, 0.0, 0.0, 0.0, 2.268012615774419, 0.0; Commanded Accelerations: 0, 0, 0, 0, 0, 0, 0
237, 47668.671896, Actual Angles: 3.1415927410125732, 0.0, -1.5707963705062866, 0.0, 0.0, -0.5190399885177612, 0.0; Actual Speeds: 0.0, 0.0, 0.0, 0.0, 0.0, 2.25600004196167, 0.0; Actual Efforts: -0.002206801436841488, -15.514609336853027, -12.162118911743164, -0.1857985258102417, -0.5659103393554688, -2.564521551132202, 0.0; Actual Accelerations: 0.0, 0.0, 0.0, 0.0, 0.0, 0.0, 0.0; Commanded Angles: 3.141593, 0.0, -1.570796, 0.0, 0.0, -0.24613436860422735, 0.0; Commanded Speeds: 0.0, 0.0, 0.0, 0.0, 0.0, 2.2980265652621275, 0.0; Commanded Accelerations: 0, 0, 0, 0, 0, 0, 0
238, 47668.705554, Actual Angles: 3.1415927410125732, 0.0, -1.5707963705062866, 0.0, 0.0, -0.4374080002307892, 0.0; Actual Speeds: 0.0, 0.0, 0.0, 0.0, 0.0, 2.2799999713897705, 0.0; Actual Efforts: -0.002464901888743043, -15.514373779296875, -12.161909103393555, -0.1852695345878601, -0.565867006778717, -2.973510503768921, 0.0; Actual Accelerations: 0.0, 0.0, 0.0, 0.0, 0.0, 0.0, 0.0; Commanded Angles: 3.141593, 0.0, -1.570796, 0.0, 0.0, -0.15110192354576632, 0.0; Commanded Speeds: 0.0, 0.0, 0.0, 0.0, 0.0, 2.3182043299720965, 0.0; Commanded Accelerations: 0, 0, 0, 0, 0, 0, 0
239, 47668.739928, Actual Angles: 3.1415927410125732, 0.0, -1.5707963705062866, 0.0, 0.0, -0.3638080060482025, 0.0; Actual Speeds: 0.0, 0.0, 0.0, 0.0, 0.0, 2.2960000038146973, 0.0; Actual Efforts: -0.0026558369863778353, -15.514145851135254, -12.161706924438477, -0.1848391890525818, -0.5658252835273743, -3.102628231048584, 0.0; Actual Accelerations: 0.0, 0.0, 0.0, 0.0, 0.0, 0.0, 0.0; Commanded Angles: 3.141593, 0.0, -1.570796, 0.0, 0.0, -0.0547673025085893, 0.0; Commanded Speeds: 0.0, 0.0, 0.0, 0.0, 0.0, 2.328734771914982, 0.0; Commanded Accelerations: 0, 0, 0, 0, 0, 0, 0
240, 47668.772796, Actual Angles: 3.1415927410125732, 0.0, -1.5707963705062866, 0.0, 0.0, -0.28044798970222473, 0.0; Actual Speeds: 0.0, 0.0, 0.0, 0.0, 0.0, 2.312000036239624, 0.0; Actual Efforts: -0.002326980233192444, -15.515229225158691, -12.162670135498047, -0.18411481380462646, -0.5660241842269897, -2.988746404647827, 0.0; Actual Accelerations: 0.0, 0.0, 0.0, 0.0, 0.0, 0.0, 0.0; Commanded Angles: 3.141593, 0.0, -1.570796, 0.0, 0.0, -0.006335421271674062, 0.0; Commanded Speeds: 0.0, 0.0, 0.0, 0.0, 0.0, 2.330302011973543, 0.0; Commanded Accelerations: 0, 0, 0, 0, 0, 0, 0
241, 47668.806493, Actual Angles: 3.1415927410125732, 0.0, -1.5707963705062866, 0.0, 0.0, -0.2059520035982132, 0.0; Actual Speeds: 0.0, 0.0, 0.0, 0.0, 0.0, 2.312000036239624, 0.0; Actual Efforts: -0.0025477346498519182, -15.514997482299805, -12.162464141845703, -0.18377679586410522, -0.5659816265106201, -2.856440782546997, 0.0; Actual Accelerations: 0.0, 0.0, 0.0, 0.0, 0.0, 0.0, 0.0; Commanded Angles: 3.141593, 0.0, -1.570796, 0.0, 0.0, 0.09054281369338767, 0.0; Commanded Speeds: 0.0, 0.0, 0.0, 0.0, 0.0, 2.3259790939541354, 0.0; Commanded Accelerations: 0, 0, 0, 0, 0, 0, 0
242, 47668.839933, Actual Angles: 3.1415927410125732, 0.0, -1.5707963705062866, 0.0, 0.0, -0.13145600259304047, 0.0; Actual Speeds: 0.0, 0.0, 0.0, 0.0, 0.0, 2.312000036239624, 0.0; Actual Efforts: -0.0027458718977868557, -15.514686584472656, -12.162187576293945, -0.1835099309682846, -0.5659244656562805, -2.994174003601074, 0.0; Actual Accelerations: 0.0, 0.0, 0.0, 0.0, 0.0, 0.0, 0.0; Commanded Angles: 3.141593, 0.0, -1.570796, 0.0, 0.0, 0.13885910998088546, 0.0; Commanded Speeds: 0.0, 0.0, 0.0, 0.0, 0.0, 2.3200927650821064, 0.0; Commanded Accelerations: 0, 0, 0, 0, 0, 0, 0
243, 47668.873536, Actual Angles: 3.1415927410125732, 0.0, -1.5707963705062866, 0.0, 0.0, -0.047680001705884933, 0.0; Actual Speeds: 0.0, 0.0, 0.0, 0.0, 0.0, 2.319999933242798, 0.0; Actual Efforts: -0.0028975324239581823, -15.51438045501709, -12.16191577911377, -0.1832723468542099, -0.5658682584762573, -3.341331720352173, 0.0; Actual Accelerations: 0.0, 0.0, 0.0, 0.0, 0.0, 0.0, 0.0; Commanded Angles: 3.141593, 0.0, -1.570796, 0.0, 0.0, 0.18873949609901342, 0.0; Commanded Speeds: 0.0, 0.0, 0.0, 0.0, 0.0, 2.3113873034360326, 0.0; Commanded Accelerations: 0, 0, 0, 0, 0, 0, 0
244, 47668.908355, Actual Angles: 3.1415927410125732, 0.0, -1.5707963705062866, 0.0, 0.0, 0.026815999299287796, 0.0; Actual Speeds: 0.0, 0.0, 0.0, 0.0, 0.0, 2.319999933242798, 0.0; Actual Efforts: -0.0030081511940807104, -15.51398754119873, -12.161566734313965, -0.18313448131084442, -0.5657960772514343, -3.263760805130005, 0.0; Actual Accelerations: 0.0, 0.0, 0.0, 0.0, 0.0, 0.0, 0.0; Commanded Angles: 3.141593, 0.0, -1.570796, 0.0, 0.0, 0.33737090915193835, 0.0; Commanded Speeds: 0.0, 0.0, 0.0, 0.0, 0.0, 2.2692661930757225, 0.0; Commanded Accelerations: 0, 0, 0, 0, 0, 0, 0
245, 47668.940903, Actual Angles: 3.1415927410125732, 0.0, -1.5707963705062866, 0.0, 0.0, 0.10060799866914749, 0.0; Actual Speeds: 0.0, 0.0, 0.0, 0.0, 0.0, 2.303999900817871, 0.0; Actual Efforts: -0.0030449668411165476, -15.513567924499512, -12.161192893981934, -0.18310138583183289, -0.5657190084457397, -3.0387020111083984, 0.0; Actual Accelerations: 0.0, 0.0, 0.0, 0.0, 0.0, 0.0, 0.0; Commanded Angles: 3.141593, 0.0, -1.570796, 0.0, 0.0, 0.3845801975067771, 0.0; Commanded Speeds: 0.0, 0.0, 0.0, 0.0, 0.0, 2.2506605967624385, 0.0; Commanded Accelerations: 0, 0, 0, 0, 0, 0, 0
246, 47668.974046, Actual Angles: 3.1415927410125732, 0.0, -1.5707963705062866, 0.0, 0.0, 0.18303999304771423, 0.0; Actual Speeds: 0.0, 0.0, 0.0, 0.0, 0.0, 2.2880001068115234, 0.0; Actual Efforts: -0.0030277762562036514, -15.513298988342285, -12.160953521728516, -0.18310098350048065, -0.5656694769859314, -3.2262539863586426, 0.0; Actual Accelerations: 0.0, 0.0, 0.0, 0.0, 0.0, 0.0, 0.0; Commanded Angles: 3.141593, 0.0, -1.570796, 0.0, 0.0, 0.47725689775102403, 0.0; Commanded Speeds: 0.0, 0.0, 0.0, 0.0, 0.0, 2.2064442714257857, 0.0; Commanded Accelerations: 0, 0, 0, 0, 0, 1, 0
247, 47669.009571, Actual Angles: 3.1415927410125732, 0.0, -1.5707963705062866, 0.0, 0.0, 0.2642880082130432, 0.0; Actual Speeds: 0.0, 0.0, 0.0, 0.0, 0.0, 2.247999906539917, 0.0; Actual Efforts: -0.0031173606403172016, -15.51440715789795, -12.16193962097168, -0.18280310928821564, -0.5658732056617737, -3.4879488945007324, 0.0; Actual Accelerations: 0.0, 0.0, 0.0, 0.0, 0.0, 0.0, 0.0; Commanded Angles: 3.141593, 0.0, -1.570796, 0.0, 0.0, 0.5225933241030792, 0.0; Commanded Speeds: 0.0, 0.0, 0.0, 0.0, 0.0, 2.1809516109485623, 0.0; Commanded Accelerations: 0, 0, 0, 0, 0, 1, 0
248, 47669.041472, Actual Angles: 3.1415927410125732, 0.0, -1.5707963705062866, 0.0, 0.0, 0.3353919982910156, 0.0; Actual Speeds: 0.0, 0.0, 0.0, 0.0, 0.0, 2.200000047683716, 0.0; Actual Efforts: -0.003100108355283737, -15.514021873474121, -12.161596298217773, -0.18296188116073608, -0.5658023357391357, -3.387637138366699, 0.0; Actual Accelerations: 0.0, 0.0, 0.0, 0.0, 0.0, 0.0, 0.0; Commanded Angles: 3.141593, 0.0, -1.570796, 0.0, 0.0, 0.6129053118277104, 0.0; Commanded Speeds: 0.0, 0.0, 0.0, 0.0, 0.0, 2.1221498701129717, 0.0; Commanded Accelerations: 0, 0, 0, 0, 0, 1, 0
249, 47669.075372, Actual Angles: 3.1415927410125732, 0.0, -1.5707963705062866, 0.0, 0.0, 0.4055359959602356, 0.0; Actual Speeds: 0.0, 0.0, 0.0, 0.0, 0.0, 2.184000015258789, 0.0; Actual Efforts: -0.002692632609978318, -15.51230525970459, -12.160069465637207, -0.18358585238456726, -0.5654868483543396, -3.055328130722046, 0.0; Actual Accelerations: 0.0, 0.0, 0.0, 0.0, 0.0, 0.0, 0.0; Commanded Angles: 3.141593, 0.0, -1.570796, 0.0, 0.0, 0.6562796905444416, 0.0; Commanded Speeds: 0.0, 0.0, 0.0, 0.0, 0.0, 2.089901760102922, 0.0; Commanded Accelerations: 0, 0, 0, 0, 0, 1, 0
250, 47669.108659, Actual Angles: 3.1415927410125732, 0.0, -1.5707963705062866, 0.0, 0.0, 0.47440001368522644, 0.0; Actual Speeds: 0.0, 0.0, 0.0, 0.0, 0.0, 2.119999885559082, 0.0; Actual Efforts: -0.002957874210551381, -15.51341438293457, -12.161056518554688, -0.18345707654953003, -0.5656907558441162, -2.7720396518707275, 0.0; Actual Accelerations: 0.0, 0.0, 0.0, 0.0, 0.0, 0.0, 0.0; Commanded Angles: 3.141593, 0.0, -1.570796, 0.0, 0.0, 0.7436564135940787, 0.0; Commanded Speeds: 0.0, 0.0, 0.0, 0.0, 0.0, 2.016400840800644, 0.0; Commanded Accelerations: 0, 0, 0, 0, 0, 1, 0
251, 47669.142202, Actual Angles: 3.1415927410125732, 0.0, -1.5707963705062866, 0.0, 0.0, 0.5500159859657288, 0.0; Actual Speeds: 0.0, 0.0, 0.0, 0.0, 0.0, 2.055999994277954, 0.0; Actual Efforts: -0.002829953096807003, -15.513134956359863, -12.160807609558105, -0.1837856024503708, -0.565639317035675, -2.807981014251709, 0.0; Actual Accelerations: 0.0, 0.0, 0.0, 0.0, 0.0, 0.0, 0.0; Commanded Angles: 3.141593, 0.0, -1.570796, 0.0, 0.0, 0.7851044208346493, 0.0; Commanded Speeds: 0.0, 0.0, 0.0, 0.0, 0.0, 1.9772525698721237, 0.0; Commanded Accelerations: 0, 0, 0, 0, 0, 1, 0
252, 47669.176065, Actual Angles: 3.1415927410125732, 0.0, -1.5707963705062866, 0.0, 0.0, 0.6152960062026978, 0.0; Actual Speeds: 0.0, 0.0, 0.0, 0.0, 0.0, 2.007999897003174, 0.0; Actual Efforts: -0.0026636698748916388, -15.512872695922852, -12.160573959350586, -0.18416762351989746, -0.565591037273407, -3.084883689880371, 0.0; Actual Accelerations: 0.0, 0.0, 0.0, 0.0, 0.0, 0.0, 0.0; Commanded Angles: 3.141593, 0.0, -1.570796, 0.0, 0.0, 0.8655538582502401, 0.0; Commanded Speeds: 0.0, 0.0, 0.0, 0.0, 0.0, 1.8925829851915799, 0.0; Commanded Accelerations: 0, 0, 0, 0, 0, 2, 0
253, 47669.209890, Actual Angles: 3.1415927410125732, 0.0, -1.5707963705062866, 0.0, 0.0, 0.6863999962806702, 0.0; Actual Speeds: 0.0, 0.0, 0.0, 0.0, 0.0, 1.9359999895095825, 0.0; Actual Efforts: -0.0023997072130441666, -15.512558937072754, -12.160294532775879, -0.1846708059310913, -0.5655333995819092, -3.1911964416503906, 0.0; Actual Accelerations: 0.0, 0.0, 0.0, 0.0, 0.0, 0.0, 0.0; Commanded Angles: 3.141593, 0.0, -1.570796, 0.0, 0.0, 0.9425134701276876, 0.0; Commanded Speeds: 0.0, 0.0, 0.0, 0.0, 0.0, 1.7995932965939685, 0.0; Commanded Accelerations: 0, 0, 0, 0, 0, 2, 0
254, 47669.242769, Actual Angles: 3.1415927410125732, 0.0, -1.5707963705062866, 0.0, 0.0, 0.7471359968185425, 0.0; Actual Speeds: 0.0, 0.0, 0.0, 0.0, 0.0, 1.8880000114440918, 0.0; Actual Efforts: -0.002136028138920665, -15.512349128723145, -12.16010856628418, -0.18515081703662872, -0.5654948353767395, -3.079479694366455, 0.0; Actual Accelerations: 0.0, 0.0, 0.0, 0.0, 0.0, 0.0, 0.0; Commanded Angles: 3.141593, 0.0, -1.570796, 0.0, 0.0, 0.9790021600125324, 0.0; Commanded Speeds: 0.0, 0.0, 0.0, 0.0, 0.0, 1.7508676960655771, 0.0; Commanded Accelerations: 0, 0, 0, 0, 0, 2, 0
255, 47669.276671, Actual Angles: 3.1415927410125732, 0.0, -1.5707963705062866, 0.0, 0.0, 0.8055679798126221, 0.0; Actual Speeds: 0.0, 0.0, 0.0, 0.0, 0.0, 1.7920000553131104, 0.0; Actual Efforts: -0.001106994110159576, -15.511268615722656, -12.159147262573242, -0.18611930310726166, -0.5652963519096375, -2.8730697631835938, 0.0; Actual Accelerations: 0.0, 0.0, 0.0, 0.0, 0.0, 0.0, 0.0; Commanded Angles: 3.141593, 0.0, -1.570796, 0.0, 0.0, 1.0491784271106552, 0.0; Commanded Speeds: 0.0, 0.0, 0.0, 0.0, 0.0, 1.6475291010055122, 0.0; Commanded Accelerations: 0, 0, 0, 0, 0, 2, 0
256, 47669.311174, Actual Angles: 3.1415927410125732, 0.0, -1.5707963705062866, 0.0, 0.0, 0.8689919710159302, 0.0; Actual Speeds: 0.0, 0.0, 0.0, 0.0, 0.0, 1.6959999799728394, 0.0; Actual Efforts: -0.0008478041272610426, -15.511275291442871, -12.15915298461914, -0.18661409616470337, -0.5652976036071777, -2.59216570854187, 0.0; Actual Accelerations: 0.0, 0.0, 0.0, 0.0, 0.0, 0.0, 0.0; Commanded Angles: 3.141593, 0.0, -1.570796, 0.0, 0.0, 1.1166619845412242, 0.0; Commanded Speeds: 0.0, 0.0, 0.0, 0.0, 0.0, 1.534183890284377, 0.0; Commanded Accelerations: 0, 0, 0, 0, 0, 2, 0
257, 47669.345057, Actual Angles: 3.1415927410125732, 0.0, -1.5707963705062866, 0.0, 0.0, 0.9291200041770935, 0.0; Actual Speeds: 0.0, 0.0, 0.0, 0.0, 0.0, 1.6239999532699585, 0.0; Actual Efforts: 0.00036185866338200867, -15.51053237915039, -12.158492088317871, -0.18763262033462524, -0.5651611089706421, -2.687786340713501, 0.0; Actual Accelerations: 0.0, 0.0, 0.0, 0.0, 0.0, 0.0, 0.0; Commanded Angles: 3.141593, 0.0, -1.570796, 0.0, 0.0, 1.1478104063164665, 0.0; Commanded Speeds: 0.0, 0.0, 0.0, 0.0, 0.0, 1.4763748546149837, 0.0; Commanded Accelerations: 0, 0, 0, 0, 0, 2, 0
258, 47669.345801, Actual Angles: 3.1415927410125732, 0.0, -1.5707963705062866, 0.0, 0.0, 0.9291200041770935, 0.0; Actual Speeds: 0.0, 0.0, 0.0, 0.0, 0.0, 1.6239999532699585, 0.0; Actual Efforts: 0.00036185866338200867, -15.51053237915039, -12.158492088317871, -0.18763262033462524, -0.5651611089706421, -2.687786340713501, 0.0; Actual Accelerations: 0.0, 0.0, 0.0, 0.0, 0.0, 0.0, 0.0; Commanded Angles: 3.141593, 0.0, -1.570796, 0.0, 0.0, 1.1774744897350558, 0.0; Commanded Speeds: 0.0, 0.0, 0.0, 0.0, 0.0, 1.4175639976154448, 0.0; Commanded Accelerations: 0, 0, 0, 0, 0, 2, 0
259, 47669.377310, Actual Angles: 3.1415927410125732, 0.0, -1.5707963705062866, 0.0, 0.0, 0.9794880151748657, 0.0; Actual Speeds: 0.0, 0.0, 0.0, 0.0, 0.0, 1.527999997138977, 0.0; Actual Efforts: 0.0006981496117077768, -15.510594367980957, -12.158547401428223, -0.18818077445030212, -0.5651723742485046, -2.490513563156128, 0.0; Actual Accelerations: 0.0, 0.0, 0.0, 0.0, 0.0, 0.0, 0.0; Commanded Angles: 3.141593, 0.0, -1.570796, 0.0, 0.0, 1.2085973226435134, 0.0; Commanded Speeds: 0.0, 0.0, 0.0, 0.0, 0.0, 1.3513901134254993, 0.0; Commanded Accelerations: 0, 0, 0, 0, 0, 2, 0
260, 47669.411027, Actual Angles: 3.1415927410125732, 0.0, -1.5707963705062866, 0.0, 0.0, 1.0270400047302246, 0.0; Actual Speeds: 0.0, 0.0, 0.0, 0.0, 0.0, 1.4800000190734863, 0.0; Actual Efforts: 0.00100606307387352, -15.510704040527344, -12.158644676208496, -0.18871735036373138, -0.5651926398277283, -2.425363063812256, 0.0; Actual Accelerations: 0.0, 0.0, 0.0, 0.0, 0.0, 0.0, 0.0; Commanded Angles: 3.141593, 0.0, -1.570796, 0.0, 0.0, 1.2357707034067171, 0.0; Commanded Speeds: 0.0, 0.0, 0.0, 0.0, 0.0, 1.2893277925585835, 0.0; Commanded Accelerations: 0, 0, 0, 0, 0, 3, 0
261, 47669.445041, Actual Angles: 3.1415927410125732, 0.0, -1.5707963705062866, 0.0, 0.0, 1.0776959657669067, 0.0; Actual Speeds: 0.0, 0.0, 0.0, 0.0, 0.0, 1.3200000524520874, 0.0; Actual Efforts: 0.001172960503026843, -15.510955810546875, -12.158868789672852, -0.1892383098602295, -0.565238893032074, -2.4489409923553467, 0.0; Actual Accelerations: 0.0, 0.0, 0.0, 0.0, 0.0, 0.0, 0.0; Commanded Angles: 3.141593, 0.0, -1.570796, 0.0, 0.0, 1.2865447330544464, 0.0; Commanded Speeds: 0.0, 0.0, 0.0, 0.0, 0.0, 1.1603321677631704, 0.0; Commanded Accelerations: 0, 0, 0, 0, 0, 3, 0
262, 47669.478351, Actual Angles: 3.1415927410125732, 0.0, -1.5707963705062866, 0.0, 0.0, 1.1190400123596191, 0.0; Actual Speeds: 0.0, 0.0, 0.0, 0.0, 0.0, 1.2719999551773071, 0.0; Actual Efforts: 0.0013615834759548306, -15.51113224029541, -12.159026145935059, -0.18972113728523254, -0.5652713179588318, -2.0761568546295166, 0.0; Actual Accelerations: 0.0, 0.0, 0.0, 0.0, 0.0, 0.0, 0.0; Commanded Angles: 3.141593, 0.0, -1.570796, 0.0, 0.0, 1.3096914079143904, 0.0; Commanded Speeds: 0.0, 0.0, 0.0, 0.0, 0.0, 1.0945748767954198, 0.0; Commanded Accelerations: 0, 0, 0, 0, 0, 3, 0
263, 47669.512996, Actual Angles: 3.1415927410125732, 0.0, -1.5707963705062866, 0.0, 0.0, 1.1619839668273926, 0.0; Actual Speeds: 0.0, 0.0, 0.0, 0.0, 0.0, 1.1519999504089355, 0.0; Actual Efforts: 0.0016768684145063162, -15.51128101348877, -12.159157752990723, -0.19029472768306732, -0.5652984976768494, -1.7495002746582031, 0.0; Actual Accelerations: 0.0, 0.0, 0.0, 0.0, 0.0, 0.0, 0.0; Commanded Angles: 3.141593, 0.0, -1.570796, 0.0, 0.0, 1.3716148161404949, 0.0; Commanded Speeds: 0.0, 0.0, 0.0, 0.0, 0.0, 0.8879288764914702, 0.0; Commanded Accelerations: 0, 0, 0, 0, 0, 3, 0
264, 47669.545420, Actual Angles: 3.1415927410125732, 0.0, -1.5707963705062866, 0.0, 0.0, 1.1967999935150146, 0.0; Actual Speeds: 0.0, 0.0, 0.0, 0.0, 0.0, 1.0399999618530273, 0.0; Actual Efforts: 0.0017693624831736088, -15.511503219604492, -12.159355163574219, -0.19071044027805328, -0.5653393268585205, -1.8074254989624023, 0.0; Actual Accelerations: 0.0, 0.0, 0.0, 0.0, 0.0, 0.0, 0.0; Commanded Angles: 3.141593, 0.0, -1.570796, 0.0, 0.0, 1.3894790981149565, 0.0; Commanded Speeds: 0.0, 0.0, 0.0, 0.0, 0.0, 0.8165250936345051, 0.0; Commanded Accelerations: 0, 0, 0, 0, 0, 3, 0
265, 47669.578806, Actual Angles: 3.1415927410125732, 0.0, -1.5707963705062866, 0.0, 0.0, 1.2280960083007812, 0.0; Actual Speeds: 0.0, 0.0, 0.0, 0.0, 0.0, 0.9440000057220459, 0.0; Actual Efforts: 0.0018637801986187696, -15.511709213256836, -12.159538269042969, -0.19110995531082153, -0.5653771758079529, -1.9401085376739502, 0.0; Actual Accelerations: 0.0, 0.0, 0.0, 0.0, 0.0, 0.0, 0.0; Commanded Angles: 3.141593, 0.0, -1.570796, 0.0, 0.0, 1.405763327016199, 0.0; Commanded Speeds: 0.0, 0.0, 0.0, 0.0, 0.0, 0.7445811967267292, 0.0; Commanded Accelerations: 0, 0, 0, 0, 0, 3, 0
266, 47669.612428, Actual Angles: 3.1415927410125732, 0.0, -1.5707963705062866, 0.0, 0.0, 1.2558720111846924, 0.0; Actual Speeds: 0.0, 0.0, 0.0, 0.0, 0.0, 0.8159999847412109, 0.0; Actual Efforts: 0.001370851183310151, -15.51213264465332, -12.159915924072266, -0.19129279255867004, -0.5654550194740295, -1.4167602062225342, 0.0; Actual Accelerations: 0.0, 0.0, 0.0, 0.0, 0.0, 0.0, 0.0; Commanded Angles: 3.141593, 0.0, -1.570796, 0.0, 0.0, 1.4334139674070703, 0.0; Commanded Speeds: 0.0, 0.0, 0.0, 0.0, 0.0, 0.6005811031835601, 0.0; Commanded Accelerations: 0, 0, 0, 0, 0, 3, 0
267, 47669.645904, Actual Angles: 3.1415927410125732, 0.0, -1.5707963705062866, 0.0, 0.0, 1.2833919525146484, 0.0; Actual Speeds: 0.0, 0.0, 0.0, 0.0, 0.0, 0.7200000286102295, 0.0; Actual Efforts: 0.0015733594773337245, -15.512252807617188, -12.160022735595703, -0.1916877180337906, -0.5654772520065308, -1.5860793590545654, 0.0; Actual Accelerations: 0.0, 0.0, 0.0, 0.0, 0.0, 0.0, 0.0; Commanded Angles: 3.141593, 0.0, -1.570796, 0.0, 0.0, 1.4450509260024462, 0.0; Commanded Speeds: 0.0, 0.0, 0.0, 0.0, 0.0, 0.527302731921448, 0.0; Commanded Accelerations: 0, 0, 0, 0, 0, 3, 0
268, 47669.679663, Actual Angles: 3.1415927410125732, 0.0, -1.5707963705062866, 0.0, 0.0, 1.3040000200271606, 0.0; Actual Speeds: 0.0, 0.0, 0.0, 0.0, 0.0, 0.5920000076293945, 0.0; Actual Efforts: 0.0016202257247641683, -15.51241397857666, -12.16016674041748, -0.19198887050151825, -0.5655068159103394, -1.2822641134262085, 0.0; Actual Accelerations: 0.0, 0.0, 0.0, 0.0, 0.0, 0.0, 0.0; Commanded Angles: 3.141593, 0.0, -1.570796, 0.0, 0.0, 1.4638275745736709, 0.0; Commanded Speeds: 0.0, 0.0, 0.0, 0.0, 0.0, 0.3785250542491565, 0.0; Commanded Accelerations: 0, 0, 0, 0, 0, 3, 0
269, 47669.713261, Actual Angles: 3.1415927410125732, 0.0, -1.5707963705062866, 0.0, 0.0, 1.32150399684906, 0.0; Actual Speeds: 0.0, 0.0, 0.0, 0.0, 0.0, 0.42399999499320984, 0.0; Actual Efforts: 0.0017652364913374186, -15.512545585632324, -12.160283088684082, -0.19232763350009918, -0.5655308961868286, -1.4467577934265137, 0.0; Actual Accelerations: 0.0, 0.0, 0.0, 0.0, 0.0, 0.0, 0.0; Commanded Angles: 3.141593, 0.0, -1.570796, 0.0, 0.0, 1.4763851299000763, 0.0; Commanded Speeds: 0.0, 0.0, 0.0, 0.0, 0.0, 0.22842968329335303, 0.0; Commanded Accelerations: 0, 0, 0, 0, 0, 3, 0
270, 47669.746858, Actual Angles: 3.1415927410125732, 0.0, -1.5707963705062866, 0.0, 0.0, 1.333407998085022, 0.0; Actual Speeds: 0.0, 0.0, 0.0, 0.0, 0.0, 0.31200000643730164, 0.0; Actual Efforts: 0.001991406548768282, -15.512625694274902, -12.160354614257812, -0.19262979924678802, -0.5655456185340881, -1.2938660383224487, 0.0; Actual Accelerations: 0.0, 0.0, 0.0, 0.0, 0.0, 0.0, 0.0; Commanded Angles: 3.141593, 0.0, -1.570796, 0.0, 0.0, 1.4827126789836116, 0.0; Commanded Speeds: 0.0, 0.0, 0.0, 0.0, 0.0, 0.07733631172059716, 0.0; Commanded Accelerations: 0, 0, 0, 0, 0, 3, 0
271, 47669.780699, Actual Angles: 3.1415927410125732, 0.0, -1.5707963705062866, 0.0, 0.0, 1.3424960374832153, 0.0; Actual Speeds: 0.0, 0.0, 0.0, 0.0, 0.0, 0.23199999332427979, 0.0; Actual Efforts: 0.0020197327248752117, -15.512755393981934, -12.160470008850098, -0.19282932579517365, -0.5655694603919983, -0.7409339547157288, 0.0; Actual Accelerations: 0.0, 0.0, 0.0, 0.0, 0.0, -53.672733109233164, 0.0; Commanded Angles: 3.141593, 0.0, -1.570796, 0.0, 0.0, 1.483529780421758, 0.0; Commanded Speeds: 0.0, 0.0, 0.0, 0.0, 0.0, 0.0007831341159329929, 0.0; Commanded Accelerations: 0, 0, 0, 0, 0, 3, 0
272, 47669.813917, Actual Angles: 3.1415927410125732, 0.0, -1.5707963705062866, 0.0, 0.0, 1.3477120399475098, 0.0; Actual Speeds: 0.0, 0.0, 0.0, 0.0, 0.0, 0.07199999690055847, 0.0; Actual Efforts: 0.0018705613911151886, -15.512883186340332, -12.16058349609375, -0.19290019571781158, -0.565592885017395, -0.8643998503684998, 0.0; Actual Accelerations: 0.0, 0.0, 0.0, 0.0, 0.0, 0.0, 0.0; Commanded Angles: 3.141593, 0.0, -1.570796, 0.0, 0.0, 1.480484534119182, 0.0; Commanded Speeds: 0.0, 0.0, 0.0, 0.0, 0.0, -0.14923724301329594, 0.0; Commanded Accelerations: 0, 0, 0, 0, 0, 3, 0
273, 47669.848697, Actual Angles: 3.1415927410125732, 0.0, -1.5707963705062866, 0.0, 0.0, 1.3485440015792847, 0.0; Actual Speeds: 0.0, 0.0, 0.0, 0.0, 0.0, -0.04800000041723251, 0.0; Actual Efforts: 0.0017022325191646814, -15.512996673583984, -12.160684585571289, -0.1929330974817276, -0.5656137466430664, -0.6785685420036316, 0.0; Actual Accelerations: 0.0, 0.0, 0.0, 0.0, 0.0, 0.0, 0.0; Commanded Angles: 3.141593, 0.0, -1.570796, 0.0, 0.0, 1.4766255701520044, 0.0; Commanded Speeds: 0.0, 0.0, 0.0, 0.0, 0.0, -0.22456226213362473, 0.0; Commanded Accelerations: 0, 0, 0, 0, 0, 3, 0
274, 47669.881106, Actual Angles: 3.1415927410125732, 0.0, -1.5707963705062866, 0.0, 0.0, 1.3452160358428955, 0.0; Actual Speeds: 0.0, 0.0, 0.0, 0.0, 0.0, -0.14399999380111694, 0.0; Actual Efforts: 0.0018106582574546337, -15.51301383972168, -12.160699844360352, -0.1930280476808548, -0.5656169652938843, -0.5289266109466553, 0.0; Actual Accelerations: 0.0, 0.0, 0.0, 0.0, 0.0, 0.0, 0.0; Commanded Angles: 3.141593, 0.0, -1.570796, 0.0, 0.0, 1.4637771351226307, 0.0; Commanded Speeds: 0.0, 0.0, 0.0, 0.0, 0.0, -0.379006028785827, 0.0; Commanded Accelerations: 0, 0, 0, 0, 0, 3, 0
275, 47669.915800, Actual Angles: 3.1415927410125732, 0.0, -1.5707963705062866, 0.0, 0.0, 1.3375999927520752, 0.0; Actual Speeds: 0.0, 0.0, 0.0, 0.0, 0.0, -0.30399999022483826, 0.0; Actual Efforts: 0.001918495399877429, -15.513009071350098, -12.160696029663086, -0.19308552145957947, -0.5656161308288574, -0.9702171087265015, 0.0; Actual Accelerations: 0.0, 0.0, 0.0, 0.0, 0.0, 0.0, 0.0; Commanded Angles: 3.141593, 0.0, -1.570796, 0.0, 0.0, 1.4443227005146955, 0.0; Commanded Speeds: 0.0, 0.0, 0.0, 0.0, 0.0, -0.5322028448225179, 0.0; Commanded Accelerations: 0, 0, 0, 0, 0, 3, 0
276, 47669.948524, Actual Angles: 3.1415927410125732, 0.0, -1.5707963705062866, 0.0, 0.0, 1.32697594165802, 0.0; Actual Speeds: 0.0, 0.0, 0.0, 0.0, 0.0, -0.3840000033378601, 0.0; Actual Efforts: 0.0018871957436203957, -15.51301383972168, -12.160699844360352, -0.19304272532463074, -0.5656169652938843, 0.07162917405366898, 0.0; Actual Accelerations: 0.0, 0.0, 0.0, 0.0, 0.0, -42.366492814352, 0.0; Commanded Angles: 3.141593, 0.0, -1.570796, 0.0, 0.0, 1.432475363209014, 0.0; Commanded Speeds: 0.0, 0.0, 0.0, 0.0, 0.0, -0.6060815225259487, 0.0; Commanded Accelerations: 0, 0, 0, 0, 0, 3, 0
277, 47669.982577, Actual Angles: 3.1415927410125732, 0.0, -1.5707963705062866, 0.0, 0.0, 1.3100160360336304, 0.0; Actual Speeds: 0.0, 0.0, 0.0, 0.0, 0.0, -0.5440000295639038, 0.0; Actual Efforts: 0.002175442175939679, -15.512916564941406, -12.160613059997559, -0.19308996200561523, -0.5655990839004517, 0.22139470279216766, 0.0; Actual Accelerations: 0.0, 0.0, 0.0, 0.0, 0.0, 0.0, 0.0; Commanded Angles: 3.141593, 0.0, -1.570796, 0.0, 0.0, 1.4039783431494386, 0.0; Commanded Speeds: 0.0, 0.0, 0.0, 0.0, 0.0, -0.7528452847132755, 0.0; Commanded Accelerations: 0, 0, 0, 0, 0, 3, 0
278, 47670.017066, Actual Angles: 3.1415927410125732, 0.0, -1.5707963705062866, 0.0, 0.0, 1.2884800434112549, 0.0; Actual Speeds: 0.0, 0.0, 0.0, 0.0, 0.0, -0.6639999747276306, 0.0; Actual Efforts: 0.0022437458392232656, -15.512832641601562, -12.160538673400879, -0.192987322807312, -0.5655835866928101, 0.3874950706958771, 0.0; Actual Accelerations: 0.0, 0.0, 0.0, 0.0, 0.0, -10.581249962648421, 0.0; Commanded Angles: 3.141593, 0.0, -1.570796, 0.0, 0.0, 1.3694948207242645, 0.0; Commanded Speeds: 0.0, 0.0, 0.0, 0.0, 0.0, -0.8959665744911851, 0.0; Commanded Accelerations: 0, 0, 0, 0, 0, 3, 0
279, 47670.050001, Actual Angles: 3.1415927410125732, 0.0, -1.5707963705062866, 0.0, 0.0, 1.2663359642028809, 0.0; Actual Speeds: 0.0, 0.0, 0.0, 0.0, 0.0, -0.7279999852180481, 0.0; Actual Efforts: 0.002167843747884035, -15.512765884399414, -12.160479545593262, -0.1927986443042755, -0.5655714273452759, 0.17515555024147034, 0.0; Actual Accelerations: 0.0, 0.0, 0.0, 0.0, 0.0, 0.0, 0.0; Commanded Angles: 3.141593, 0.0, -1.570796, 0.0, 0.0, 1.3503497171595151, 0.0; Commanded Speeds: 0.0, 0.0, 0.0, 0.0, 0.0, -0.9650066765045558, 0.0; Commanded Accelerations: 0, 0, 0, 0, 0, 3, 0
280, 47670.084285, Actual Angles: 3.1415927410125732, 0.0, -1.5707963705062866, 0.0, 0.0, 1.2400319576263428, 0.0; Actual Speeds: 0.0, 0.0, 0.0, 0.0, 0.0, -0.8880000114440918, 0.0; Actual Efforts: 0.00204194663092494, -15.512697219848633, -12.160418510437012, -0.1925545483827591, -0.5655588507652283, 0.5129299759864807, 0.0; Actual Accelerations: 0.0, 0.0, 0.0, 0.0, 0.0, 0.0, 0.0; Commanded Angles: 3.141593, 0.0, -1.570796, 0.0, 0.0, 1.3075991945461318, 0.0; Commanded Speeds: 0.0, 0.0, 0.0, 0.0, 0.0, -1.1007295206243077, 0.0; Commanded Accelerations: 0, 0, 0, 0, 0, 3, 0
281, 47670.116733, Actual Angles: 3.1415927410125732, 0.0, -1.5707963705062866, 0.0, 0.0, 1.2100160121917725, 0.0; Actual Speeds: 0.0, 0.0, 0.0, 0.0, 0.0, -1.0, 0.0; Actual Efforts: 0.0017072282498702407, -15.512661933898926, -12.16038703918457, -0.1921585500240326, -0.565552294254303, 0.5265270471572876, 0.0; Actual Accelerations: 0.0, 0.0, 0.0, 0.0, 0.0, 0.0, 0.0; Commanded Angles: 3.141593, 0.0, -1.570796, 0.0, 0.0, 1.2835444254758461, 0.0; Commanded Speeds: 0.0, 0.0, 0.0, 0.0, 0.0, -1.1685020378630653, 0.0; Commanded Accelerations: 0, 0, 0, 0, 0, 3, 0
282, 47670.150010, Actual Angles: 3.1415927410125732, 0.0, -1.5707963705062866, 0.0, 0.0, 1.1726080179214478, 0.0; Actual Speeds: 0.0, 0.0, 0.0, 0.0, 0.0, -1.0640000104904175, 0.0; Actual Efforts: 0.0017386041581630707, -15.512500762939453, -12.16024398803711, -0.1919064223766327, -0.5655227303504944, 0.6262316107749939, 0.0; Actual Accelerations: 0.0, 0.0, 0.0, 0.0, 0.0, 0.0, 0.0; Commanded Angles: 3.141593, 0.0, -1.570796, 0.0, 0.0, 1.23158298810147, 0.0; Commanded Speeds: 0.0, 0.0, 0.0, 0.0, 0.0, -1.2991769560521984, 0.0; Commanded Accelerations: 0, 0, 0, 0, 0, 3, 0
283, 47670.183581, Actual Angles: 3.1415927410125732, 0.0, -1.5707963705062866, 0.0, 0.0, 1.135424017906189, 0.0; Actual Speeds: 0.0, 0.0, 0.0, 0.0, 0.0, -1.2239999771118164, 0.0; Actual Efforts: 0.0014978080289438367, -15.512422561645508, -12.160173416137695, -0.19150976836681366, -0.5655083656311035, 0.7754580974578857, 0.0; Actual Accelerations: 0.0, 0.0, 0.0, 0.0, 0.0, 0.0, 0.0; Commanded Angles: 3.141593, 0.0, -1.570796, 0.0, 0.0, 1.2035522276885013, 0.0; Commanded Speeds: 0.0, 0.0, 0.0, 0.0, 0.0, -1.3624545256282048, 0.0; Commanded Accelerations: 0, 0, 0, 0, 0, 2, 0
284, 47670.217123, Actual Angles: 3.1415927410125732, 0.0, -1.5707963705062866, 0.0, 0.0, 1.0899840593338013, 0.0; Actual Speeds: 0.0, 0.0, 0.0, 0.0, 0.0, -1.312000036239624, 0.0; Actual Efforts: 0.000892584037501365, -15.512495040893555, -12.160238265991211, -0.19088391959667206, -0.5655215978622437, 1.0677210092544556, 0.0; Actual Accelerations: 0.0, 0.0, 0.0, 0.0, 0.0, 0.0, 0.0; Commanded Angles: 3.141593, 0.0, -1.570796, 0.0, 0.0, 1.1446787654915938, 0.0; Commanded Speeds: 0.0, 0.0, 0.0, 0.0, 0.0, -1.482361901596124, 0.0; Commanded Accelerations: 0, 0, 0, 0, 0, 2, 0
285, 47670.251222, Actual Angles: 3.1415927410125732, 0.0, -1.5707963705062866, 0.0, 0.0, 1.046336054801941, 0.0; Actual Speeds: 0.0, 0.0, 0.0, 0.0, 0.0, -1.4240000247955322, 0.0; Actual Efforts: 0.0012694052420556545, -15.512107849121094, -12.159893989562988, -0.19069747626781464, -0.5654505491256714, 1.2607651948928833, 0.0; Actual Accelerations: 0.0, 0.0, 0.0, 0.0, 0.0, 0.0, 0.0; Commanded Angles: 3.141593, 0.0, -1.570796, 0.0, 0.0, 1.078261040647997, 0.0; Commanded Speeds: 0.0, 0.0, 0.0, 0.0, 0.0, -1.6005281415263666, 0.0; Commanded Accelerations: 0, 0, 0, 0, 0, 2, 0
286, 47670.284500, Actual Angles: 3.1415927410125732, 0.0, -1.5707963705062866, 0.0, 0.0, 0.9935359954833984, 0.0; Actual Speeds: 0.0, 0.0, 0.0, 0.0, 0.0, -1.4880000352859497, 0.0; Actual Efforts: 0.0004999744705855846, -15.512295722961426, -12.16006088256836, -0.1899392008781433, -0.5654850006103516, 1.318611741065979, 0.0; Actual Accelerations: 0.0, 0.0, 0.0, 0.0, 0.0, 0.0, 0.0; Commanded Angles: 3.141593, 0.0, -1.570796, 0.0, 0.0, 1.0417641398321207, 0.0; Commanded Speeds: 0.0, 0.0, 0.0, 0.0, 0.0, -1.6590973102954696, 0.0; Commanded Accelerations: 0, 0, 0, 0, 0, 2, 0
287, 47670.318170, Actual Angles: 3.1415927410125732, 0.0, -1.5707963705062866, 0.0, 0.0, 0.9437440037727356, 0.0; Actual Speeds: 0.0, 0.0, 0.0, 0.0, 0.0, -1.6160000562667847, 0.0; Actual Efforts: 0.00033097798586823046, -15.51218318939209, -12.159960746765137, -0.18947045505046844, -0.5654643177986145, 1.4089423418045044, 0.0; Actual Accelerations: 0.0, 0.0, 0.0, 0.0, 0.0, 0.0, 0.0; Commanded Angles: 3.141593, 0.0, -1.570796, 0.0, 0.0, 0.9677997826064171, 0.0; Commanded Speeds: 0.0, 0.0, 0.0, 0.0, 0.0, -1.7661678207783418, 0.0; Commanded Accelerations: 0, 0, 0, 0, 0, 2, 0
288, 47670.351509, Actual Angles: 3.1415927410125732, 0.0, -1.5707963705062866, 0.0, 0.0, 0.8913919925689697, 0.0; Actual Speeds: 0.0, 0.0, 0.0, 0.0, 0.0, -1.7039999961853027, 0.0; Actual Efforts: 1.2521724102043663e-06, -15.512157440185547, -12.159937858581543, -0.18886570632457733, -0.5654596090316772, 1.55388343334198, 0.0; Actual Accelerations: 0.0, 0.0, 0.0, 0.0, 0.0, -65.88370016652976, 0.0; Commanded Angles: 3.141593, 0.0, -1.570796, 0.0, 0.0, 0.9306443696830549, 0.0; Commanded Speeds: 0.0, 0.0, 0.0, 0.0, 0.0, -1.8147707893859966, 0.0; Commanded Accelerations: 0, 0, 0, 0, 0, 2, 0
289, 47670.385644, Actual Angles: 3.1415927410125732, 0.0, -1.5707963705062866, 0.0, 0.0, 0.82915198802948, 0.0; Actual Speeds: 0.0, 0.0, 0.0, 0.0, 0.0, -1.7680000066757202, 0.0; Actual Efforts: -0.0002254953287774697, -15.512100219726562, -12.159887313842773, -0.18834593892097473, -0.5654491186141968, 1.8357925415039062, 0.0; Actual Accelerations: 0.0, 0.0, 0.0, 0.0, 0.0, 0.0, 0.0; Commanded Angles: 3.141593, 0.0, -1.570796, 0.0, 0.0, 0.8447018509126873, 0.0; Commanded Speeds: 0.0, 0.0, 0.0, 0.0, 0.0, -1.915688770844685, 0.0; Commanded Accelerations: 0, 0, 0, 0, 0, 2, 0
290, 47670.418734, Actual Angles: 3.1415927410125732, 0.0, -1.5707963705062866, 0.0, 0.0, 0.7713599801063538, 0.0; Actual Speeds: 0.0, 0.0, 0.0, 0.0, 0.0, -1.815999984741211, 0.0; Actual Efforts: -0.00045877930824644864, -15.51205825805664, -12.159849166870117, -0.18781860172748566, -0.5654413104057312, 1.973680019378662, 0.0; Actual Accelerations: 0.0, 0.0, 0.0, 0.0, 0.0, 0.0, 0.0; Commanded Angles: 3.141593, 0.0, -1.570796, 0.0, 0.0, 0.804762239642956, 0.0; Commanded Speeds: 0.0, 0.0, 0.0, 0.0, 0.0, -1.9576550441168972, 0.0; Commanded Accelerations: 0, 0, 0, 0, 0, 1, 0
291, 47670.452407, Actual Angles: 3.1415927410125732, 0.0, -1.5707963705062866, 0.0, 0.0, 0.7114560008049011, 0.0; Actual Speeds: 0.0, 0.0, 0.0, 0.0, 0.0, -1.9279999732971191, 0.0; Actual Efforts: -9.850235073827207e-06, -15.511276245117188, -12.159153938293457, -0.18758097290992737, -0.5652977228164673, 2.380436420440674, 0.0; Actual Accelerations: 0.0, 0.0, 0.0, 0.0, 0.0, 0.0, 0.0; Commanded Angles: 3.141593, 0.0, -1.570796, 0.0, 0.0, 0.7218726978918825, 0.0; Commanded Speeds: 0.0, 0.0, 0.0, 0.0, 0.0, -2.035839707706834, 0.0; Commanded Accelerations: 0, 0, 0, 0, 0, 1, 0
292, 47670.486746, Actual Angles: 3.1415927410125732, 0.0, -1.5707963705062866, 0.0, 0.0, 0.641215980052948, 0.0; Actual Speeds: 0.0, 0.0, 0.0, 0.0, 0.0, -2.007999897003174, 0.0; Actual Efforts: -0.00034833684912882745, -15.511298179626465, -12.159173011779785, -0.18702326714992523, -0.5653016567230225, 2.5527639389038086, 0.0; Actual Accelerations: 0.0, 0.0, 0.0, 0.0, 0.0, 0.0, 0.0; Commanded Angles: 3.141593, 0.0, -1.570796, 0.0, 0.0, 0.6344339982108267, 0.0; Commanded Speeds: 0.0, 0.0, 0.0, 0.0, 0.0, -2.1064808392745182, 0.0; Commanded Accelerations: 0, 0, 0, 0, 0, 1, 0
293, 47670.519624, Actual Angles: 3.1415927410125732, 0.0, -1.5707963705062866, 0.0, 0.0, 0.5772160291671753, 0.0; Actual Speeds: 0.0, 0.0, 0.0, 0.0, 0.0, -2.007999897003174, 0.0; Actual Efforts: -0.0005664849886670709, -15.511198997497559, -12.159085273742676, -0.18654219806194305, -0.5652835965156555, 2.6935033798217773, 0.0; Actual Accelerations: 0.0, 0.0, 0.0, 0.0, 0.0, 0.0, 0.0; Commanded Angles: 3.141593, 0.0, -1.570796, 0.0, 0.0, 0.590370020343554, 0.0; Commanded Speeds: 0.0, 0.0, 0.0, 0.0, 0.0, -2.1378555879885375, 0.0; Commanded Accelerations: 0, 0, 0, 0, 0, 1, 0
294, 47670.553413, Actual Angles: 3.1415927410125732, 0.0, -1.5707963705062866, 0.0, 0.0, 0.5018879771232605, 0.0; Actual Speeds: 0.0, 0.0, 0.0, 0.0, 0.0, -2.111999988555908, 0.0; Actual Efforts: -0.0008785051177255809, -15.511175155639648, -12.159064292907715, -0.18599236011505127, -0.5652791857719421, 2.696202278137207, 0.0; Actual Accelerations: 0.0, 0.0, 0.0, 0.0, 0.0, 0.0, 0.0; Commanded Angles: 3.141593, 0.0, -1.570796, 0.0, 0.0, 0.5001217999334157, 0.0; Commanded Speeds: 0.0, 0.0, 0.0, 0.0, 0.0, -2.1939133213306383, 0.0; Commanded Accelerations: 0, 0, 0, 0, 0, 1, 0
295, 47670.586944, Actual Angles: 3.1415927410125732, 0.0, -1.5707963705062866, 0.0, 0.0, 0.43398401141166687, 0.0; Actual Speeds: 0.0, 0.0, 0.0, 0.0, 0.0, -2.1440000534057617, 0.0; Actual Efforts: -0.0011767823016270995, -15.511200904846191, -12.159087181091309, -0.1855158656835556, -0.5652839541435242, 2.889230251312256, 0.0; Actual Accelerations: 0.0, 0.0, 0.0, 0.0, 0.0, 0.0, 0.0; Commanded Angles: 3.141593, 0.0, -1.570796, 0.0, 0.0, 0.40708499654581104, 0.0; Commanded Speeds: 0.0, 0.0, 0.0, 0.0, 0.0, -2.2408733224448985, 0.0; Commanded Accelerations: 0, 0, 0, 0, 0, 1, 0
296, 47670.620594, Actual Angles: 3.1415927410125732, 0.0, -1.5707963705062866, 0.0, 0.0, 0.36454400420188904, 0.0; Actual Speeds: 0.0, 0.0, 0.0, 0.0, 0.0, -2.191999912261963, 0.0; Actual Efforts: -0.0015801643021404743, -15.511421203613281, -12.159283638000488, -0.18496502935886383, -0.5653244853019714, 2.7718188762664795, 0.0; Actual Accelerations: 0.0, 0.0, 0.0, 0.0, 0.0, 0.0, 0.0; Commanded Angles: 3.141593, 0.0, -1.570796, 0.0, 0.0, 0.36038812128656905, 0.0; Commanded Speeds: 0.0, 0.0, 0.0, 0.0, 0.0, -2.2605179582462607, 0.0; Commanded Accelerations: 0, 0, 0, 0, 0, 0, 0
297, 47670.653808, Actual Angles: 3.1415927410125732, 0.0, -1.5707963705062866, 0.0, 0.0, 0.2847360074520111, 0.0; Actual Speeds: 0.0, 0.0, 0.0, 0.0, 0.0, -2.240000009536743, 0.0; Actual Efforts: -0.0018616559682413936, -15.51156997680664, -12.159415245056152, -0.18455000221729279, -0.5653517246246338, 2.8869423866271973, 0.0; Actual Accelerations: 0.0, 0.0, 0.0, 0.0, 0.0, 0.0, 0.0; Commanded Angles: 3.141593, 0.0, -1.570796, 0.0, 0.0, 0.31326135585263387, 0.0; Commanded Speeds: 0.0, 0.0, 0.0, 0.0, 0.0, -2.2777782655687853, 0.0; Commanded Accelerations: 0, 0, 0, 0, 0, 0, 0
298, 47670.687767, Actual Angles: 3.1415927410125732, 0.0, -1.5707963705062866, 0.0, 0.0, 0.2126079946756363, 0.0; Actual Speeds: 0.0, 0.0, 0.0, 0.0, 0.0, -2.2720000743865967, 0.0; Actual Efforts: -0.0021143020130693913, -15.511720657348633, -12.159549713134766, -0.1841888278722763, -0.5653795003890991, 2.8057539463043213, 0.0; Actual Accelerations: 0.0, 0.0, 0.0, 0.0, 0.0, 0.0, 0.0; Commanded Angles: 3.141593, 0.0, -1.570796, 0.0, 0.0, 0.21764605016939617, 0.0; Commanded Speeds: 0.0, 0.0, 0.0, 0.0, 0.0, -2.3051087171870193, 0.0; Commanded Accelerations: 0, 0, 0, 0, 0, 0, 0
299, 47670.721718, Actual Angles: 3.1415927410125732, 0.0, -1.5707963705062866, 0.0, 0.0, 0.1303360015153885, 0.0; Actual Speeds: 0.0, 0.0, 0.0, 0.0, 0.0, -2.312000036239624, 0.0; Actual Efforts: -0.0023932005278766155, -15.511983871459961, -12.159783363342285, -0.18382488191127777, -0.5654277801513672, 3.1507389545440674, 0.0; Actual Accelerations: 0.0, 0.0, 0.0, 0.0, 0.0, 0.0, 0.0; Commanded Angles: 3.141593, 0.0, -1.570796, 0.0, 0.0, 0.12137427282751151, 0.0; Commanded Speeds: 0.0, 0.0, 0.0, 0.0, 0.0, -2.322511023630281, 0.0; Commanded Accelerations: 0, 0, 0, 0, 0, 0, 0
300, 47670.754898, Actual Angles: 3.1415927410125732, 0.0, -1.5707963705062866, 0.0, 0.0, 0.05648000165820122, 0.0; Actual Speeds: 0.0, 0.0, 0.0, 0.0, 0.0, -2.312000036239624, 0.0; Actual Efforts: -0.002601871732622385, -15.512219429016113, -12.159993171691895, -0.18356862664222717, -0.5654711127281189, 3.367672920227051, 0.0; Actual Accelerations: 0.0, 0.0, 0.0, 0.0, 0.0, 0.0, 0.0; Commanded Angles: 3.141593, 0.0, -1.570796, 0.0, 0.0, 0.07325923692662016, 0.0; Commanded Speeds: 0.0, 0.0, 0.0, 0.0, 0.0, -2.327480218720765, 0.0; Commanded Accelerations: 0, 0, 0, 0, 0, 0, 0
301, 47670.788682, Actual Angles: 3.1415927410125732, 0.0, -1.5707963705062866, 0.0, 0.0, -0.017696000635623932, 0.0; Actual Speeds: 0.0, 0.0, 0.0, 0.0, 0.0, -2.328000068664551, 0.0; Actual Efforts: -0.0026109034661203623, -15.511197090148926, -12.159083366394043, -0.18371573090553284, -0.5652832388877869, 3.2015318870544434, 0.0; Actual Accelerations: 0.0, 0.0, 0.0, 0.0, 0.0, 0.0, 0.0; Commanded Angles: 3.141593, 0.0, -1.570796, 0.0, 0.0, -0.022907010894992443, 0.0; Commanded Speeds: 0.0, 0.0, 0.0, 0.0, 0.0, -2.330045445964952, 0.0; Commanded Accelerations: 0, 0, 0, 0, 0, 0, 0
302, 47670.822907, Actual Angles: 3.1415927410125732, 0.0, -1.5707963705062866, 0.0, 0.0, -0.1013759970664978, 0.0; Actual Speeds: 0.0, 0.0, 0.0, 0.0, 0.0, -2.3359999656677246, 0.0; Actual Efforts: -0.002858480904251337, -15.5115385055542, -12.159387588500977, -0.18355828523635864, -0.5653461217880249, 2.9787259101867676, 0.0; Actual Accelerations: 0.0, 0.0, 0.0, 0.0, 0.0, -23.535754242920795, 0.0; Commanded Angles: 3.141593, 0.0, -1.570796, 0.0, 0.0, -0.12013857577590734, 0.0; Commanded Speeds: 0.0, 0.0, 0.0, 0.0, 0.0, -2.3226695455796094, 0.0; Commanded Accelerations: 0, 0, 0, 0, 0, 0, 0
303, 47670.857062, Actual Angles: 3.1415927410125732, 0.0, -1.5707963705062866, 0.0, 0.0, -0.1852799952030182, 0.0; Actual Speeds: 0.0, 0.0, 0.0, 0.0, 0.0, -2.319999933242798, 0.0; Actual Efforts: -0.0030408354941755533, -15.511798858642578, -12.159619331359863, -0.18350540101528168, -0.56539386510849, 3.3164751529693604, 0.0; Actual Accelerations: 0.0, 0.0, 0.0, 0.0, 0.0, 0.0, 0.0; Commanded Angles: 3.141593, 0.0, -1.570796, 0.0, 0.0, -0.16852866788004264, 0.0; Commanded Speeds: 0.0, 0.0, 0.0, 0.0, 0.0, -2.3152381289640056, 0.0; Commanded Accelerations: 0, 0, 0, 0, 0, 0, 0
304, 47670.890059, Actual Angles: 3.1415927410125732, 0.0, -1.5707963705062866, 0.0, 0.0, -0.25964799523353577, 0.0; Actual Speeds: 0.0, 0.0, 0.0, 0.0, 0.0, -2.319999933242798, 0.0; Actual Efforts: -0.0031684478744864464, -15.51218318939209, -12.159960746765137, -0.1834956705570221, -0.565464437007904, 3.259280204772949, 0.0; Actual Accelerations: 0.0, 0.0, 0.0, 0.0, 0.0, 0.0, 0.0; Commanded Angles: 3.141593, 0.0, -1.570796, 0.0, 0.0, -0.2638732615498928, 0.0; Commanded Speeds: 0.0, 0.0, 0.0, 0.0, 0.0, -2.293164535976631, 0.0; Commanded Accelerations: 0, 0, 0, 0, 0, 0, 0
305, 47670.923599, Actual Angles: 3.1415927410125732, 0.0, -1.5707963705062866, 0.0, 0.0, -0.3335680067539215, 0.0; Actual Speeds: 0.0, 0.0, 0.0, 0.0, 0.0, -2.2880001068115234, 0.0; Actual Efforts: -0.0032288518268615007, -15.512560844421387, -12.160297393798828, -0.18356052041053772, -0.5655339956283569, 3.088400363922119, 0.0; Actual Accelerations: 0.0, 0.0, 0.0, 0.0, 0.0, 0.0, 0.0; Commanded Angles: 3.141593, 0.0, -1.570796, 0.0, 0.0, -0.3588960583881831, 0.0; Commanded Speeds: 0.0, 0.0, 0.0, 0.0, 0.0, -2.2611036015511186, 0.0; Commanded Accelerations: 0, 0, 0, 0, 0, 0, 0
306, 47670.957818, Actual Angles: 3.1415927410125732, 0.0, -1.5707963705062866, 0.0, 0.0, -0.4164479970932007, 0.0; Actual Speeds: 0.0, 0.0, 0.0, 0.0, 0.0, -2.2880001068115234, 0.0; Actual Efforts: -0.002922246465459466, -15.514257431030273, -12.161806106567383, -0.18343566358089447, -0.5658456087112427, 2.9159140586853027, 0.0; Actual Accelerations: 0.0, 0.0, 0.0, 0.0, 0.0, 0.0, 0.0; Commanded Angles: 3.141593, 0.0, -1.570796, 0.0, 0.0, -0.4061591433799058, 0.0; Commanded Speeds: 0.0, 0.0, 0.0, 0.0, 0.0, -2.241287813675817, 0.0; Commanded Accelerations: 0, 0, 0, 0, 0, -1, 0
307, 47670.991750, Actual Angles: 3.1415927410125732, 0.0, -1.5707963705062866, 0.0, 0.0, -0.48921599984169006, 0.0; Actual Speeds: 0.0, 0.0, 0.0, 0.0, 0.0, -2.25600004196167, 0.0; Actual Efforts: -0.0028225898277014494, -15.514537811279297, -12.162055015563965, -0.18367069959640503, -0.5658971071243286, 2.8385488986968994, 0.0; Actual Accelerations: 0.0, 0.0, 0.0, 0.0, 0.0, 0.0, 0.0; Commanded Angles: 3.141593, 0.0, -1.570796, 0.0, 0.0, -0.49943245100237654, 0.0; Commanded Speeds: 0.0, 0.0, 0.0, 0.0, 0.0, -2.194300755058027, 0.0; Commanded Accelerations: 0, 0, 0, 0, 0, -1, 0
308, 47671.024829, Actual Angles: 3.1415927410125732, 0.0, -1.5707963705062866, 0.0, 0.0, -0.5698239803314209, 0.0; Actual Speeds: 0.0, 0.0, 0.0, 0.0, 0.0, -2.2160000801086426, 0.0; Actual Efforts: -0.0019214617786929011, -15.516197204589844, -12.163532257080078, -0.18373626470565796, -0.5662021636962891, 3.4128293991088867, 0.0; Actual Accelerations: 0.0, 0.0, 0.0, 0.0, 0.0, 0.0, 0.0; Commanded Angles: 3.141593, 0.0, -1.570796, 0.0, 0.0, -0.5934466286426776, 0.0; Commanded Speeds: 0.0, 0.0, 0.0, 0.0, 0.0, -2.1357527699940664, 0.0; Commanded Accelerations: 0, 0, 0, 0, 0, -1, 0
309, 47671.058223, Actual Angles: 3.1415927410125732, 0.0, -1.5707963705062866, 0.0, 0.0, -0.6404799818992615, 0.0; Actual Speeds: 0.0, 0.0, 0.0, 0.0, 0.0, -2.200000047683716, 0.0; Actual Efforts: -0.001618174952454865, -15.516402244567871, -12.163715362548828, -0.18410812318325043, -0.5662398934364319, 3.118892192840576, 0.0; Actual Accelerations: 0.0, 0.0, 0.0, 0.0, 0.0, 0.0, 0.0; Commanded Angles: 3.141593, 0.0, -1.570796, 0.0, 0.0, -0.6377058074867903, 0.0; Commanded Speeds: 0.0, 0.0, 0.0, 0.0, 0.0, -2.1040417563088045, 0.0; Commanded Accelerations: 0, 0, 0, 0, 0, -1, 0
310, 47671.093079, Actual Angles: 3.1415927410125732, 0.0, -1.5707963705062866, 0.0, 0.0, -0.7185279726982117, 0.0; Actual Speeds: 0.0, 0.0, 0.0, 0.0, 0.0, -2.135999917984009, 0.0; Actual Efforts: -0.001296543749049306, -15.51651668548584, -12.163816452026367, -0.18459966778755188, -0.566260814666748, 2.840301275253296, 0.0; Actual Accelerations: 0.0, 0.0, 0.0, 0.0, 0.0, 0.0, 0.0; Commanded Angles: 3.141593, 0.0, -1.570796, 0.0, 0.0, -0.7237934392767394, 0.0; Commanded Speeds: 0.0, 0.0, 0.0, 0.0, 0.0, -2.0341563257405206, 0.0; Commanded Accelerations: 0, 0, 0, 0, 0, -1, 0
311, 47671.124554, Actual Angles: 3.1415927410125732, 0.0, -1.5707963705062866, 0.0, 0.0, -0.7780159711837769, 0.0; Actual Speeds: 0.0, 0.0, 0.0, 0.0, 0.0, -2.1040000915527344, 0.0; Actual Efforts: -0.000983053119853139, -15.516603469848633, -12.163893699645996, -0.18508125841617584, -0.5662767291069031, 2.7778303623199463, 0.0; Actual Accelerations: 0.0, 0.0, 0.0, 0.0, 0.0, 0.0, 0.0; Commanded Angles: 3.141593, 0.0, -1.570796, 0.0, 0.0, -0.765686584217159, 0.0; Commanded Speeds: 0.0, 0.0, 0.0, 0.0, 0.0, -1.9959530530803786, 0.0; Commanded Accelerations: 0, 0, 0, 0, 0, -1, 0
312, 47671.157893, Actual Angles: 3.1415927410125732, 0.0, -1.5707963705062866, 0.0, 0.0, -0.8524159789085388, 0.0; Actual Speeds: 0.0, 0.0, 0.0, 0.0, 0.0, -2.0239999294281006, 0.0; Actual Efforts: -0.0006453003152273595, -15.516668319702148, -12.16395092010498, -0.18559780716896057, -0.5662887096405029, 2.497541904449463, 0.0; Actual Accelerations: 0.0, 0.0, 0.0, 0.0, 0.0, 0.0, 0.0; Commanded Angles: 3.141593, 0.0, -1.570796, 0.0, 0.0, -0.8469234480692289, 0.0; Commanded Speeds: 0.0, 0.0, 0.0, 0.0, 0.0, -1.913267023210456, 0.0; Commanded Accelerations: 0, 0, 0, 0, 0, -2, 0
313, 47671.191366, Actual Angles: 3.1415927410125732, 0.0, -1.5707963705062866, 0.0, 0.0, -0.9167360067367554, 0.0; Actual Speeds: 0.0, 0.0, 0.0, 0.0, 0.0, -1.9919999837875366, 0.0; Actual Efforts: -0.0002929461479652673, -15.51669979095459, -12.163979530334473, -0.18614418804645538, -0.5662944912910461, 2.863025665283203, 0.0; Actual Accelerations: 0.0, 0.0, 0.0, 0.0, 0.0, 0.0, 0.0; Commanded Angles: 3.141593, 0.0, -1.570796, 0.0, 0.0, -0.8864852524234785, 0.0; Commanded Speeds: 0.0, 0.0, 0.0, 0.0, 0.0, -1.8685246291815034, 0.0; Commanded Accelerations: 0, 0, 0, 0, 0, -2, 0
314, 47671.224957, Actual Angles: 3.1415927410125732, 0.0, -1.5707963705062866, 0.0, 0.0, -0.9865599870681763, 0.0; Actual Speeds: 0.0, 0.0, 0.0, 0.0, 0.0, -1.9199999570846558, 0.0; Actual Efforts: 5.0891168939415365e-05, -15.516639709472656, -12.163926124572754, -0.18679450452327728, -0.5662835240364075, 2.8439152240753174, 0.0; Actual Accelerations: 0.0, 0.0, 0.0, 0.0, 0.0, 0.0, 0.0; Commanded Angles: 3.141593, 0.0, -1.570796, 0.0, 0.0, -0.9621866611349723, 0.0; Commanded Speeds: 0.0, 0.0, 0.0, 0.0, 0.0, -1.773718901078673, 0.0; Commanded Accelerations: 0, 0, 0, 0, 0, -2, 0
315, 47671.259802, Actual Angles: 3.1415927410125732, 0.0, -1.5707963705062866, 0.0, 0.0, -1.0463999509811401, 0.0; Actual Speeds: 0.0, 0.0, 0.0, 0.0, 0.0, -1.8240000009536743, 0.0; Actual Efforts: 0.00036212796112522483, -15.516566276550293, -12.163860321044922, -0.18738923966884613, -0.5662700533866882, 2.693187952041626, 0.0; Actual Accelerations: 0.0, 0.0, 0.0, 0.0, 0.0, 0.0, 0.0; Commanded Angles: 3.141593, 0.0, -1.570796, 0.0, 0.0, -1.0339474478635509, 0.0; Commanded Speeds: 0.0, 0.0, 0.0, 0.0, 0.0, -1.671118773955152, 0.0; Commanded Accelerations: 0, 0, 0, 0, 0, -2, 0
316, 47671.292719, Actual Angles: 3.1415927410125732, 0.0, -1.5707963705062866, 0.0, 0.0, -1.104383945465088, 0.0; Actual Speeds: 0.0, 0.0, 0.0, 0.0, 0.0, -1.7599999904632568, 0.0; Actual Efforts: -0.0003271588939242065, -15.51585865020752, -12.163230895996094, -0.1882237046957016, -0.5661400556564331, 2.770010471343994, 0.0; Actual Accelerations: 0.0, 0.0, 0.0, 0.0, 0.0, 0.0, 0.0; Commanded Angles: 3.141593, 0.0, -1.570796, 0.0, 0.0, -1.068586837252904, 0.0; Commanded Speeds: 0.0, 0.0, 0.0, 0.0, 0.0, -1.6164578223509396, 0.0; Commanded Accelerations: 0, 0, 0, 0, 0, -2, 0
317, 47671.326536, Actual Angles: 3.1415927410125732, 0.0, -1.5707963705062866, 0.0, 0.0, -1.1663360595703125, 0.0; Actual Speeds: 0.0, 0.0, 0.0, 0.0, 0.0, -1.6959999799728394, 0.0; Actual Efforts: -5.199496808927506e-05, -15.515788078308105, -12.163167953491211, -0.18882209062576294, -0.5661269426345825, 2.54976749420166, 0.0; Actual Accelerations: 0.0, 0.0, 0.0, 0.0, 0.0, 0.0, 0.0; Commanded Angles: 3.141593, 0.0, -1.570796, 0.0, 0.0, -1.1332716847108146, 0.0; Commanded Speeds: 0.0, 0.0, 0.0, 0.0, 0.0, -1.5038323192968328, 0.0; Commanded Accelerations: 0, 0, 0, 0, 0, -2, 0
318, 47671.360161, Actual Angles: 3.1415927410125732, 0.0, -1.5707963705062866, 0.0, 0.0, -1.2184319496154785, 0.0; Actual Speeds: 0.0, 0.0, 0.0, 0.0, 0.0, -1.6160000562667847, 0.0; Actual Efforts: 0.0002235740830656141, -15.515695571899414, -12.1630859375, -0.18941427767276764, -0.5661100745201111, 2.487285614013672, 0.0; Actual Accelerations: 0.0, 0.0, 0.0, 0.0, 0.0, 0.0, 0.0; Commanded Angles: 3.141593, 0.0, -1.570796, 0.0, 0.0, -1.1637616191628002, 0.0; Commanded Speeds: 0.0, 0.0, 0.0, 0.0, 0.0, -1.4452348483213655, 0.0; Commanded Accelerations: 0, 0, 0, 0, 0, -2, 0
319, 47671.393511, Actual Angles: 3.1415927410125732, 0.0, -1.5707963705062866, 0.0, 0.0, -1.2738879919052124, 0.0; Actual Speeds: 0.0, 0.0, 0.0, 0.0, 0.0, -1.4800000190734863, 0.0; Actual Efforts: 0.000495077867526561, -15.515552520751953, -12.162959098815918, -0.19006700813770294, -0.5660837888717651, 2.3194167613983154, 0.0; Actual Accelerations: 0.0, 0.0, 0.0, 0.0, 0.0, 0.0, 0.0; Commanded Angles: 3.141593, 0.0, -1.570796, 0.0, 0.0, -1.2211328944232935, 0.0; Commanded Speeds: 0.0, 0.0, 0.0, 0.0, 0.0, -1.32329248239912, 0.0; Commanded Accelerations: 0, 0, 0, 0, 0, -3, 0
320, 47671.426978, Actual Angles: 3.1415927410125732, 0.0, -1.5707963705062866, 0.0, 0.0, -1.3201600313186646, 0.0; Actual Speeds: 0.0, 0.0, 0.0, 0.0, 0.0, -1.399999976158142, 0.0; Actual Efforts: 0.0007912455475889146, -15.515427589416504, -12.162847518920898, -0.1906241476535797, -0.5660607814788818, 2.1237077713012695, 0.0; Actual Accelerations: 0.0, 0.0, 0.0, 0.0, 0.0, 0.0, 0.0; Commanded Angles: 3.141593, 0.0, -1.570796, 0.0, 0.0, -1.2735852184689616, 0.0; Commanded Speeds: 0.0, 0.0, 0.0, 0.0, 0.0, -1.1950875597705934, 0.0; Commanded Accelerations: 0, 0, 0, 0, 0, -3, 0
321, 47671.460462, Actual Angles: 3.1415927410125732, 0.0, -1.5707963705062866, 0.0, 0.0, -1.363360047340393, 0.0; Actual Speeds: 0.0, 0.0, 0.0, 0.0, 0.0, -1.2879999876022339, 0.0; Actual Efforts: 0.0010470368433743715, -15.515244483947754, -12.162684440612793, -0.19122838973999023, -0.5660271048545837, 1.8726710081100464, 0.0; Actual Accelerations: 0.0, 0.0, 0.0, 0.0, 0.0, 25.15752095718642, 0.0; Commanded Angles: 3.141593, 0.0, -1.570796, 0.0, 0.0, -1.2980137321777399, 0.0; Commanded Speeds: 0.0, 0.0, 0.0, 0.0, 0.0, -1.1283755132675104, 0.0; Commanded Accelerations: 0, 0, 0, 0, 0, -3, 0
322, 47671.494385, Actual Angles: 3.1415927410125732, 0.0, -1.5707963705062866, 0.0, 0.0, -1.4083199501037598, 0.0; Actual Speeds: 0.0, 0.0, 0.0, 0.0, 0.0, -1.2239999771118164, 0.0; Actual Efforts: 0.0012929836520925164, -15.515076637268066, -12.162534713745117, -0.19173534214496613, -0.5659962892532349, 1.6864181756973267, 0.0; Actual Accelerations: 0.0, 0.0, 0.0, 0.0, 0.0, 0.0, 0.0; Commanded Angles: 3.141593, 0.0, -1.570796, 0.0, 0.0, -1.341770840422513, 0.0; Commanded Speeds: 0.0, 0.0, 0.0, 0.0, 0.0, -0.9940942752552879, 0.0; Commanded Accelerations: 0, 0, 0, 0, 0, -3, 0
323, 47671.527780, Actual Angles: 3.1415927410125732, 0.0, -1.5707963705062866, 0.0, 0.0, -1.4449280500411987, 0.0; Actual Speeds: 0.0, 0.0, 0.0, 0.0, 0.0, -1.0959999561309814, 0.0; Actual Efforts: 0.0013474324950948358, -15.514866828918457, -12.162347793579102, -0.19223184883594513, -0.5659576654434204, 1.9418649673461914, 0.0; Actual Accelerations: 0.0, 0.0, 0.0, 0.0, 0.0, 0.0, 0.0; Commanded Angles: 3.141593, 0.0, -1.570796, 0.0, 0.0, -1.3615062970617773, 0.0; Commanded Speeds: 0.0, 0.0, 0.0, 0.0, 0.0, -0.9255196221005483, 0.0; Commanded Accelerations: 0, 0, 0, 0, 0, -3, 0
324, 47671.560979, Actual Angles: 3.1415927410125732, 0.0, -1.5707963705062866, 0.0, 0.0, -1.4819200038909912, 0.0; Actual Speeds: 0.0, 0.0, 0.0, 0.0, 0.0, -0.9760000109672546, 0.0; Actual Efforts: 0.0015093855326995254, -15.514662742614746, -12.162166595458984, -0.1927356719970703, -0.5659202337265015, 1.5675069093704224, 0.0; Actual Accelerations: 0.0, 0.0, 0.0, 0.0, 0.0, 0.0, 0.0; Commanded Angles: 3.141593, 0.0, -1.570796, 0.0, 0.0, -1.3972691068477883, 0.0; Commanded Speeds: 0.0, 0.0, 0.0, 0.0, 0.0, -0.7830382680074452, 0.0; Commanded Accelerations: 0, 0, 0, 0, 0, -3, 0
325, 47671.594734, Actual Angles: 3.1415927410125732, 0.0, -1.5707963705062866, 0.0, 0.0, -1.5114879608154297, 0.0; Actual Speeds: 0.0, 0.0, 0.0, 0.0, 0.0, -0.9120000004768372, 0.0; Actual Efforts: 0.0017123969737440348, -15.514486312866211, -12.162010192871094, -0.19314061105251312, -0.5658878684043884, 1.3713464736938477, 0.0; Actual Accelerations: 0.0, 0.0, 0.0, 0.0, 0.0, 0.0, 0.0; Commanded Angles: 3.141593, 0.0, -1.570796, 0.0, 0.0, -1.4268728024950217, 0.0; Commanded Speeds: 0.0, 0.0, 0.0, 0.0, 0.0, -0.637857168594918, 0.0; Commanded Accelerations: 0, 0, 0, 0, 0, -3, 0
326, 47671.629099, Actual Angles: 3.1415927410125732, 0.0, -1.5707963705062866, 0.0, 0.0, -1.5376640558242798, 0.0; Actual Speeds: 0.0, 0.0, 0.0, 0.0, 0.0, -0.7360000014305115, 0.0; Actual Efforts: 0.0009584403596818447, -15.514201164245605, -12.16175651550293, -0.19364356994628906, -0.5658354759216309, 1.3822015523910522, 0.0; Actual Accelerations: 0.0, 0.0, 0.0, 0.0, 0.0, 0.0, 0.0; Commanded Angles: 3.141593, 0.0, -1.570796, 0.0, 0.0, -1.4393854442397658, 0.0; Commanded Speeds: 0.0, 0.0, 0.0, 0.0, 0.0, -0.5642426367037364, 0.0; Commanded Accelerations: 0, 0, 0, 0, 0, -3, 0
327, 47671.662897, Actual Angles: 3.1415927410125732, 0.0, -1.5707963705062866, 0.0, 0.0, -1.562175989151001, 0.0; Actual Speeds: 0.0, 0.0, 0.0, 0.0, 0.0, -0.6240000128746033, 0.0; Actual Efforts: 0.0011138401459902525, -15.514063835144043, -12.16163444519043, -0.19397041201591492, -0.5658102631568909, 1.2001395225524902, 0.0; Actual Accelerations: 0.0, 0.0, 0.0, 0.0, 0.0, 0.0, 0.0; Commanded Angles: 3.141593, 0.0, -1.570796, 0.0, 0.0, -1.4598871148612904, 0.0; Commanded Speeds: 0.0, 0.0, 0.0, 0.0, 0.0, -0.41437615979285675, 0.0; Commanded Accelerations: 0, 0, 0, 0, 0, -3, 0
328, 47671.695399, Actual Angles: 3.1415927410125732, 0.0, -1.5707963705062866, 0.0, 0.0, -1.5804799795150757, 0.0; Actual Speeds: 0.0, 0.0, 0.0, 0.0, 0.0, -0.5600000023841858, 0.0; Actual Efforts: 0.001371808466501534, -15.51392936706543, -12.161514282226562, -0.19424515962600708, -0.5657854676246643, 1.127205729484558, 0.0; Actual Accelerations: 0.0, 0.0, 0.0, 0.0, 0.0, 0.0, 0.0; Commanded Angles: 3.141593, 0.0, -1.570796, 0.0, 0.0, -1.4677649726885946, 0.0; Commanded Speeds: 0.0, 0.0, 0.0, 0.0, 0.0, -0.3388220526795189, 0.0; Commanded Accelerations: 0, 0, 0, 0, 0, -3, 0
329, 47671.729299, Actual Angles: 3.1415927410125732, 0.0, -1.5707963705062866, 0.0, 0.0, -1.5973440408706665, 0.0; Actual Speeds: 0.0, 0.0, 0.0, 0.0, 0.0, -0.3919999897480011, 0.0; Actual Efforts: 0.0013753956882283092, -15.513784408569336, -12.161385536193848, -0.19453178346157074, -0.5657588243484497, 0.6876137256622314, 0.0; Actual Accelerations: 0.0, 0.0, 0.0, 0.0, 0.0, 0.0, 0.0; Commanded Angles: 3.141593, 0.0, -1.570796, 0.0, 0.0, -1.4787093913161742, 0.0; Commanded Speeds: 0.0, 0.0, 0.0, 0.0, 0.0, -0.18770453496884762, 0.0; Commanded Accelerations: 0, 0, 0, 0, 0, -3, 0
330, 47671.762768, Actual Angles: 3.1415927410125732, 0.0, -1.5707963705062866, 0.0, 0.0, -1.6078399419784546, 0.0; Actual Speeds: 0.0, 0.0, 0.0, 0.0, 0.0, -0.2800000011920929, 0.0; Actual Efforts: 0.0014565354213118553, -15.513675689697266, -12.161288261413574, -0.19473694264888763, -0.5657387971878052, 0.7271136045455933, 0.0; Actual Accelerations: 0.0, 0.0, 0.0, 0.0, 0.0, 0.0, 0.0; Commanded Angles: 3.141593, 0.0, -1.570796, 0.0, 0.0, -1.4833488255681773, 0.0; Commanded Speeds: 0.0, 0.0, 0.0, 0.0, 0.0, -0.03640452721523341, 0.0; Commanded Accelerations: 0, 0, 0, 0, 0, -3, 0
331, 47671.796792, Actual Angles: 3.1415927410125732, 0.0, -1.5707963705062866, 0.0, 0.0, -1.6146880388259888, 0.0; Actual Speeds: 0.0, 0.0, 0.0, 0.0, 0.0, -0.15199999511241913, 0.0; Actual Efforts: 0.0019285953603684902, -15.513561248779297, -12.161187171936035, -0.19488118588924408, -0.565717875957489, 0.7010226845741272, 0.0; Actual Accelerations: 0.0, 0.0, 0.0, 0.0, 0.0, 0.0, 0.0; Commanded Angles: 3.141593, 0.0, -1.570796, 0.0, 0.0, -1.483319067217878, 0.0; Commanded Speeds: 0.0, 0.0, 0.0, 0.0, 0.0, 0.039282560054018714, 0.0; Commanded Accelerations: 0, 0, 0, 0, 0, -3, 0
332, 47671.830217, Actual Angles: 3.1415927410125732, 0.0, -1.5707963705062866, 0.0, 0.0, -1.618175983428955, 0.0; Actual Speeds: 0.0, 0.0, 0.0, 0.0, 0.0, -0.03999999910593033, 0.0; Actual Efforts: 0.0009704258991405368, -15.513442039489746, -12.161114692687988, -0.19493059813976288, -0.5657024383544922, 0.7409670352935791, 0.0; Actual Accelerations: 0.0, 0.0, 0.0, 0.0, 0.0, 0.0, 0.0; Commanded Angles: 3.141593, 0.0, -1.570796, 0.0, 0.0, -1.4785595480786489, 0.0; Commanded Speeds: 0.0, 0.0, 0.0, 0.0, 0.0, 0.1905947635261609, 0.0; Commanded Accelerations: 0, 0, 0, 0, 0, -3, 0
333, 47671.863441, Actual Angles: 3.1415927410125732, 0.0, -1.5707963705062866, 0.0, 0.0, -1.6172159910202026, 0.0; Actual Speeds: 0.0, 0.0, 0.0, 0.0, 0.0, 0.10400000214576721, 0.0; Actual Efforts: 0.0019722150173038244, -15.513423919677734, -12.161065101623535, -0.1950823962688446, -0.565692663192749, 0.3694610595703125, 0.0; Actual Accelerations: 0.0, 0.0, 0.0, 0.0, 0.0, 0.0, 0.0; Commanded Angles: 3.141593, 0.0, -1.570796, 0.0, 0.0, -1.4675388747390694, 0.0; Commanded Speeds: 0.0, 0.0, 0.0, 0.0, 0.0, 0.3412300016814385, 0.0; Commanded Accelerations: 0, 0, 0, 0, 0, -3, 0
334, 47671.897470, Actual Angles: 3.1415927410125732, 0.0, -1.5707963705062866, 0.0, 0.0, -1.6106239557266235, 0.0; Actual Speeds: 0.0, 0.0, 0.0, 0.0, 0.0, 0.2240000069141388, 0.0; Actual Efforts: 0.002157022478058934, -15.513378143310547, -12.16102409362793, -0.19510579109191895, -0.5656841993331909, 0.36674606800079346, 0.0; Actual Accelerations: 0.0, 0.0, 0.0, 0.0, 0.0, 0.0, 0.0; Commanded Angles: 3.141593, 0.0, -1.570796, 0.0, 0.0, -1.4596787690304365, 0.0; Commanded Speeds: 0.0, 0.0, 0.0, 0.0, 0.0, 0.41618321808512987, 0.0; Commanded Accelerations: 0, 0, 0, 0, 0, -3, 0
335, 47671.931429, Actual Angles: 3.1415927410125732, 0.0, -1.5707963705062866, 0.0, 0.0, -1.6014080047607422, 0.0; Actual Speeds: 0.0, 0.0, 0.0, 0.0, 0.0, 0.335999995470047, 0.0; Actual Efforts: 0.0018882772419601679, -15.51338005065918, -12.161026000976562, -0.19512467086315155, -0.5656846165657043, 2.8603997230529785, 0.0; Actual Accelerations: 0.0, 0.0, 0.0, 0.0, 0.0, 0.0, 0.0; Commanded Angles: 3.141593, 0.0, -1.570796, 0.0, 0.0, -1.4395710815422418, 0.0; Commanded Speeds: 0.0, 0.0, 0.0, 0.0, 0.0, 0.5630728824744233, 0.0; Commanded Accelerations: 0, 0, 0, 0, 0, -3, 0
336, 47671.965081, Actual Angles: 3.1415927410125732, 0.0, -1.5707963705062866, 0.0, 0.0, -1.5868799686431885, 0.0; Actual Speeds: 0.0, 0.0, 0.0, 0.0, 0.0, 0.4480000138282776, 0.0; Actual Efforts: 0.0019672017078846693, -15.51339340209961, -12.16103744506836, -0.1950584501028061, -0.5656870007514954, -0.4887281656265259, 0.0; Actual Accelerations: 0.0, 0.0, 0.0, 0.0, 0.0, 0.0, 0.0; Commanded Angles: 3.141593, 0.0, -1.570796, 0.0, 0.0, -1.412861719495118, 0.0; Commanded Speeds: 0.0, 0.0, 0.0, 0.0, 0.0, 0.7106575269918355, 0.0; Commanded Accelerations: 0, 0, 0, 0, 0, -3, 0
337, 47671.998192, Actual Angles: 3.1415927410125732, 0.0, -1.5707963705062866, 0.0, 0.0, -1.5701760053634644, 0.0; Actual Speeds: 0.0, 0.0, 0.0, 0.0, 0.0, 0.5600000023841858, 0.0; Actual Efforts: 0.001999838277697563, -15.513432502746582, -12.161072731018066, -0.19495636224746704, -0.5656942129135132, -0.5814447999000549, 0.0; Actual Accelerations: 0.0, 0.0, 0.0, 0.0, 0.0, 0.0, 0.0; Commanded Angles: 3.141593, 0.0, -1.570796, 0.0, 0.0, -1.3973697731401096, 0.0; Commanded Speeds: 0.0, 0.0, 0.0, 0.0, 0.0, 0.7825949049437785, 0.0; Commanded Accelerations: 0, 0, 0, 0, 0, -3, 0
338, 47672.031395, Actual Angles: 3.1415927410125732, 0.0, -1.5707963705062866, 0.0, 0.0, -1.5500160455703735, 0.0; Actual Speeds: 0.0, 0.0, 0.0, 0.0, 0.0, 0.7039999961853027, 0.0; Actual Efforts: 0.0017434052424505353, -15.513497352600098, -12.16112995147705, -0.19484089314937592, -0.5657060146331787, -0.29511287808418274, 0.0; Actual Accelerations: 0.0, 0.0, 0.0, 0.0, 0.0, 0.0, 0.0; Commanded Angles: 3.141593, 0.0, -1.570796, 0.0, 0.0, -1.361740876763209, 0.0; Commanded Speeds: 0.0, 0.0, 0.0, 0.0, 0.0, 0.9246676967436762, 0.0; Commanded Accelerations: 0, 0, 0, 0, 0, -3, 0
339, 47672.065185, Actual Angles: 3.1415927410125732, 0.0, -1.5707963705062866, 0.0, 0.0, -1.5221439599990845, 0.0; Actual Speeds: 0.0, 0.0, 0.0, 0.0, 0.0, 0.8080000281333923, 0.0; Actual Efforts: 0.001703962218016386, -15.51358413696289, -12.16120719909668, -0.1946386992931366, -0.5657221078872681, -0.6980101466178894, 0.0; Actual Accelerations: 0.0, 0.0, 0.0, 0.0, 0.0, 0.0, 0.0; Commanded Angles: 3.141593, 0.0, -1.570796, 0.0, 0.0, -1.3419045290737739, 0.0; Commanded Speeds: 0.0, 0.0, 0.0, 0.0, 0.0, 0.9936489226469389, 0.0; Commanded Accelerations: 0, 0, 0, 0, 0, -3, 0
340, 47672.098987, Actual Angles: 3.1415927410125732, 0.0, -1.5707963705062866, 0.0, 0.0, -1.4938559532165527, 0.0; Actual Speeds: 0.0, 0.0, 0.0, 0.0, 0.0, 0.9359999895095825, 0.0; Actual Efforts: 0.0017118375981226563, -15.513687133789062, -12.161299705505371, -0.19440804421901703, -0.5657410621643066, -0.4890683889389038, 0.0; Actual Accelerations: 0.0, 0.0, 0.0, 0.0, 0.0, 0.0, 0.0; Commanded Angles: 3.141593, 0.0, -1.570796, 0.0, 0.0, -1.2979671286525234, 0.0; Commanded Speeds: 0.0, 0.0, 0.0, 0.0, 0.0, 1.1285077800861563, 0.0; Commanded Accelerations: 0, 0, 0, 0, 0, -3, 0
341, 47672.132941, Actual Angles: 3.1415927410125732, 0.0, -1.5707963705062866, 0.0, 0.0, -1.4583040475845337, 0.0; Actual Speeds: 0.0, 0.0, 0.0, 0.0, 0.0, 1.031999945640564, 0.0; Actual Efforts: 0.0020095237996429205, -15.513856887817383, -12.161449432373047, -0.19406059384346008, -0.5657721161842346, -0.6889475584030151, 0.0; Actual Accelerations: 0.0, 0.0, 0.0, 0.0, 0.0, 0.0, 0.0; Commanded Angles: 3.141593, 0.0, -1.570796, 0.0, 0.0, -1.2485451615798926, 0.0; Commanded Speeds: 0.0, 0.0, 0.0, 0.0, 0.0, 1.258594945049944, 0.0; Commanded Accelerations: 0, 0, 0, 0, 0, -3, 0
342, 47672.166604, Actual Angles: 3.1415927410125732, 0.0, -1.5707963705062866, 0.0, 0.0, -1.4229120016098022, 0.0; Actual Speeds: 0.0, 0.0, 0.0, 0.0, 0.0, 1.1440000534057617, 0.0; Actual Efforts: 0.001328019890934229, -15.513933181762695, -12.161518096923828, -0.19382016360759735, -0.5657861828804016, -0.795732855796814, 0.0; Actual Accelerations: 0.0, 0.0, 0.0, 0.0, 0.0, 0.0, 0.0; Commanded Angles: 3.141593, 0.0, -1.570796, 0.0, 0.0, -1.2220225829528235, 0.0; Commanded Speeds: 0.0, 0.0, 0.0, 0.0, 0.0, 1.3212644451348847, 0.0; Commanded Accelerations: 0, 0, 0, 0, 0, -3, 0
343, 47672.200034, Actual Angles: 3.1415927410125732, 0.0, -1.5707963705062866, 0.0, 0.0, -1.3841279745101929, 0.0; Actual Speeds: 0.0, 0.0, 0.0, 0.0, 0.0, 1.2719999551773071, 0.0; Actual Efforts: 0.0018737270729616284, -15.514164924621582, -12.161724090576172, -0.19339630007743835, -0.5658287405967712, -1.1244871616363525, 0.0; Actual Accelerations: 0.0, 0.0, 0.0, 0.0, 0.0, 0.0, 0.0; Commanded Angles: 3.141593, 0.0, -1.570796, 0.0, 0.0, -1.1646358676595199, 0.0; Commanded Speeds: 0.0, 0.0, 0.0, 0.0, 0.0, 1.4434961482633417, 0.0; Commanded Accelerations: 0, 0, 0, 0, 0, -2, 0
344, 47672.233000, Actual Angles: 3.1415927410125732, 0.0, -1.5707963705062866, 0.0, 0.0, -1.3364479541778564, 0.0; Actual Speeds: 0.0, 0.0, 0.0, 0.0, 0.0, 1.3760000467300415, 0.0; Actual Efforts: 0.00183402793481946, -15.514371871948242, -12.161908149719238, -0.19295039772987366, -0.5658667683601379, -1.2123730182647705, 0.0; Actual Accelerations: 0.0, 0.0, 0.0, 0.0, 0.0, 0.0, 0.0; Commanded Angles: 3.141593, 0.0, -1.570796, 0.0, 0.0, -1.1342334669127996, 0.0; Commanded Speeds: 0.0, 0.0, 0.0, 0.0, 0.0, 1.50204215070703, 0.0; Commanded Accelerations: 0, 0, 0, 0, 0, -2, 0
345, 47672.266759, Actual Angles: 3.1415927410125732, 0.0, -1.5707963705062866, 0.0, 0.0, -1.2915199995040894, 0.0; Actual Speeds: 0.0, 0.0, 0.0, 0.0, 0.0, 1.440000057220459, 0.0; Actual Efforts: 0.001760199316777289, -15.514571189880371, -12.16208553314209, -0.19251376390457153, -0.56590336561203, -0.9285908341407776, 0.0; Actual Accelerations: 0.0, 0.0, 0.0, 0.0, 0.0, 0.0, 0.0; Commanded Angles: 3.141593, 0.0, -1.570796, 0.0, 0.0, -1.0695339129114154, 0.0; Commanded Speeds: 0.0, 0.0, 0.0, 0.0, 0.0, 1.614911606770774, 0.0; Commanded Accelerations: 0, 0, 0, 0, 0, -2, 0
346, 47672.300280, Actual Angles: 3.1415927410125732, 0.0, -1.5707963705062866, 0.0, 0.0, -1.2437759637832642, 0.0; Actual Speeds: 0.0, 0.0, 0.0, 0.0, 0.0, 1.503999948501587, 0.0; Actual Efforts: 0.0015068537322804332, -15.51473331451416, -12.162229537963867, -0.19206084311008453, -0.5659331679344177, -1.792421817779541, 0.0; Actual Accelerations: 0.0, 0.0, 0.0, 0.0, 0.0, 0.0, 0.0; Commanded Angles: 3.141593, 0.0, -1.570796, 0.0, 0.0, -1.0005933574344386, 0.0; Commanded Speeds: 0.0, 0.0, 0.0, 0.0, 0.0, 1.7204872658416719, 0.0; Commanded Accelerations: 0, 0, 0, 0, 0, -2, 0
347, 47672.334278, Actual Angles: 3.1415927410125732, 0.0, -1.5707963705062866, 0.0, 0.0, -1.1864960193634033, 0.0; Actual Speeds: 0.0, 0.0, 0.0, 0.0, 0.0, 1.6480000019073486, 0.0; Actual Efforts: 0.001264770282432437, -15.514909744262695, -12.162385940551758, -0.19151483476161957, -0.5659655928611755, -1.5752290487289429, 0.0; Actual Accelerations: 0.0, 0.0, 0.0, 0.0, 0.0, 0.0, 0.0; Commanded Angles: 3.141593, 0.0, -1.570796, 0.0, 0.0, -0.9644187613849393, 0.0; Commanded Speeds: 0.0, 0.0, 0.0, 0.0, 0.0, 1.7707252713143498, 0.0; Commanded Accelerations: 0, 0, 0, 0, 0, -2, 0
348, 47672.368533, Actual Angles: 3.1415927410125732, 0.0, -1.5707963705062866, 0.0, 0.0, -1.1319680213928223, 0.0; Actual Speeds: 0.0, 0.0, 0.0, 0.0, 0.0, 1.7200000286102295, 0.0; Actual Efforts: 0.0011835322948172688, -15.515146255493164, -12.16259765625, -0.19091255962848663, -0.5660091638565063, -1.584324598312378, 0.0; Actual Accelerations: 0.0, 0.0, 0.0, 0.0, 0.0, -24.068885837404654, 0.0; Commanded Angles: 3.141593, 0.0, -1.570796, 0.0, 0.0, -0.8894726167112054, 0.0; Commanded Speeds: 0.0, 0.0, 0.0, 0.0, 0.0, 1.865018406974337, 0.0; Commanded Accelerations: 0, 0, 0, 0, 0, -2, 0
349, 47672.401570, Actual Angles: 3.1415927410125732, 0.0, -1.5707963705062866, 0.0, 0.0, -1.0684479475021362, 0.0; Actual Speeds: 0.0, 0.0, 0.0, 0.0, 0.0, 1.815999984741211, 0.0; Actual Efforts: 0.000992526882328093, -15.51533317565918, -12.162763595581055, -0.19035650789737701, -0.5660434365272522, -1.3656413555145264, 0.0; Actual Accelerations: 0.0, 0.0, 0.0, 0.0, 0.0, 0.0, 0.0; Commanded Angles: 3.141593, 0.0, -1.570796, 0.0, 0.0, -0.8104528800452933, 0.0; Commanded Speeds: 0.0, 0.0, 0.0, 0.0, 0.0, 1.951853961502011, 0.0; Commanded Accelerations: 0, 0, 0, 0, 0, -1, 0
350, 47672.435422, Actual Angles: 3.1415927410125732, 0.0, -1.5707963705062866, 0.0, 0.0, -1.0092480182647705, 0.0; Actual Speeds: 0.0, 0.0, 0.0, 0.0, 0.0, 1.8960000276565552, 0.0; Actual Efforts: 0.0007332738023251295, -15.515484809875488, -12.162899017333984, -0.189785435795784, -0.5660713315010071, -1.9818408489227295, 0.0; Actual Accelerations: 0.0, 0.0, 0.0, 0.0, 0.0, 0.0, 0.0; Commanded Angles: 3.141593, 0.0, -1.570796, 0.0, 0.0, -0.7698820673306073, 0.0; Commanded Speeds: 0.0, 0.0, 0.0, 0.0, 0.0, 1.9919669866971128, 0.0; Commanded Accelerations: 0, 0, 0, 0, 0, -1, 0
351, 47672.469144, Actual Angles: 3.1415927410125732, 0.0, -1.5707963705062866, 0.0, 0.0, -0.939903974533081, 0.0; Actual Speeds: 0.0, 0.0, 0.0, 0.0, 0.0, 1.9600000381469727, 0.0; Actual Efforts: 0.001299286843277514, -15.51610279083252, -12.163448333740234, -0.18901793658733368, -0.5661848783493042, -1.908191204071045, 0.0; Actual Accelerations: 0.0, 0.0, 0.0, 0.0, 0.0, 0.0, 0.0; Commanded Angles: 3.141593, 0.0, -1.570796, 0.0, 0.0, -0.6858583205977148, 0.0; Commanded Speeds: 0.0, 0.0, 0.0, 0.0, 0.0, 2.066334190880798, 0.0; Commanded Accelerations: 0, 0, 0, 0, 0, -1, 0
352, 47672.502236, Actual Angles: 3.1415927410125732, 0.0, -1.5707963705062866, 0.0, 0.0, -0.876255989074707, 0.0; Actual Speeds: 0.0, 0.0, 0.0, 0.0, 0.0, 2.0, 0.0; Actual Efforts: 0.0010908578988164663, -15.516325950622559, -12.163646697998047, -0.18840225040912628, -0.5662257671356201, -2.1073057651519775, 0.0; Actual Accelerations: 0.0, 0.0, 0.0, 0.0, 0.0, 0.0, 0.0; Commanded Angles: 3.141593, 0.0, -1.570796, 0.0, 0.0, -0.5985852509952657, 0.0; Commanded Speeds: 0.0, 0.0, 0.0, 0.0, 0.0, 2.132211544790438, 0.0; Commanded Accelerations: 0, 0, 0, 0, 0, -1, 0
353, 47672.535430, Actual Angles: 3.1415927410125732, 0.0, -1.5707963705062866, 0.0, 0.0, -0.8106560111045837, 0.0; Actual Speeds: 0.0, 0.0, 0.0, 0.0, 0.0, 2.063999891281128, 0.0; Actual Efforts: 0.0007612046902067959, -15.516462326049805, -12.16376781463623, -0.18779809772968292, -0.5662508606910706, -2.2082114219665527, 0.0; Actual Accelerations: 0.0, 0.0, 0.0, 0.0, 0.0, 0.0, 0.0; Commanded Angles: 3.141593, 0.0, -1.570796, 0.0, 0.0, -0.5546027319084273, 0.0; Commanded Speeds: 0.0, 0.0, 0.0, 0.0, 0.0, 2.1613590476940696, 0.0; Commanded Accelerations: 0, 0, 0, 0, 0, -1, 0
354, 47672.570808, Actual Angles: 3.1415927410125732, 0.0, -1.5707963705062866, 0.0, 0.0, -0.7347519993782043, 0.0; Actual Speeds: 0.0, 0.0, 0.0, 0.0, 0.0, 2.1440000534057617, 0.0; Actual Efforts: 0.0003828725893981755, -15.516571998596191, -12.163865089416504, -0.187127485871315, -0.5662709474563599, -2.2550928592681885, 0.0; Actual Accelerations: 0.0, 0.0, 0.0, 0.0, 0.0, 0.0, 0.0; Commanded Angles: 3.141593, 0.0, -1.570796, 0.0, 0.0, -0.46358399218978263, 0.0; Commanded Speeds: 0.0, 0.0, 0.0, 0.0, 0.0, 2.213625316380088, 0.0; Commanded Accelerations: 0, 0, 0, 0, 0, -1, 0
355, 47672.602942, Actual Angles: 3.1415927410125732, 0.0, -1.5707963705062866, 0.0, 0.0, -0.6658239960670471, 0.0; Actual Speeds: 0.0, 0.0, 0.0, 0.0, 0.0, 2.1679999828338623, 0.0; Actual Efforts: 3.6084555176785216e-05, -15.516691207885742, -12.163970947265625, -0.18646064400672913, -0.5662928819656372, -2.1603686809539795, 0.0; Actual Accelerations: 0.0, 0.0, 0.0, 0.0, 0.0, 16.87848803891183, 0.0; Commanded Angles: 3.141593, 0.0, -1.570796, 0.0, 0.0, -0.41748879029760244, 0.0; Commanded Speeds: 0.0, 0.0, 0.0, 0.0, 0.0, 2.2361453808405747, 0.0; Commanded Accelerations: 0, 0, 0, 0, 0, -1, 0
356, 47672.639414, Actual Angles: 3.1415927410125732, 0.0, -1.5707963705062866, 0.0, 0.0, -0.5869439840316772, 0.0; Actual Speeds: 0.0, 0.0, 0.0, 0.0, 0.0, 2.2160000801086426, 0.0; Actual Efforts: -0.00032255586120299995, -15.516719818115234, -12.163996696472168, -0.18589352071285248, -0.5662981271743774, -2.4379379749298096, 0.0; Actual Accelerations: 0.0, 0.0, 0.0, 0.0, 0.0, 0.0, 0.0; Commanded Angles: 3.141593, 0.0, -1.570796, 0.0, 0.0, -0.3240776107866556, 0.0; Commanded Speeds: 0.0, 0.0, 0.0, 0.0, 0.0, 2.274041446344481, 0.0; Commanded Accelerations: 0, 0, 0, 0, 0, 0, 0
357, 47672.671070, Actual Angles: 3.1415927410125732, 0.0, -1.5707963705062866, 0.0, 0.0, -0.5153279900550842, 0.0; Actual Speeds: 0.0, 0.0, 0.0, 0.0, 0.0, 2.247999906539917, 0.0; Actual Efforts: -0.0007056995527818799, -15.516663551330566, -12.163947105407715, -0.18536286056041718, -0.5662878155708313, -2.489309072494507, 0.0; Actual Accelerations: 0.0, 0.0, 0.0, 0.0, 0.0, 0.0, 0.0; Commanded Angles: 3.141593, 0.0, -1.570796, 0.0, 0.0, -0.27649678950721096, 0.0; Commanded Speeds: 0.0, 0.0, 0.0, 0.0, 0.0, 2.2894917596075053, 0.0; Commanded Accelerations: 0, 0, 0, 0, 0, 0, 0
358, 47672.703277, Actual Angles: 3.1415927410125732, 0.0, -1.5707963705062866, 0.0, 0.0, -0.44255998730659485, 0.0; Actual Speeds: 0.0, 0.0, 0.0, 0.0, 0.0, 2.2799999713897705, 0.0; Actual Efforts: -0.0018002918222919106, -15.515522956848145, -12.162931442260742, -0.18507012724876404, -0.5660781860351562, -2.7900736331939697, 0.0; Actual Accelerations: 0.0, 0.0, 0.0, 0.0, 0.0, 0.0, 0.0; Commanded Angles: 3.141593, 0.0, -1.570796, 0.0, 0.0, -0.1807039501634316, 0.0; Commanded Speeds: 0.0, 0.0, 0.0, 0.0, 0.0, 2.312971290407282, 0.0; Commanded Accelerations: 0, 0, 0, 0, 0, 0, 0
359, 47672.737387, Actual Angles: 3.1415927410125732, 0.0, -1.5707963705062866, 0.0, 0.0, -0.3601599931716919, 0.0; Actual Speeds: 0.0, 0.0, 0.0, 0.0, 0.0, 2.2960000038146973, 0.0; Actual Efforts: -0.00265613105148077, -15.514142036437988, -12.161704063415527, -0.18481113016605377, -0.565824568271637, -2.883981227874756, 0.0; Actual Accelerations: 0.0, 0.0, 0.0, 0.0, 0.0, 0.0, 0.0; Commanded Angles: 3.141593, 0.0, -1.570796, 0.0, 0.0, -0.08452538197162193, 0.0; Commanded Speeds: 0.0, 0.0, 0.0, 0.0, 0.0, 2.32653778308674, 0.0; Commanded Accelerations: 0, 0, 0, 0, 0, 0, 0
360, 47672.770826, Actual Angles: 3.1415927410125732, 0.0, -1.5707963705062866, 0.0, 0.0, -0.28617599606513977, 0.0; Actual Speeds: 0.0, 0.0, 0.0, 0.0, 0.0, 2.312000036239624, 0.0; Actual Efforts: -0.002345430664718151, -15.515151023864746, -12.162601470947266, -0.1841708868741989, -0.5660098791122437, -2.8568928241729736, 0.0; Actual Accelerations: 0.0, 0.0, 0.0, 0.0, 0.0, 0.0, 0.0; Commanded Angles: 3.141593, 0.0, -1.570796, 0.0, 0.0, 0.015421985665221072, 0.0; Commanded Speeds: 0.0, 0.0, 0.0, 0.0, 0.0, 2.3301973439206987, 0.0; Commanded Accelerations: 0, 0, 0, 0, 0, 0, 0
361, 47672.804110, Actual Angles: 3.1415927410125732, 0.0, -1.5707963705062866, 0.0, 0.0, -0.2118079960346222, 0.0; Actual Speeds: 0.0, 0.0, 0.0, 0.0, 0.0, 2.328000068664551, 0.0; Actual Efforts: -0.0025673378258943558, -15.51490306854248, -12.162381172180176, -0.1838320642709732, -0.5659643411636353, -2.809884786605835, 0.0; Actual Accelerations: 0.0, 0.0, 0.0, 0.0, 0.0, 0.0, 0.0; Commanded Angles: 3.141593, 0.0, -1.570796, 0.0, 0.0, 0.06434041210315501, 0.0; Commanded Speeds: 0.0, 0.0, 0.0, 0.0, 0.0, 2.3281306299679185, 0.0; Commanded Accelerations: 0, 0, 0, 0, 0, 0, 0
362, 47672.837954, Actual Angles: 3.1415927410125732, 0.0, -1.5707963705062866, 0.0, 0.0, -0.12796799838542938, 0.0; Actual Speeds: 0.0, 0.0, 0.0, 0.0, 0.0, 2.3359999656677246, 0.0; Actual Efforts: -0.0030700480565428734, -15.513136863708496, -12.160808563232422, -0.1838475912809372, -0.5656396746635437, -2.7200303077697754, 0.0; Actual Accelerations: 0.0, 0.0, 0.0, 0.0, 0.0, 0.0, 0.0; Commanded Angles: 3.141593, 0.0, -1.570796, 0.0, 0.0, 0.16026115006999062, 0.0; Commanded Speeds: 0.0, 0.0, 0.0, 0.0, 0.0, 2.3166861397698506, 0.0; Commanded Accelerations: 0, 0, 0, 0, 0, 0, 0
363, 47672.872850, Actual Angles: 3.1415927410125732, 0.0, -1.5707963705062866, 0.0, 0.0, -0.0533440001308918, 0.0; Actual Speeds: 0.0, 0.0, 0.0, 0.0, 0.0, 2.3359999656677246, 0.0; Actual Efforts: -0.0030839238315820694, -15.512784004211426, -12.160494804382324, -0.1836397349834442, -0.5655748844146729, -3.2581653594970703, 0.0; Actual Accelerations: 0.0, 0.0, 0.0, 0.0, 0.0, 0.0, 0.0; Commanded Angles: 3.141593, 0.0, -1.570796, 0.0, 0.0, 0.20894984230718036, 0.0; Commanded Speeds: 0.0, 0.0, 0.0, 0.0, 0.0, 2.307093340142317, 0.0; Commanded Accelerations: 0, 0, 0, 0, 0, 0, 0
364, 47672.905854, Actual Angles: 3.1415927410125732, 0.0, -1.5707963705062866, 0.0, 0.0, 0.030239999294281006, 0.0; Actual Speeds: 0.0, 0.0, 0.0, 0.0, 0.0, 2.3359999656677246, 0.0; Actual Efforts: -0.0030476434621959925, -15.512554168701172, -12.160290718078613, -0.183502659201622, -0.5655326843261719, -3.144314765930176, 0.0; Actual Accelerations: 0.0, 0.0, 0.0, 0.0, 0.0, 0.0, 0.0; Commanded Angles: 3.141593, 0.0, -1.570796, 0.0, 0.0, 0.3037295463679591, 0.0; Commanded Speeds: 0.0, 0.0, 0.0, 0.0, 0.0, 2.2809613567544997, 0.0; Commanded Accelerations: 0, 0, 0, 0, 0, 0, 0
365, 47672.938753, Actual Angles: 3.1415927410125732, 0.0, -1.5707963705062866, 0.0, 0.0, 0.10409600287675858, 0.0; Actual Speeds: 0.0, 0.0, 0.0, 0.0, 0.0, 2.2880001068115234, 0.0; Actual Efforts: -0.002987514017149806, -15.512263298034668, -12.160032272338867, -0.18344637751579285, -0.5654792785644531, -2.918199300765991, 0.0; Actual Accelerations: 0.0, 0.0, 0.0, 0.0, 0.0, 0.0, 0.0; Commanded Angles: 3.141593, 0.0, -1.570796, 0.0, 0.0, 0.4008265555245276, 0.0; Commanded Speeds: 0.0, 0.0, 0.0, 0.0, 0.0, 2.2436552956076996, 0.0; Commanded Accelerations: 0, 0, 0, 0, 0, 0, 0
366, 47672.972837, Actual Angles: 3.1415927410125732, 0.0, -1.5707963705062866, 0.0, 0.0, 0.1775680035352707, 0.0; Actual Speeds: 0.0, 0.0, 0.0, 0.0, 0.0, 2.2799999713897705, 0.0; Actual Efforts: -0.0030387884471565485, -15.513374328613281, -12.16102123260498, -0.18307805061340332, -0.5656834244728088, -2.947431802749634, 0.0; Actual Accelerations: 0.0, 0.0, 0.0, 0.0, 0.0, 0.0, 0.0; Commanded Angles: 3.141593, 0.0, -1.570796, 0.0, 0.0, 0.4475581721047154, 0.0; Commanded Speeds: 0.0, 0.0, 0.0, 0.0, 0.0, 2.2217483070060204, 0.0; Commanded Accelerations: 0, 0, 0, 0, 0, 1, 0
367, 47673.006665, Actual Angles: 3.1415927410125732, 0.0, -1.5707963705062866, 0.0, 0.0, 0.25894400477409363, 0.0; Actual Speeds: 0.0, 0.0, 0.0, 0.0, 0.0, 2.247999906539917, 0.0; Actual Efforts: -0.002712680259719491, -15.511570930480957, -12.159415245056152, -0.18358048796653748, -0.5653519034385681, -3.1607444286346436, 0.0; Actual Accelerations: 0.0, 0.0, 0.0, 0.0, 0.0, 0.0, 0.0; Commanded Angles: 3.141593, 0.0, -1.570796, 0.0, 0.0, 0.5391354699141779, 0.0; Commanded Speeds: 0.0, 0.0, 0.0, 0.0, 0.0, 2.1709938487597773, 0.0; Commanded Accelerations: 0, 0, 0, 0, 0, 1, 0
368, 47673.040097, Actual Angles: 3.1415927410125732, 0.0, -1.5707963705062866, 0.0, 0.0, 0.33004799485206604, 0.0; Actual Speeds: 0.0, 0.0, 0.0, 0.0, 0.0, 2.2160000801086426, 0.0; Actual Efforts: -0.002502681454643607, -15.511248588562012, -12.15912914276123, -0.18375630676746368, -0.5652927756309509, -3.405839204788208, 0.0; Actual Accelerations: 0.0, 0.0, 0.0, 0.0, 0.0, 0.0, 0.0; Commanded Angles: 3.141593, 0.0, -1.570796, 0.0, 0.0, 0.5836678846331343, 0.0; Commanded Speeds: 0.0, 0.0, 0.0, 0.0, 0.0, 2.1423915169902057, 0.0; Commanded Accelerations: 0, 0, 0, 0, 0, 1, 0
369, 47673.073623, Actual Angles: 3.1415927410125732, 0.0, -1.5707963705062866, 0.0, 0.0, 0.40880000591278076, 0.0; Actual Speeds: 0.0, 0.0, 0.0, 0.0, 0.0, 2.1679999828338623, 0.0; Actual Efforts: -0.0026883413083851337, -15.512297630310059, -12.160062789916992, -0.1835974007844925, -0.565485417842865, -3.0719308853149414, 0.0; Actual Accelerations: 0.0, 0.0, 0.0, 0.0, 0.0, 0.0, 0.0; Commanded Angles: 3.141593, 0.0, -1.570796, 0.0, 0.0, 0.6711177984238862, 0.0; Commanded Speeds: 0.0, 0.0, 0.0, 0.0, 0.0, 2.078242350917834, 0.0; Commanded Accelerations: 0, 0, 0, 0, 0, 1, 0
370, 47673.107289, Actual Angles: 3.1415927410125732, 0.0, -1.5707963705062866, 0.0, 0.0, 0.4776639938354492, 0.0; Actual Speeds: 0.0, 0.0, 0.0, 0.0, 0.0, 2.119999885559082, 0.0; Actual Efforts: -0.002519940724596381, -15.512103080749512, -12.159890174865723, -0.18385912477970123, -0.5654497742652893, -2.7601797580718994, 0.0; Actual Accelerations: 0.0, 0.0, 0.0, 0.0, 0.0, 0.0, 0.0; Commanded Angles: 3.141593, 0.0, -1.570796, 0.0, 0.0, 0.7556902243776358, 0.0; Commanded Speeds: 0.0, 0.0, 0.0, 0.0, 0.0, 2.005331242865039, 0.0; Commanded Accelerations: 0, 0, 0, 0, 0, 1, 0
371, 47673.142507, Actual Angles: 3.1415927410125732, 0.0, -1.5707963705062866, 0.0, 0.0, 0.5529919862747192, 0.0; Actual Speeds: 0.0, 0.0, 0.0, 0.0, 0.0, 2.0799999237060547, 0.0; Actual Efforts: -0.0022806446067988873, -15.511849403381348, -12.159664154052734, -0.18423643708229065, -0.5654031038284302, -3.004667282104492, 0.0; Actual Accelerations: 0.0, 0.0, 0.0, 0.0, 0.0, 0.0, 0.0; Commanded Angles: 3.141593, 0.0, -1.570796, 0.0, 0.0, 0.7965835447061818, 0.0; Commanded Speeds: 0.0, 0.0, 0.0, 0.0, 0.0, 1.9658913050482838, 0.0; Commanded Accelerations: 0, 0, 0, 0, 0, 1, 0
372, 47673.175129, Actual Angles: 3.1415927410125732, 0.0, -1.5707963705062866, 0.0, 0.0, 0.6180800199508667, 0.0; Actual Speeds: 0.0, 0.0, 0.0, 0.0, 0.0, 1.9839999675750732, 0.0; Actual Efforts: -0.0020561942365020514, -15.511685371398926, -12.159518241882324, -0.18461373448371887, -0.5653729438781738, -3.2813944816589355, 0.0; Actual Accelerations: 0.0, 0.0, 0.0, 0.0, 0.0, 0.0, 0.0; Commanded Angles: 3.141593, 0.0, -1.570796, 0.0, 0.0, 0.8763831396202172, 0.0; Commanded Speeds: 0.0, 0.0, 0.0, 0.0, 0.0, 1.8802461233487708, 0.0; Commanded Accelerations: 0, 0, 0, 0, 0, 2, 0
373, 47673.207549, Actual Angles: 3.1415927410125732, 0.0, -1.5707963705062866, 0.0, 0.0, 0.6813120245933533, 0.0; Actual Speeds: 0.0, 0.0, 0.0, 0.0, 0.0, 1.968000054359436, 0.0; Actual Efforts: -0.001725925481878221, -15.511425971984863, -12.159287452697754, -0.18508359789848328, -0.5653253197669983, -3.193831443786621, 0.0; Actual Accelerations: 0.0, 0.0, 0.0, 0.0, 0.0, 0.0, 0.0; Commanded Angles: 3.141593, 0.0, -1.570796, 0.0, 0.0, 0.9151831711992798, 0.0; Commanded Speeds: 0.0, 0.0, 0.0, 0.0, 0.0, 1.8340690969904028, 0.0; Commanded Accelerations: 0, 0, 0, 0, 0, 2, 0
374, 47673.242111, Actual Angles: 3.1415927410125732, 0.0, -1.5707963705062866, 0.0, 0.0, 0.7499200105667114, 0.0; Actual Speeds: 0.0, 0.0, 0.0, 0.0, 0.0, 1.8559999465942383, 0.0; Actual Efforts: -0.0013927678810432553, -15.511298179626465, -12.159173011779785, -0.18561023473739624, -0.5653017163276672, -3.189199686050415, 0.0; Actual Accelerations: 0.0, 0.0, 0.0, 0.0, 0.0, 0.0, 0.0; Commanded Angles: 3.141593, 0.0, -1.570796, 0.0, 0.0, 0.9893328101116706, 0.0; Commanded Speeds: 0.0, 0.0, 0.0, 0.0, 0.0, 1.7364806683002458, 0.0; Commanded Accelerations: 0, 0, 0, 0, 0, 2, 0
375, 47673.275020, Actual Angles: 3.1415927410125732, 0.0, -1.5707963705062866, 0.0, 0.0, 0.8087999820709229, 0.0; Actual Speeds: 0.0, 0.0, 0.0, 0.0, 0.0, 1.8079999685287476, 0.0; Actual Efforts: -0.0011765614617615938, -15.51131534576416, -12.159189224243164, -0.18606340885162354, -0.5653049945831299, -3.100672960281372, 0.0; Actual Accelerations: 0.0, 0.0, 0.0, 0.0, 0.0, 0.0, 0.0; Commanded Angles: 3.141593, 0.0, -1.570796, 0.0, 0.0, 1.0590932180733057, 0.0; Commanded Speeds: 0.0, 0.0, 0.0, 0.0, 0.0, 1.631801419963008, 0.0; Commanded Accelerations: 0, 0, 0, 0, 0, 2, 0
376, 47673.308790, Actual Angles: 3.1415927410125732, 0.0, -1.5707963705062866, 0.0, 0.0, 0.8718079924583435, 0.0; Actual Speeds: 0.0, 0.0, 0.0, 0.0, 0.0, 1.7359999418258667, 0.0; Actual Efforts: -0.001627570018172264, -15.512129783630371, -12.159913063049316, -0.18622760474681854, -0.5654546022415161, -2.7297308444976807, 0.0; Actual Accelerations: 0.0, 0.0, 0.0, 0.0, 0.0, 0.0, 0.0; Commanded Angles: 3.141593, 0.0, -1.570796, 0.0, 0.0, 1.092215473183698, 0.0; Commanded Speeds: 0.0, 0.0, 0.0, 0.0, 0.0, 1.5770092769308852, 0.0; Commanded Accelerations: 0, 0, 0, 0, 0, 2, 0
377, 47673.341975, Actual Angles: 3.1415927410125732, 0.0, -1.5707963705062866, 0.0, 0.0, 0.9253119826316833, 0.0; Actual Speeds: 0.0, 0.0, 0.0, 0.0, 0.0, 1.6239999532699585, 0.0; Actual Efforts: -0.0013926479732617736, -15.512089729309082, -12.15987777709961, -0.18674446642398834, -0.5654472708702087, -2.587887763977051, 0.0; Actual Accelerations: 0.0, 0.0, 0.0, 0.0, 0.0, 0.0, 0.0; Commanded Angles: 3.141593, 0.0, -1.570796, 0.0, 0.0, 1.1550670721595926, 0.0; Commanded Speeds: 0.0, 0.0, 0.0, 0.0, 0.0, 1.4623438199094545, 0.0; Commanded Accelerations: 0, 0, 0, 0, 0, 2, 0
378, 47673.376642, Actual Angles: 3.1415927410125732, 0.0, -1.5707963705062866, 0.0, 0.0, 0.9760640263557434, 0.0; Actual Speeds: 0.0, 0.0, 0.0, 0.0, 0.0, 1.559999942779541, 0.0; Actual Efforts: -0.0010692845098674297, -15.512019157409668, -12.159814834594727, -0.18736232817173004, -0.5654342174530029, -2.603379964828491, 0.0; Actual Accelerations: 0.0, 0.0, 0.0, 0.0, 0.0, 0.0, 0.0; Commanded Angles: 3.141593, 0.0, -1.570796, 0.0, 0.0, 1.2140807431099188, 0.0; Commanded Speeds: 0.0, 0.0, 0.0, 0.0, 0.0, 1.339207562165603, 0.0; Commanded Accelerations: 0, 0, 0, 0, 0, 2, 0
379, 47673.409130, Actual Angles: 3.1415927410125732, 0.0, -1.5707963705062866, 0.0, 0.0, 1.0298559665679932, 0.0; Actual Speeds: 0.0, 0.0, 0.0, 0.0, 0.0, 1.4479999542236328, 0.0; Actual Efforts: -0.0008131990907713771, -15.512018203735352, -12.15981388092041, -0.18789923191070557, -0.5654340386390686, -2.540952205657959, 0.0; Actual Accelerations: 0.0, 0.0, 0.0, 0.0, 0.0, 0.0, 0.0; Commanded Angles: 3.141593, 0.0, -1.570796, 0.0, 0.0, 1.2414897117287775, 0.0; Commanded Speeds: 0.0, 0.0, 0.0, 0.0, 0.0, 1.2756995407886036, 0.0; Commanded Accelerations: 0, 0, 0, 0, 0, 3, 0
380, 47673.442717, Actual Angles: 3.1415927410125732, 0.0, -1.5707963705062866, 0.0, 0.0, 1.075103998184204, 0.0; Actual Speeds: 0.0, 0.0, 0.0, 0.0, 0.0, 1.3519999980926514, 0.0; Actual Efforts: -0.0005830965819768608, -15.512053489685059, -12.159845352172852, -0.18842177093029022, -0.5654404759407043, -2.131800889968872, 0.0; Actual Accelerations: 0.0, 0.0, 0.0, 0.0, 0.0, 0.0, 0.0; Commanded Angles: 3.141593, 0.0, -1.570796, 0.0, 0.0, 1.2672759972066816, 0.0; Commanded Speeds: 0.0, 0.0, 0.0, 0.0, 0.0, 1.2115233494572344, 0.0; Commanded Accelerations: 0, 0, 0, 0, 0, 3, 0
381, 47673.476432, Actual Angles: 3.1415927410125732, 0.0, -1.5707963705062866, 0.0, 0.0, 1.1165119409561157, 0.0; Actual Speeds: 0.0, 0.0, 0.0, 0.0, 0.0, 1.2480000257492065, 0.0; Actual Efforts: -0.0002805280964821577, -15.512080192565918, -12.159869194030762, -0.18901976943016052, -0.5654454231262207, -2.280998706817627, 0.0; Actual Accelerations: 0.0, 0.0, 0.0, 0.0, 0.0, -27.21019897173224, 0.0; Commanded Angles: 3.141593, 0.0, -1.570796, 0.0, 0.0, 1.314671681849715, 0.0; Commanded Speeds: 0.0, 0.0, 0.0, 0.0, 0.0, 1.0797430770022896, 0.0; Commanded Accelerations: 0, 0, 0, 0, 0, 3, 0
382, 47673.509659, Actual Angles: 3.1415927410125732, 0.0, -1.5707963705062866, 0.0, 0.0, 1.1590080261230469, 0.0; Actual Speeds: 0.0, 0.0, 0.0, 0.0, 0.0, 1.1200000047683716, 0.0; Actual Efforts: 7.519953942392021e-05, -15.5120849609375, -12.159873008728027, -0.18957507610321045, -0.5654462575912476, -2.006958484649658, 0.0; Actual Accelerations: 0.0, 0.0, 0.0, 0.0, 0.0, 0.0, 0.0; Commanded Angles: 3.141593, 0.0, -1.570796, 0.0, 0.0, 1.3567833590676273, 0.0; Commanded Speeds: 0.0, 0.0, 0.0, 0.0, 0.0, 0.9424775009192036, 0.0; Commanded Accelerations: 0, 0, 0, 0, 0, 3, 0
383, 47673.544116, Actual Angles: 3.1415927410125732, 0.0, -1.5707963705062866, 0.0, 0.0, 1.1941440105438232, 0.0; Actual Speeds: 0.0, 0.0, 0.0, 0.0, 0.0, 1.0399999618530273, 0.0; Actual Efforts: 0.0010724966414272785, -15.511791229248047, -12.159612655639648, -0.19039131700992584, -0.5653924345970154, -2.109776258468628, 0.0; Actual Accelerations: 0.0, 0.0, 0.0, 0.0, 0.0, 0.0, 0.0; Commanded Angles: 3.141593, 0.0, -1.570796, 0.0, 0.0, 1.3930451686641239, 0.0; Commanded Speeds: 0.0, 0.0, 0.0, 0.0, 0.0, 0.8013925394677168, 0.0; Commanded Accelerations: 0, 0, 0, 0, 0, 3, 0
384, 47673.576958, Actual Angles: 3.1415927410125732, 0.0, -1.5707963705062866, 0.0, 0.0, 1.229151964187622, 0.0; Actual Speeds: 0.0, 0.0, 0.0, 0.0, 0.0, 0.9279999732971191, 0.0; Actual Efforts: 0.0019239630782976747, -15.51170825958252, -12.159538269042969, -0.19115538895130157, -0.5653769969940186, -1.4476535320281982, 0.0; Actual Accelerations: 0.0, 0.0, 0.0, 0.0, 0.0, 0.0, 0.0; Commanded Angles: 3.141593, 0.0, -1.570796, 0.0, 0.0, 1.4088453059451183, 0.0; Commanded Speeds: 0.0, 0.0, 0.0, 0.0, 0.0, 0.7300667973051983, 0.0; Commanded Accelerations: 0, 0, 0, 0, 0, 3, 0
385, 47673.611105, Actual Angles: 3.1415927410125732, 0.0, -1.5707963705062866, 0.0, 0.0, 1.2566720247268677, 0.0; Actual Speeds: 0.0, 0.0, 0.0, 0.0, 0.0, 0.800000011920929, 0.0; Actual Efforts: 0.0012984249042347074, -15.512150764465332, -12.159932136535645, -0.19122622907161713, -0.5654584765434265, -1.3896149396896362, 0.0; Actual Accelerations: 0.0, 0.0, 0.0, 0.0, 0.0, 0.0, 0.0; Commanded Angles: 3.141593, 0.0, -1.570796, 0.0, 0.0, 1.4360776850561332, 0.0; Commanded Speeds: 0.0, 0.0, 0.0, 0.0, 0.0, 0.584669173808726, 0.0; Commanded Accelerations: 0, 0, 0, 0, 0, 3, 0
386, 47673.644768, Actual Angles: 3.1415927410125732, 0.0, -1.5707963705062866, 0.0, 0.0, 1.2816319465637207, 0.0; Actual Speeds: 0.0, 0.0, 0.0, 0.0, 0.0, 0.7120000123977661, 0.0; Actual Efforts: 0.00208050524815917, -15.512105941772461, -12.159892082214355, -0.19190239906311035, -0.5654501914978027, -1.4224358797073364, 0.0; Actual Accelerations: 0.0, 0.0, 0.0, 0.0, 0.0, 0.0, 0.0; Commanded Angles: 3.141593, 0.0, -1.570796, 0.0, 0.0, 1.4572244062884478, 0.0; Commanded Speeds: 0.0, 0.0, 0.0, 0.0, 0.0, 0.4368900744662481, 0.0; Commanded Accelerations: 0, 0, 0, 0, 0, 3, 0
387, 47673.678088, Actual Angles: 3.1415927410125732, 0.0, -1.5707963705062866, 0.0, 0.0, 1.304319977760315, 0.0; Actual Speeds: 0.0, 0.0, 0.0, 0.0, 0.0, 0.5680000185966492, 0.0; Actual Efforts: 0.0021001321729272604, -15.51228141784668, -12.160048484802246, -0.19219158589839935, -0.565482497215271, -1.0488691329956055, 0.0; Actual Accelerations: 0.0, 0.0, 0.0, 0.0, 0.0, 0.0, 0.0; Commanded Angles: 3.141593, 0.0, -1.570796, 0.0, 0.0, 1.4654716316198202, 0.0; Commanded Speeds: 0.0, 0.0, 0.0, 0.0, 0.0, 0.3624891355281412, 0.0; Commanded Accelerations: 0, 0, 0, 0, 0, 3, 0
388, 47673.712783, Actual Angles: 3.1415927410125732, 0.0, -1.5707963705062866, 0.0, 0.0, 1.32259202003479, 0.0; Actual Speeds: 0.0, 0.0, 0.0, 0.0, 0.0, 0.4399999976158142, 0.0; Actual Efforts: 0.002240627072751522, -15.512423515319824, -12.160174369812012, -0.1925269216299057, -0.5655084252357483, -1.1841096878051758, 0.0; Actual Accelerations: 0.0, 0.0, 0.0, 0.0, 0.0, 0.0, 0.0; Commanded Angles: 3.141593, 0.0, -1.570796, 0.0, 0.0, 1.4773633295860775, 0.0; Commanded Speeds: 0.0, 0.0, 0.0, 0.0, 0.0, 0.21225202117064068, 0.0; Commanded Accelerations: 0, 0, 0, 0, 0, 3, 0
389, 47673.745348, Actual Angles: 3.1415927410125732, 0.0, -1.5707963705062866, 0.0, 0.0, 1.335263967514038, 0.0; Actual Speeds: 0.0, 0.0, 0.0, 0.0, 0.0, 0.36000001430511475, 0.0; Actual Efforts: 0.00224695005454123, -15.512566566467285, -12.16030216217041, -0.19273991882801056, -0.565534770488739, -1.1709764003753662, 0.0; Actual Accelerations: 0.0, 0.0, 0.0, 0.0, 0.0, 0.0, 0.0; Commanded Angles: 3.141593, 0.0, -1.570796, 0.0, 0.0, 1.4809758231747452, 0.0; Commanded Speeds: 0.0, 0.0, 0.0, 0.0, 0.0, 0.1366815688531237, 0.0; Commanded Accelerations: 0, 0, 0, 0, 0, 3, 0
390, 47673.778572, Actual Angles: 3.1415927410125732, 0.0, -1.5707963705062866, 0.0, 0.0, 1.344607949256897, 0.0; Actual Speeds: 0.0, 0.0, 0.0, 0.0, 0.0, 0.23199999332427979, 0.0; Actual Efforts: 0.002161542885005474, -15.51270866394043, -12.160428047180176, -0.19288043677806854, -0.5655608773231506, -0.7546331286430359, 0.0; Actual Accelerations: 0.0, 0.0, 0.0, 0.0, 0.0, 0.0, 0.0; Commanded Angles: 3.141593, 0.0, -1.570796, 0.0, 0.0, 1.4835009177608665, 0.0; Commanded Speeds: 0.0, 0.0, 0.0, 0.0, 0.0, -0.01455721981829275, 0.0; Commanded Accelerations: 0, 0, 0, 0, 0, 3, 0
391, 47673.813112, Actual Angles: 3.1415927410125732, 0.0, -1.5707963705062866, 0.0, 0.0, 1.3497920036315918, 0.0; Actual Speeds: 0.0, 0.0, 0.0, 0.0, 0.0, 0.07999999821186066, 0.0; Actual Efforts: 0.002114202594384551, -15.512824058532715, -12.160531044006348, -0.19301648437976837, -0.5655820965766907, -0.8543844223022461, 0.0; Actual Accelerations: 0.0, 0.0, 0.0, 0.0, 0.0, 0.0, 0.0; Commanded Angles: 3.141593, 0.0, -1.570796, 0.0, 0.0, 1.4824164424393635, 0.0; Commanded Speeds: 0.0, 0.0, 0.0, 0.0, 0.0, -0.09026749089430466, 0.0; Commanded Accelerations: 0, 0, 0, 0, 0, 3, 0
392, 47673.845764, Actual Angles: 3.1415927410125732, 0.0, -1.5707963705062866, 0.0, 0.0, 1.3507519960403442, 0.0; Actual Speeds: 0.0, 0.0, 0.0, 0.0, 0.0, -0.01600000075995922, 0.0; Actual Efforts: 0.0022205745335668325, -15.512869834899902, -12.160572052001953, -0.19315679371356964, -0.5655906200408936, -0.42293402552604675, 0.0; Actual Accelerations: 0.0, 0.0, 0.0, 0.0, 0.0, 0.0, 0.0; Commanded Angles: 3.141593, 0.0, -1.570796, 0.0, 0.0, 1.4754027106286007, 0.0; Commanded Speeds: 0.0, 0.0, 0.0, 0.0, 0.0, -0.24358842343081333, 0.0; Commanded Accelerations: 0, 0, 0, 0, 0, 3, 0
393, 47673.879929, Actual Angles: 3.1415927410125732, 0.0, -1.5707963705062866, 0.0, 0.0, 1.3476159572601318, 0.0; Actual Speeds: 0.0, 0.0, 0.0, 0.0, 0.0, -0.1599999964237213, 0.0; Actual Efforts: 0.00211792322807014, -15.51294231414795, -12.160635948181152, -0.19317196309566498, -0.5656038522720337, -0.5836483836174011, 0.0; Actual Accelerations: 0.0, 0.0, 0.0, 0.0, 0.0, 0.0, 0.0; Commanded Angles: 3.141593, 0.0, -1.570796, 0.0, 0.0, 1.4615059423735928, 0.0; Commanded Speeds: 0.0, 0.0, 0.0, 0.0, 0.0, -0.40004836071208033, 0.0; Commanded Accelerations: 0, 0, 0, 0, 0, 3, 0
394, 47673.913289, Actual Angles: 3.1415927410125732, 0.0, -1.5707963705062866, 0.0, 0.0, 1.3398720026016235, 0.0; Actual Speeds: 0.0, 0.0, 0.0, 0.0, 0.0, -0.25600001215934753, 0.0; Actual Efforts: 0.001993916928768158, -15.512995719909668, -12.160683631896973, -0.19313855469226837, -0.5656136870384216, -1.1917625665664673, 0.0; Actual Accelerations: 0.0, 0.0, 0.0, 0.0, 0.0, 0.0, 0.0; Commanded Angles: 3.141593, 0.0, -1.570796, 0.0, 0.0, 1.4522626822320412, 0.0; Commanded Speeds: 0.0, 0.0, 0.0, 0.0, 0.0, -0.4759123000073163, 0.0; Commanded Accelerations: 0, 0, 0, 0, 0, 3, 0
395, 47673.913627, Actual Angles: 3.1415927410125732, 0.0, -1.5707963705062866, 0.0, 0.0, 1.3398720026016235, 0.0; Actual Speeds: 0.0, 0.0, 0.0, 0.0, 0.0, -0.25600001215934753, 0.0; Actual Efforts: 0.001993916928768158, -15.512995719909668, -12.160683631896973, -0.19313855469226837, -0.5656136870384216, -1.1917625665664673, 0.0; Actual Accelerations: 0.0, 0.0, 0.0, 0.0, 0.0, 0.0, 0.0; Commanded Angles: 3.141593, 0.0, -1.570796, 0.0, 0.0, 1.4416232226740804, 0.0; Commanded Speeds: 0.0, 0.0, 0.0, 0.0, 0.0, -0.5499657011547291, 0.0; Commanded Accelerations: 0, 0, 0, 0, 0, 3, 0
396, 47673.948482, Actual Angles: 3.1415927410125732, 0.0, -1.5707963705062866, 0.0, 0.0, 1.3295040130615234, 0.0; Actual Speeds: 0.0, 0.0, 0.0, 0.0, 0.0, -0.40799999237060547, 0.0; Actual Efforts: 0.0019105199025943875, -15.513012886047363, -12.160698890686035, -0.1930759698152542, -0.56561678647995, -0.06900136172771454, 0.0; Actual Accelerations: 0.0, 0.0, 0.0, 0.0, 0.0, -15.015055125019588, 0.0; Commanded Angles: 3.141593, 0.0, -1.570796, 0.0, 0.0, 1.4294584239052037, 0.0; Commanded Speeds: 0.0, 0.0, 0.0, 0.0, 0.0, -0.6234092116903324, 0.0; Commanded Accelerations: 0, 0, 0, 0, 0, 3, 0
397, 47673.981871, Actual Angles: 3.1415927410125732, 0.0, -1.5707963705062866, 0.0, 0.0, 1.3127679824829102, 0.0; Actual Speeds: 0.0, 0.0, 0.0, 0.0, 0.0, -0.5199999809265137, 0.0; Actual Efforts: 0.002165640238672495, -15.512924194335938, -12.16062068939209, -0.1931099146604538, -0.565600574016571, -0.12759362161159515, 0.0; Actual Accelerations: 0.0, 0.0, 0.0, 0.0, 0.0, 0.0, 0.0; Commanded Angles: 3.141593, 0.0, -1.570796, 0.0, 0.0, 1.4006356305803456, 0.0; Commanded Speeds: 0.0, 0.0, 0.0, 0.0, 0.0, -0.76805465520655, 0.0; Commanded Accelerations: 0, 0, 0, 0, 0, 3, 0
398, 47674.013555, Actual Angles: 3.1415927410125732, 0.0, -1.5707963705062866, 0.0, 0.0, 1.2935680150985718, 0.0; Actual Speeds: 0.0, 0.0, 0.0, 0.0, 0.0, -0.6639999747276306, 0.0; Actual Efforts: 0.002184540731832385, -15.512862205505371, -12.160565376281738, -0.19300433993339539, -0.565589189529419, 0.23927539587020874, 0.0; Actual Accelerations: 0.0, 0.0, 0.0, 0.0, 0.0, 0.0, 0.0; Commanded Angles: 3.141593, 0.0, -1.570796, 0.0, 0.0, 1.3837969033747854, 0.0; Commanded Speeds: 0.0, 0.0, 0.0, 0.0, 0.0, -0.8399971793110729, 0.0; Commanded Accelerations: 0, 0, 0, 0, 0, 3, 0
399, 47674.048399, Actual Angles: 3.1415927410125732, 0.0, -1.5707963705062866, 0.0, 0.0, 1.2714240550994873, 0.0; Actual Speeds: 0.0, 0.0, 0.0, 0.0, 0.0, -0.7440000176429749, 0.0; Actual Efforts: 0.002055973978713155, -15.512802124023438, -12.160511016845703, -0.19277672469615936, -0.565578043460846, 0.12188364565372467, 0.0; Actual Accelerations: 0.0, 0.0, 0.0, 0.0, 0.0, -67.31133016882474, 0.0; Commanded Angles: 3.141593, 0.0, -1.570796, 0.0, 0.0, 1.3459403544872053, 0.0; Commanded Speeds: 0.0, 0.0, 0.0, 0.0, 0.0, -0.980088068466594, 0.0; Commanded Accelerations: 0, 0, 0, 0, 0, 3, 0
400, 47674.081958, Actual Angles: 3.1415927410125732, 0.0, -1.5707963705062866, 0.0, 0.0, 1.2424639463424683, 0.0; Actual Speeds: 0.0, 0.0, 0.0, 0.0, 0.0, -0.871999979019165, 0.0; Actual Efforts: 0.0019050876144319773, -15.512739181518555, -12.160455703735352, -0.19252023100852966, -0.5655665397644043, 0.6253637075424194, 0.0; Actual Accelerations: 0.0, 0.0, 0.0, 0.0, 0.0, 0.0, 0.0; Commanded Angles: 3.141593, 0.0, -1.570796, 0.0, 0.0, 1.3248570989571569, 0.0; Commanded Speeds: 0.0, 0.0, 0.0, 0.0, 0.0, -1.0485751141558661, 0.0; Commanded Accelerations: 0, 0, 0, 0, 0, 3, 0
401, 47674.114810, Actual Angles: 3.1415927410125732, 0.0, -1.5707963705062866, 0.0, 0.0, 1.2118079662322998, 0.0; Actual Speeds: 0.0, 0.0, 0.0, 0.0, 0.0, -1.0, 0.0; Actual Efforts: 0.0018132907571271062, -15.51264476776123, -12.160371780395508, -0.1922539472579956, -0.5655491352081299, 0.4706653356552124, 0.0; Actual Accelerations: 0.0, 0.0, 0.0, 0.0, 0.0, 0.0, 0.0; Commanded Angles: 3.141593, 0.0, -1.570796, 0.0, 0.0, 1.2784149548561652, 0.0; Commanded Speeds: 0.0, 0.0, 0.0, 0.0, 0.0, -1.182295374526122, 0.0; Commanded Accelerations: 0, 0, 0, 0, 0, 3, 0
402, 47674.148385, Actual Angles: 3.1415927410125732, 0.0, -1.5707963705062866, 0.0, 0.0, 1.179103970527649, 0.0; Actual Speeds: 0.0, 0.0, 0.0, 0.0, 0.0, -1.1119999885559082, 0.0; Actual Efforts: 0.002176046371459961, -15.512351036071777, -12.160110473632812, -0.1921105533838272, -0.5654952526092529, 0.6347095370292664, 0.0; Actual Accelerations: 0.0, 0.0, 0.0, 0.0, 0.0, -64.91559040781034, 0.0; Commanded Angles: 3.141593, 0.0, -1.570796, 0.0, 0.0, 1.2267117503145635, 0.0; Commanded Speeds: 0.0, 0.0, 0.0, 0.0, 0.0, -1.3104990419224103, 0.0; Commanded Accelerations: 0, 0, 0, 0, 0, 3, 0
403, 47674.181670, Actual Angles: 3.1415927410125732, 0.0, -1.5707963705062866, 0.0, 0.0, 1.137279987335205, 0.0; Actual Speeds: 0.0, 0.0, 0.0, 0.0, 0.0, -1.1759999990463257, 0.0; Actual Efforts: 0.0020485788118094206, -15.512214660644531, -12.159989356994629, -0.191761776804924, -0.5654701590538025, 0.6475890874862671, 0.0; Actual Accelerations: 0.0, 0.0, 0.0, 0.0, 0.0, 0.0, 0.0; Commanded Angles: 3.141593, 0.0, -1.570796, 0.0, 0.0, 1.1988660715699055, 0.0; Commanded Speeds: 0.0, 0.0, 0.0, 0.0, 0.0, -1.3726108700312243, 0.0; Commanded Accelerations: 0, 0, 0, 0, 0, 2, 0
404, 47674.215564, Actual Angles: 3.1415927410125732, 0.0, -1.5707963705062866, 0.0, 0.0, 1.0974719524383545, 0.0; Actual Speeds: 0.0, 0.0, 0.0, 0.0, 0.0, -1.3040000200271606, 0.0; Actual Efforts: 0.001524841645732522, -15.512227058410645, -12.15999984741211, -0.19121533632278442, -0.5654723644256592, 0.875160813331604, 0.0; Actual Accelerations: 0.0, 0.0, 0.0, 0.0, 0.0, 0.0, 0.0; Commanded Angles: 3.141593, 0.0, -1.570796, 0.0, 0.0, 1.139774002544331, 0.0; Commanded Speeds: 0.0, 0.0, 0.0, 0.0, 0.0, -1.4916579013512392, 0.0; Commanded Accelerations: 0, 0, 0, 0, 0, 2, 0
405, 47674.249124, Actual Angles: 3.1415927410125732, 0.0, -1.5707963705062866, 0.0, 0.0, 1.0487680435180664, 0.0; Actual Speeds: 0.0, 0.0, 0.0, 0.0, 0.0, -1.3919999599456787, 0.0; Actual Efforts: 0.0018488492351025343, -15.51184368133545, -12.159658432006836, -0.19096508622169495, -0.5654019713401794, 1.037773609161377, 0.0; Actual Accelerations: 0.0, 0.0, 0.0, 0.0, 0.0, 0.0, 0.0; Commanded Angles: 3.141593, 0.0, -1.570796, 0.0, 0.0, 1.108607317885977, 0.0; Commanded Speeds: 0.0, 0.0, 0.0, 0.0, 0.0, -1.5485300833669131, 0.0; Commanded Accelerations: 0, 0, 0, 0, 0, 2, 0
406, 47674.284750, Actual Angles: 3.1415927410125732, 0.0, -1.5707963705062866, 0.0, 0.0, 1.0017919540405273, 0.0; Actual Speeds: 0.0, 0.0, 0.0, 0.0, 0.0, -1.5199999809265137, 0.0; Actual Efforts: 0.0017774436855688691, -15.511597633361816, -12.159440040588379, -0.19052112102508545, -0.5653567314147949, 1.5669516324996948, 0.0; Actual Accelerations: 0.0, 0.0, 0.0, 0.0, 0.0, 0.0, 0.0; Commanded Angles: 3.141593, 0.0, -1.570796, 0.0, 0.0, 1.041926490105531, 0.0; Commanded Speeds: 0.0, 0.0, 0.0, 0.0, 0.0, -1.6588457413150894, 0.0; Commanded Accelerations: 0, 0, 0, 0, 0, 2, 0
407, 47674.316546, Actual Angles: 3.1415927410125732, 0.0, -1.5707963705062866, 0.0, 0.0, 0.9524480104446411, 0.0; Actual Speeds: 0.0, 0.0, 0.0, 0.0, 0.0, -1.5679999589920044, 0.0; Actual Efforts: 0.001706214970909059, -15.51134967803955, -12.159219741821289, -0.19010527431964874, -0.5653111934661865, 1.611328125, 0.0; Actual Accelerations: 0.0, 0.0, 0.0, 0.0, 0.0, -53.76947319049294, 0.0; Commanded Angles: 3.141593, 0.0, -1.570796, 0.0, 0.0, 0.9713904735480013, 0.0; Commanded Speeds: 0.0, 0.0, 0.0, 0.0, 0.0, -1.7612972991936477, 0.0; Commanded Accelerations: 0, 0, 0, 0, 0, 2, 0
408, 47674.350159, Actual Angles: 3.1415927410125732, 0.0, -1.5707963705062866, 0.0, 0.0, 0.8936319947242737, 0.0; Actual Speeds: 0.0, 0.0, 0.0, 0.0, 0.0, -1.6799999475479126, 0.0; Actual Efforts: 0.0014609494246542454, -15.51119327545166, -12.159080505371094, -0.18960125744342804, -0.5652825236320496, 1.7751848697662354, 0.0; Actual Accelerations: 0.0, 0.0, 0.0, 0.0, 0.0, 0.0, 0.0; Commanded Angles: 3.141593, 0.0, -1.570796, 0.0, 0.0, 0.934329036210139, 0.0; Commanded Speeds: 0.0, 0.0, 0.0, 0.0, 0.0, -1.810093234777429, 0.0; Commanded Accelerations: 0, 0, 0, 0, 0, 2, 0
409, 47674.383923, Actual Angles: 3.1415927410125732, 0.0, -1.5707963705062866, 0.0, 0.0, 0.8384640216827393, 0.0; Actual Speeds: 0.0, 0.0, 0.0, 0.0, 0.0, -1.74399995803833, 0.0; Actual Efforts: 0.0012347784359008074, -15.511027336120605, -12.15893268585205, -0.18909791111946106, -0.5652520656585693, 1.8200932741165161, 0.0; Actual Accelerations: 0.0, 0.0, 0.0, 0.0, 0.0, 0.0, 0.0; Commanded Angles: 3.141593, 0.0, -1.570796, 0.0, 0.0, 0.8575146849658942, 0.0; Commanded Speeds: 0.0, 0.0, 0.0, 0.0, 0.0, -1.9015911523926075, 0.0; Commanded Accelerations: 0, 0, 0, 0, 0, 2, 0
410, 47674.417270, Actual Angles: 3.1415927410125732, 0.0, -1.5707963705062866, 0.0, 0.0, 0.7731519937515259, 0.0; Actual Speeds: 0.0, 0.0, 0.0, 0.0, 0.0, -1.8320000171661377, 0.0; Actual Efforts: 0.00023328584211412817, -15.511425971984863, -12.159286499023438, -0.18817593157291412, -0.5653252005577087, 2.0465030670166016, 0.0; Actual Accelerations: 0.0, 0.0, 0.0, 0.0, 0.0, 0.0, 0.0; Commanded Angles: 3.141593, 0.0, -1.570796, 0.0, 0.0, 0.7772982199830726, 0.0; Commanded Speeds: 0.0, 0.0, 0.0, 0.0, 0.0, -1.9848479052483468, 0.0; Commanded Accelerations: 0, 0, 0, 0, 0, 1, 0
411, 47674.451142, Actual Angles: 3.1415927410125732, 0.0, -1.5707963705062866, 0.0, 0.0, 0.7129279971122742, 0.0; Actual Speeds: 0.0, 0.0, 0.0, 0.0, 0.0, -1.9279999732971191, 0.0; Actual Efforts: -2.9263890610309318e-05, -15.511341094970703, -12.159211158752441, -0.18764732778072357, -0.5653095841407776, 2.2176740169525146, 0.0; Actual Accelerations: 0.0, 0.0, 0.0, 0.0, 0.0, 0.0, 0.0; Commanded Angles: 3.141593, 0.0, -1.570796, 0.0, 0.0, 0.7348587107874284, 0.0; Commanded Speeds: 0.0, 0.0, 0.0, 0.0, 0.0, -2.024343637094971, 0.0; Commanded Accelerations: 0, 0, 0, 0, 0, 1, 0
412, 47674.484148, Actual Angles: 3.1415927410125732, 0.0, -1.5707963705062866, 0.0, 0.0, 0.6503360271453857, 0.0; Actual Speeds: 0.0, 0.0, 0.0, 0.0, 0.0, -1.9919999837875366, 0.0; Actual Efforts: -0.0002995534159708768, -15.511271476745605, -12.159150123596191, -0.1871221363544464, -0.5652968883514404, 2.2439308166503906, 0.0; Actual Accelerations: 0.0, 0.0, 0.0, 0.0, 0.0, 0.0, 0.0; Commanded Angles: 3.141593, 0.0, -1.570796, 0.0, 0.0, 0.6497554205148898, 0.0; Commanded Speeds: 0.0, 0.0, 0.0, 0.0, 0.0, -2.0949257524812936, 0.0; Commanded Accelerations: 0, 0, 0, 0, 0, 1, 0
413, 47674.517764, Actual Angles: 3.1415927410125732, 0.0, -1.5707963705062866, 0.0, 0.0, 0.5775359869003296, 0.0; Actual Speeds: 0.0, 0.0, 0.0, 0.0, 0.0, -2.0239999294281006, 0.0; Actual Efforts: -0.0012925362680107355, -15.512130737304688, -12.159914016723633, -0.1861540675163269, -0.5654547810554504, 2.5331451892852783, 0.0; Actual Accelerations: 0.0, 0.0, 0.0, 0.0, 0.0, 0.0, 0.0; Commanded Angles: 3.141593, 0.0, -1.570796, 0.0, 0.0, 0.6061735357406826, 0.0; Commanded Speeds: 0.0, 0.0, 0.0, 0.0, 0.0, -2.126915362864592, 0.0; Commanded Accelerations: 0, 0, 0, 0, 0, 1, 0
414, 47674.551883, Actual Angles: 3.1415927410125732, 0.0, -1.5707963705062866, 0.0, 0.0, 0.5109120011329651, 0.0; Actual Speeds: 0.0, 0.0, 0.0, 0.0, 0.0, -2.119999885559082, 0.0; Actual Efforts: -0.001600810675881803, -15.512280464172363, -12.16004753112793, -0.185614213347435, -0.5654823184013367, 2.693335771560669, 0.0; Actual Accelerations: 0.0, 0.0, 0.0, 0.0, 0.0, 0.0, 0.0; Commanded Angles: 3.141593, 0.0, -1.570796, 0.0, 0.0, 0.516623001100469, 0.0; Commanded Speeds: 0.0, 0.0, 0.0, 0.0, 0.0, -2.1844584714868986, 0.0; Commanded Accelerations: 0, 0, 0, 0, 0, 1, 0
415, 47674.584839, Actual Angles: 3.1415927410125732, 0.0, -1.5707963705062866, 0.0, 0.0, 0.44255998730659485, 0.0; Actual Speeds: 0.0, 0.0, 0.0, 0.0, 0.0, -2.1760001182556152, 0.0; Actual Efforts: -0.0018806965090334415, -15.512434005737305, -12.160183906555176, -0.18506553769111633, -0.5655104517936707, 2.7879409790039062, 0.0; Actual Accelerations: 0.0, 0.0, 0.0, 0.0, 0.0, 0.0, 0.0; Commanded Angles: 3.141593, 0.0, -1.570796, 0.0, 0.0, 0.4241174910503127, 0.0; Commanded Speeds: 0.0, 0.0, 0.0, 0.0, 0.0, -2.2330654121838127, 0.0; Commanded Accelerations: 0, 0, 0, 0, 0, 1, 0
416, 47674.618825, Actual Angles: 3.1415927410125732, 0.0, -1.5707963705062866, 0.0, 0.0, 0.3646720051765442, 0.0; Actual Speeds: 0.0, 0.0, 0.0, 0.0, 0.0, -2.191999912261963, 0.0; Actual Efforts: -0.0020958229433745146, -15.512561798095703, -12.160297393798828, -0.18462316691875458, -0.5655339360237122, 2.857647657394409, 0.0; Actual Accelerations: 0.0, 0.0, 0.0, 0.0, 0.0, 0.0, 0.0; Commanded Angles: 3.141593, 0.0, -1.570796, 0.0, 0.0, 0.3761805040663929, 0.0; Commanded Speeds: 0.0, 0.0, 0.0, 0.0, 0.0, -2.254160642329898, 0.0; Commanded Accelerations: 0, 0, 0, 0, 0, 0, 0
417, 47674.652242, Actual Angles: 3.1415927410125732, 0.0, -1.5707963705062866, 0.0, 0.0, 0.29369598627090454, 0.0; Actual Speeds: 0.0, 0.0, 0.0, 0.0, 0.0, -2.240000009536743, 0.0; Actual Efforts: -0.0023508660960942507, -15.51286506652832, -12.160567283630371, -0.18417197465896606, -0.5655897259712219, 2.8484702110290527, 0.0; Actual Accelerations: 0.0, 0.0, 0.0, 0.0, 0.0, 0.0, 0.0; Commanded Angles: 3.141593, 0.0, -1.570796, 0.0, 0.0, 0.2822388111253007, 0.0; Commanded Speeds: 0.0, 0.0, 0.0, 0.0, 0.0, -2.287762318008689, 0.0; Commanded Accelerations: 0, 0, 0, 0, 0, 0, 0
418, 47674.685609, Actual Angles: 3.1415927410125732, 0.0, -1.5707963705062866, 0.0, 0.0, 0.21273599565029144, 0.0; Actual Speeds: 0.0, 0.0, 0.0, 0.0, 0.0, -2.25600004196167, 0.0; Actual Efforts: -0.0025284579023718834, -15.513093948364258, -12.160771369934082, -0.18377338349819183, -0.5656318068504333, 2.822160005569458, 0.0; Actual Accelerations: 0.0, 0.0, 0.0, 0.0, 0.0, 0.0, 0.0; Commanded Angles: 3.141593, 0.0, -1.570796, 0.0, 0.0, 0.23500810062556948, 0.0; Commanded Speeds: 0.0, 0.0, 0.0, 0.0, 0.0, -2.3008987119011532, 0.0; Commanded Accelerations: 0, 0, 0, 0, 0, 0, 0
419, 47674.719387, Actual Angles: 3.1415927410125732, 0.0, -1.5707963705062866, 0.0, 0.0, 0.13971200585365295, 0.0; Actual Speeds: 0.0, 0.0, 0.0, 0.0, 0.0, -2.2880001068115234, 0.0; Actual Efforts: -0.002664858242496848, -15.513322830200195, -12.160974502563477, -0.183469757437706, -0.5656738877296448, 3.06416916847229, 0.0; Actual Accelerations: 0.0, 0.0, 0.0, 0.0, 0.0, 0.0, 0.0; Commanded Angles: 3.141593, 0.0, -1.570796, 0.0, 0.0, 0.13926117689641454, 0.0; Commanded Speeds: 0.0, 0.0, 0.0, 0.0, 0.0, -2.3200333028810727, 0.0; Commanded Accelerations: 0, 0, 0, 0, 0, 0, 0
420, 47674.754530, Actual Angles: 3.1415927410125732, 0.0, -1.5707963705062866, 0.0, 0.0, 0.05692800134420395, 0.0; Actual Speeds: 0.0, 0.0, 0.0, 0.0, 0.0, -2.312000036239624, 0.0; Actual Efforts: -0.0025975846219807863, -15.512174606323242, -12.159953117370605, -0.18357938528060913, -0.5654628276824951, 3.474663019180298, 0.0; Actual Accelerations: 0.0, 0.0, 0.0, 0.0, 0.0, 0.0, 0.0; Commanded Angles: 3.141593, 0.0, -1.570796, 0.0, 0.0, 0.042727900988617736, 0.0; Commanded Speeds: 0.0, 0.0, 0.0, 0.0, 0.0, -2.3293565278022945, 0.0; Commanded Accelerations: 0, 0, 0, 0, 0, 0, 0
421, 47674.787120, Actual Angles: 3.1415927410125732, 0.0, -1.5707963705062866, 0.0, 0.0, -0.017311999574303627, 0.0; Actual Speeds: 0.0, 0.0, 0.0, 0.0, 0.0, -2.328000068664551, 0.0; Actual Efforts: -0.0027779201045632362, -15.512472152709961, -12.160218238830566, -0.18337444961071014, -0.5655176043510437, 3.368574380874634, 0.0; Actual Accelerations: 0.0, 0.0, 0.0, 0.0, 0.0, 0.0, 0.0; Commanded Angles: 3.141593, 0.0, -1.570796, 0.0, 0.0, -0.005665151220635168, 0.0; Commanded Speeds: 0.0, 0.0, 0.0, 0.0, 0.0, -2.330306270397838, 0.0; Commanded Accelerations: 0, 0, 0, 0, 0, 0, 0
422, 47674.819925, Actual Angles: 3.1415927410125732, 0.0, -1.5707963705062866, 0.0, 0.0, -0.09180799871683121, 0.0; Actual Speeds: 0.0, 0.0, 0.0, 0.0, 0.0, -2.328000068664551, 0.0; Actual Efforts: -0.002911381656304002, -15.512880325317383, -12.160581588745117, -0.1832132786512375, -0.5655925869941711, 3.3562662601470947, 0.0; Actual Accelerations: 0.0, 0.0, 0.0, 0.0, 0.0, 0.0, 0.0; Commanded Angles: 3.141593, 0.0, -1.570796, 0.0, 0.0, -0.10212379869000558, 0.0; Commanded Speeds: 0.0, 0.0, 0.0, 0.0, 0.0, -2.3247953263809045, 0.0; Commanded Accelerations: 0, 0, 0, 0, 0, 0, 0
423, 47674.854730, Actual Angles: 3.1415927410125732, 0.0, -1.5707963705062866, 0.0, 0.0, -0.17574399709701538, 0.0; Actual Speeds: 0.0, 0.0, 0.0, 0.0, 0.0, -2.3359999656677246, 0.0; Actual Efforts: -0.003004816360771656, -15.513198852539062, -12.16086483001709, -0.18316076695919037, -0.5656511783599854, 3.122572660446167, 0.0; Actual Accelerations: 0.0, 0.0, 0.0, 0.0, 0.0, -24.49725473039289, 0.0; Commanded Angles: 3.141593, 0.0, -1.570796, 0.0, 0.0, -0.19825517815532465, 0.0; Commanded Speeds: 0.0, 0.0, 0.0, 0.0, 0.0, -2.309420926733615, 0.0; Commanded Accelerations: 0, 0, 0, 0, 0, 0, 0
424, 47674.887323, Actual Angles: 3.1415927410125732, 0.0, -1.5707963705062866, 0.0, 0.0, -0.2502399981021881, 0.0; Actual Speeds: 0.0, 0.0, 0.0, 0.0, 0.0, -2.328000068664551, 0.0; Actual Efforts: -0.003047815291211009, -15.513422012329102, -12.161063194274902, -0.18318788707256317, -0.565692126750946, 3.072606325149536, 0.0; Actual Accelerations: 0.0, 0.0, 0.0, 0.0, 0.0, 0.0, 0.0; Commanded Angles: 3.141593, 0.0, -1.570796, 0.0, 0.0, -0.2456492991289069, 0.0; Commanded Speeds: 0.0, 0.0, 0.0, 0.0, 0.0, -2.2981546273742564, 0.0; Commanded Accelerations: 0, 0, 0, 0, 0, 0, 0
425, 47674.921314, Actual Angles: 3.1415927410125732, 0.0, -1.5707963705062866, 0.0, 0.0, -0.3335680067539215, 0.0; Actual Speeds: 0.0, 0.0, 0.0, 0.0, 0.0, -2.303999900817871, 0.0; Actual Efforts: -0.0030194499995559454, -15.513883590698242, -12.161473274230957, -0.18326011300086975, -0.5657769441604614, 3.307645559310913, 0.0; Actual Accelerations: 0.0, 0.0, 0.0, 0.0, 0.0, 0.0, 0.0; Commanded Angles: 3.141593, 0.0, -1.570796, 0.0, 0.0, -0.33950523875900357, 0.0; Commanded Speeds: 0.0, 0.0, 0.0, 0.0, 0.0, -2.2684806496647947, 0.0; Commanded Accelerations: 0, 0, 0, 0, 0, 0, 0
426, 47674.955511, Actual Angles: 3.1415927410125732, 0.0, -1.5707963705062866, 0.0, 0.0, -0.407039999961853, 0.0; Actual Speeds: 0.0, 0.0, 0.0, 0.0, 0.0, -2.2880001068115234, 0.0; Actual Efforts: -0.0029255636036396027, -15.51428508758545, -12.16183090209961, -0.18339958786964417, -0.5658508539199829, 3.145955801010132, 0.0; Actual Accelerations: 0.0, 0.0, 0.0, 0.0, 0.0, 0.0, 0.0; Commanded Angles: 3.141593, 0.0, -1.570796, 0.0, 0.0, -0.4323352827699485, 0.0; Commanded Speeds: 0.0, 0.0, 0.0, 0.0, 0.0, -2.2291736573834044, 0.0; Commanded Accelerations: 0, 0, 0, 0, 0, -1, 0
427, 47674.988890, Actual Angles: 3.1415927410125732, 0.0, -1.5707963705062866, 0.0, 0.0, -0.48895999789237976, 0.0; Actual Speeds: 0.0, 0.0, 0.0, 0.0, 0.0, -2.25600004196167, 0.0; Actual Efforts: -0.003276340663433075, -15.513178825378418, -12.160846710205078, -0.1839609146118164, -0.565647542476654, 3.070105791091919, 0.0; Actual Accelerations: 0.0, 0.0, 0.0, 0.0, 0.0, 0.0, 0.0; Commanded Angles: 3.141593, 0.0, -1.570796, 0.0, 0.0, -0.4783523160441165, 0.0; Commanded Speeds: 0.0, 0.0, 0.0, 0.0, 0.0, -2.2058588956763403, 0.0; Commanded Accelerations: 0, 0, 0, 0, 0, -1, 0
428, 47675.022586, Actual Angles: 3.1415927410125732, 0.0, -1.5707963705062866, 0.0, 0.0, -0.5607039928436279, 0.0; Actual Speeds: 0.0, 0.0, 0.0, 0.0, 0.0, -2.2239999771118164, 0.0; Actual Efforts: -0.0032186151947826147, -15.513505935668945, -12.161137580871582, -0.18423761427402496, -0.5657076239585876, 3.141220808029175, 0.0; Actual Accelerations: 0.0, 0.0, 0.0, 0.0, 0.0, 0.0, 0.0; Commanded Angles: 3.141593, 0.0, -1.570796, 0.0, 0.0, -0.5704334540264617, 0.0; Commanded Speeds: 0.0, 0.0, 0.0, 0.0, 0.0, -2.1511690277104956, 0.0; Commanded Accelerations: 0, 0, 0, 0, 0, -1, 0
429, 47675.055600, Actual Angles: 3.1415927410125732, 0.0, -1.5707963705062866, 0.0, 0.0, -0.63155198097229, 0.0; Actual Speeds: 0.0, 0.0, 0.0, 0.0, 0.0, -2.2079999446868896, 0.0; Actual Efforts: -0.0024282545782625675, -15.51514720916748, -12.162598609924316, -0.1843053251504898, -0.5660092234611511, 3.410339593887329, 0.0; Actual Accelerations: 0.0, 0.0, 0.0, 0.0, 0.0, 0.0, 0.0; Commanded Angles: 3.141593, 0.0, -1.570796, 0.0, 0.0, -0.6187175778851071, 0.0; Commanded Speeds: 0.0, 0.0, 0.0, 0.0, 0.0, -2.117984214129088, 0.0; Commanded Accelerations: 0, 0, 0, 0, 0, -1, 0
430, 47675.089663, Actual Angles: 3.1415927410125732, 0.0, -1.5707963705062866, 0.0, 0.0, -0.7099199891090393, 0.0; Actual Speeds: 0.0, 0.0, 0.0, 0.0, 0.0, -2.1519999504089355, 0.0; Actual Efforts: -0.0029305911157280207, -15.514152526855469, -12.161713600158691, -0.1850086897611618, -0.5658264756202698, 3.1667275428771973, 0.0; Actual Accelerations: 0.0, 0.0, 0.0, 0.0, 0.0, 0.0, 0.0; Commanded Angles: 3.141593, 0.0, -1.570796, 0.0, 0.0, -0.704738753407671, 0.0; Commanded Speeds: 0.0, 0.0, 0.0, 0.0, 0.0, -2.050598739001424, 0.0; Commanded Accelerations: 0, 0, 0, 0, 0, -1, 0
431, 47675.123541, Actual Angles: 3.1415927410125732, 0.0, -1.5707963705062866, 0.0, 0.0, -0.7778880000114441, 0.0; Actual Speeds: 0.0, 0.0, 0.0, 0.0, 0.0, -2.1040000915527344, 0.0; Actual Efforts: -0.0027660869527608156, -15.514381408691406, -12.161916732788086, -0.18545658886432648, -0.5658684968948364, 2.8016703128814697, 0.0; Actual Accelerations: 0.0, 0.0, 0.0, 0.0, 0.0, 0.0, 0.0; Commanded Angles: 3.141593, 0.0, -1.570796, 0.0, 0.0, -0.7882078250639019, 0.0; Commanded Speeds: 0.0, 0.0, 0.0, 0.0, 0.0, -1.9742037213867971, 0.0; Commanded Accelerations: 0, 0, 0, 0, 0, -1, 0
432, 47675.157259, Actual Angles: 3.1415927410125732, 0.0, -1.5707963705062866, 0.0, 0.0, -0.8525440096855164, 0.0; Actual Speeds: 0.0, 0.0, 0.0, 0.0, 0.0, -2.0399999618530273, 0.0; Actual Efforts: -0.0024985712952911854, -15.514657974243164, -12.162162780761719, -0.18599548935890198, -0.5659193396568298, 2.7114453315734863, 0.0; Actual Accelerations: 0.0, 0.0, 0.0, 0.0, 0.0, 0.0, 0.0; Commanded Angles: 3.141593, 0.0, -1.570796, 0.0, 0.0, -0.8286375206255663, 0.0; Commanded Speeds: 0.0, 0.0, 0.0, 0.0, 0.0, -1.9329226223765665, 0.0; Commanded Accelerations: 0, 0, 0, 0, 0, -2, 0
433, 47675.191028, Actual Angles: 3.1415927410125732, 0.0, -1.5707963705062866, 0.0, 0.0, -0.9164159893989563, 0.0; Actual Speeds: 0.0, 0.0, 0.0, 0.0, 0.0, -1.9759999513626099, 0.0; Actual Efforts: -0.0022518159821629524, -15.514845848083496, -12.162330627441406, -0.18651743233203888, -0.5659539103507996, 2.926394462585449, 0.0; Actual Accelerations: 0.0, 0.0, 0.0, 0.0, 0.0, 0.0, 0.0; Commanded Angles: 3.141593, 0.0, -1.570796, 0.0, 0.0, -0.9065273706042164, 0.0; Commanded Speeds: 0.0, 0.0, 0.0, 0.0, 0.0, -1.8446453125801918, 0.0; Commanded Accelerations: 0, 0, 0, 0, 0, -2, 0
434, 47675.224677, Actual Angles: 3.1415927410125732, 0.0, -1.5707963705062866, 0.0, 0.0, -0.9790080189704895, 0.0; Actual Speeds: 0.0, 0.0, 0.0, 0.0, 0.0, -1.8880000114440918, 0.0; Actual Efforts: -0.0009211150463670492, -15.515913963317871, -12.16327953338623, -0.18694965541362762, -0.5661500692367554, 2.8097519874572754, 0.0; Actual Accelerations: 0.0, 0.0, 0.0, 0.0, 0.0, 0.0, 0.0; Commanded Angles: 3.141593, 0.0, -1.570796, 0.0, 0.0, -0.9444062764934541, 0.0; Commanded Speeds: 0.0, 0.0, 0.0, 0.0, 0.0, -1.7971431574164838, 0.0; Commanded Accelerations: 0, 0, 0, 0, 0, -2, 0
435, 47675.257652, Actual Angles: 3.1415927410125732, 0.0, -1.5707963705062866, 0.0, 0.0, -1.0461440086364746, 0.0; Actual Speeds: 0.0, 0.0, 0.0, 0.0, 0.0, -1.840000033378601, 0.0; Actual Efforts: -0.0006656022160314023, -15.515878677368164, -12.163249015808105, -0.187540203332901, -0.5661436319351196, 2.7144362926483154, 0.0; Actual Accelerations: 0.0, 0.0, 0.0, 0.0, 0.0, 0.0, 0.0; Commanded Angles: 3.141593, 0.0, -1.570796, 0.0, 0.0, -1.017040560765697, 0.0; Commanded Speeds: 0.0, 0.0, 0.0, 0.0, 0.0, -1.6965250130046812, 0.0; Commanded Accelerations: 0, 0, 0, 0, 0, -2, 0
