1, 48139.777275, Actual Angles: 3.1415927410125732, 0.0, -1.5707963705062866, 0.0, 0.0, -2.6020852139652106e-18, 0.0; Actual Speeds: 0.0, 0.0, 0.0, 0.0, 0.0, 0.0, 0.0; Actual Efforts: 2.4665353784490522e-15, -15.513465881347656, -12.161103248596191, -0.18354858458042145, -0.5657005310058594, 0.011290328577160835, 0.0; Actual Accelerations: 0.0, 0.0, 0.0, 0.0, 0.0, 0.0, 0.0; Commanded Angles: 3.141593, 0.0, -1.570796, 0.0, 0.0, -0.0, 0.0; Commanded Speeds: 0.0, 0.0, 0.0, 0.0, 0.0, 0.3490658503988659, 0.0; Commanded Accelerations: 0, 0, 0, 0, 0, 0, 0
2, 48139.796282, Actual Angles: 3.1415927410125732, 0.0, -1.5707963705062866, 0.0, 0.0, 0.0006399999838322401, 0.0; Actual Speeds: 0.0, 0.0, 0.0, 0.0, 0.0, 0.07999999821186066, 0.0; Actual Efforts: 2.4665353784490522e-15, -15.513465881347656, -12.161103248596191, -0.18354858458042145, -0.5657005310058594, 0.011290328577160835, 0.0; Actual Accelerations: 0.0, 0.0, 0.0, 0.0, 0.0, 0.0, 0.0; Commanded Angles: 3.141593, 0.0, -1.570796, 0.0, 0.0, 0.01988686687957557, 0.0; Commanded Speeds: 0.0, 0.0, 0.0, 0.0, 0.0, 0.3490658503988659, 0.0; Commanded Accelerations: 0, 0, 0, 0, 0, 0, 0
3, 48139.830369, Actual Angles: 3.1415927410125732, 0.0, -1.5707963705062866, 0.0, 0.0, 0.010975999757647514, 0.0; Actual Speeds: 0.0, 0.0, 0.0, 0.0, 0.0, 0.3919999897480011, 0.0; Actual Efforts: -3.662937331228022e-07, -15.513826370239258, -12.161423683166504, -0.18345829844474792, -0.5657667517662048, -0.16689959168434143, 0.0; Actual Accelerations: 0.0, 0.0, 0.0, 0.0, 0.0, 0.0, 0.0; Commanded Angles: 3.141593, 0.0, -1.570796, 0.0, 0.0, 0.03753421592567273, 0.0; Commanded Speeds: 0.0, 0.0, 0.0, 0.0, 0.0, 0.3490658503988659, 0.0; Commanded Accelerations: 0, 0, 0, 0, 0, 0, 0
4, 48139.864806, Actual Angles: 3.1415927410125732, 0.0, -1.5707963705062866, 0.0, 0.0, 0.022112000733613968, 0.0; Actual Speeds: 0.0, 0.0, 0.0, 0.0, 0.0, 0.3440000116825104, 0.0; Actual Efforts: -1.6502757716807537e-05, -15.515218734741211, -12.162662506103516, -0.18310725688934326, -0.5660226941108704, 1.0051671266555786, 0.0; Actual Accelerations: 0.0, 0.0, 0.0, 0.0, 0.0, 0.0, 0.0; Commanded Angles: 3.141593, 0.0, -1.570796, 0.0, 0.0, 0.04923576577266896, 0.0; Commanded Speeds: 0.0, 0.0, 0.0, 0.0, 0.0, 0.3490658503988659, 0.0; Commanded Accelerations: 0, 0, 0, 0, 0, 0, 0
5, 48139.896901, Actual Angles: 3.1415927410125732, 0.0, -1.5707963705062866, 0.0, 0.0, 0.034623999148607254, 0.0; Actual Speeds: 0.0, 0.0, 0.0, 0.0, 0.0, 0.3440000116825104, 0.0; Actual Efforts: -5.031186083215289e-05, -15.515310287475586, -12.162744522094727, -0.18307985365390778, -0.5660394430160522, 0.3078937232494354, 0.0; Actual Accelerations: 0.0, 0.0, 0.0, 0.0, 0.0, 0.0, 0.0; Commanded Angles: 3.141593, 0.0, -1.570796, 0.0, 0.0, 0.06014499897205211, 0.0; Commanded Speeds: 0.0, 0.0, 0.0, 0.0, 0.0, 0.3490658503988659, 0.0; Commanded Accelerations: 0, 0, 0, 0, 0, 0, 0
6, 48139.931791, Actual Angles: 3.1415927410125732, 0.0, -1.5707963705062866, 0.0, 0.0, 0.04575999826192856, 0.0; Actual Speeds: 0.0, 0.0, 0.0, 0.0, 0.0, 0.3440000116825104, 0.0; Actual Efforts: -6.877785199321806e-05, -15.51459789276123, -12.162110328674316, -0.18325719237327576, -0.5659084320068359, 0.2432650923728943, 0.0; Actual Accelerations: 0.0, 0.0, 0.0, 0.0, 0.0, 0.0, 0.0; Commanded Angles: 3.141593, 0.0, -1.570796, 0.0, 0.0, 0.07490484004915375, 0.0; Commanded Speeds: 0.0, 0.0, 0.0, 0.0, 0.0, 0.3490658503988659, 0.0; Commanded Accelerations: 0, 0, 0, 0, 0, 0, 0
7, 48139.964890, Actual Angles: 3.1415927410125732, 0.0, -1.5707963705062866, 0.0, 0.0, 0.05830400064587593, 0.0; Actual Speeds: 0.0, 0.0, 0.0, 0.0, 0.0, 0.35199999809265137, 0.0; Actual Efforts: -7.108126737875864e-05, -15.513934135437012, -12.161520004272461, -0.1834264099597931, -0.5657865405082703, 0.13127699494361877, 0.0; Actual Accelerations: 0.0, 0.0, 0.0, 0.0, 0.0, 0.0, 0.0; Commanded Angles: 3.141593, 0.0, -1.570796, 0.0, 0.0, 0.0841500822731416, 0.0; Commanded Speeds: 0.0, 0.0, 0.0, 0.0, 0.0, 0.3490658503988659, 0.0; Commanded Accelerations: 0, 0, 0, 0, 0, 0, 0
8, 48139.997921, Actual Angles: 3.1415927410125732, 0.0, -1.5707963705062866, 0.0, 0.0, 0.06943999975919724, 0.0; Actual Speeds: 0.0, 0.0, 0.0, 0.0, 0.0, 0.35199999809265137, 0.0; Actual Efforts: -7.205314614111558e-05, -15.51370620727539, -12.161316871643066, -0.18348802626132965, -0.5657445788383484, -0.032020412385463715, 0.0; Actual Accelerations: 0.0, 0.0, 0.0, 0.0, 0.0, 0.0, 0.0; Commanded Angles: 3.141593, 0.0, -1.570796, 0.0, 0.0, 0.0945441756098023, 0.0; Commanded Speeds: 0.0, 0.0, 0.0, 0.0, 0.0, 0.3490658503988659, 0.0; Commanded Accelerations: 0, 0, 0, 0, 0, 0, 0
9, 48140.031320, Actual Angles: 3.1415927410125732, 0.0, -1.5707963705062866, 0.0, 0.0, 0.08057600259780884, 0.0; Actual Speeds: 0.0, 0.0, 0.0, 0.0, 0.0, 0.35199999809265137, 0.0; Actual Efforts: -8.195624832296744e-05, -15.51378059387207, -12.161382675170898, -0.18347378075122833, -0.5657582879066467, 0.11644121259450912, 0.0; Actual Accelerations: 0.0, 0.0, 0.0, 0.0, 0.0, 0.0, 0.0; Commanded Angles: 3.141593, 0.0, -1.570796, 0.0, 0.0, 0.10639450919074622, 0.0; Commanded Speeds: 0.0, 0.0, 0.0, 0.0, 0.0, 0.3490658503988659, 0.0; Commanded Accelerations: 0, 0, 0, 0, 0, 0, 0
10, 48140.064949, Actual Angles: 3.1415927410125732, 0.0, -1.5707963705062866, 0.0, 0.0, 0.09312000125646591, 0.0; Actual Speeds: 0.0, 0.0, 0.0, 0.0, 0.0, 0.35199999809265137, 0.0; Actual Efforts: -7.076276233419776e-05, -15.513525009155273, -12.161155700683594, -0.18354786932468414, -0.5657114386558533, -0.017783885821700096, 0.0; Actual Accelerations: 0.0, 0.0, 0.0, 0.0, 0.0, 0.0, 0.0; Commanded Angles: 3.141593, 0.0, -1.570796, 0.0, 0.0, 0.11881751985519567, 0.0; Commanded Speeds: 0.0, 0.0, 0.0, 0.0, 0.0, 0.3490658503988659, 0.0; Commanded Accelerations: 0, 0, 0, 0, 0, 0, 0
11, 48140.098879, Actual Angles: 3.1415927410125732, 0.0, -1.5707963705062866, 0.0, 0.0, 0.10425599664449692, 0.0; Actual Speeds: 0.0, 0.0, 0.0, 0.0, 0.0, 0.35199999809265137, 0.0; Actual Efforts: -5.0034901505568996e-05, -15.513280868530273, -12.160938262939453, -0.18362164497375488, -0.5656664967536926, -0.2759629487991333, 0.0; Actual Accelerations: 0.0, 0.0, 0.0, 0.0, 0.0, 0.0, 0.0; Commanded Angles: 3.141593, 0.0, -1.570796, 0.0, 0.0, 0.1309945658081959, 0.0; Commanded Speeds: 0.0, 0.0, 0.0, 0.0, 0.0, 0.3490658503988659, 0.0; Commanded Accelerations: 0, 0, 0, 0, 0, 0, 0
12, 48140.132924, Actual Angles: 3.1415927410125732, 0.0, -1.5707963705062866, 0.0, 0.0, 0.11539199948310852, 0.0; Actual Speeds: 0.0, 0.0, 0.0, 0.0, 0.0, 0.3440000116825104, 0.0; Actual Efforts: -4.642496060114354e-05, -15.513261795043945, -12.160922050476074, -0.1836387664079666, -0.5656630396842957, -0.15974336862564087, 0.0; Actual Accelerations: 0.0, 0.0, 0.0, 0.0, 0.0, 0.0, 0.0; Commanded Angles: 3.141593, 0.0, -1.570796, 0.0, 0.0, 0.14247562472101855, 0.0; Commanded Speeds: 0.0, 0.0, 0.0, 0.0, 0.0, 0.3490658503988659, 0.0; Commanded Accelerations: 0, 0, 0, 0, 0, 0, 0
13, 48140.165749, Actual Angles: 3.1415927410125732, 0.0, -1.5707963705062866, 0.0, 0.0, 0.1279039978981018, 0.0; Actual Speeds: 0.0, 0.0, 0.0, 0.0, 0.0, 0.3440000116825104, 0.0; Actual Efforts: -4.370743772597052e-05, -15.513256072998047, -12.160916328430176, -0.1836528480052948, -0.5656619071960449, -0.0759388878941536, 0.0; Actual Accelerations: 0.0, 0.0, 0.0, 0.0, 0.0, 0.0, 0.0; Commanded Angles: 3.141593, 0.0, -1.570796, 0.0, 0.0, 0.15385568596656538, 0.0; Commanded Speeds: 0.0, 0.0, 0.0, 0.0, 0.0, 0.3490658503988659, 0.0; Commanded Accelerations: 0, 0, 0, 0, 0, 0, 0
14, 48140.199486, Actual Angles: 3.1415927410125732, 0.0, -1.5707963705062866, 0.0, 0.0, 0.1390399932861328, 0.0; Actual Speeds: 0.0, 0.0, 0.0, 0.0, 0.0, 0.3440000116825104, 0.0; Actual Efforts: -3.8225021853577346e-05, -15.513229370117188, -12.160893440246582, -0.18367375433444977, -0.5656570792198181, -0.023671207949519157, 0.0; Actual Accelerations: 0.0, 0.0, 0.0, 0.0, 0.0, 0.0, 0.0; Commanded Angles: 3.141593, 0.0, -1.570796, 0.0, 0.0, 0.16708330528524265, 0.0; Commanded Speeds: 0.0, 0.0, 0.0, 0.0, 0.0, 0.3490658503988659, 0.0; Commanded Accelerations: 0, 0, 0, 0, 0, 0, 0
15, 48140.233103, Actual Angles: 3.1415927410125732, 0.0, -1.5707963705062866, 0.0, 0.0, 0.1515520066022873, 0.0; Actual Speeds: 0.0, 0.0, 0.0, 0.0, 0.0, 0.3440000116825104, 0.0; Actual Efforts: -4.0914834244176745e-05, -15.513270378112793, -12.160928726196289, -0.1836799830198288, -0.5656644701957703, -0.31496545672416687, 0.0; Actual Accelerations: 0.0, 0.0, 0.0, 0.0, 0.0, 0.0, 0.0; Commanded Angles: 3.141593, 0.0, -1.570796, 0.0, 0.0, 0.1786357778343172, 0.0; Commanded Speeds: 0.0, 0.0, 0.0, 0.0, 0.0, 0.3490658503988659, 0.0; Commanded Accelerations: 0, 0, 0, 0, 0, 0, 0
16, 48140.266674, Actual Angles: 3.1415927410125732, 0.0, -1.5707963705062866, 0.0, 0.0, 0.1626880019903183, 0.0; Actual Speeds: 0.0, 0.0, 0.0, 0.0, 0.0, 0.3440000116825104, 0.0; Actual Efforts: -3.9630533137824386e-05, -15.513273239135742, -12.160931587219238, -0.18369580805301666, -0.5656651258468628, -0.3005584478378296, 0.0; Actual Accelerations: 0.0, 0.0, 0.0, 0.0, 0.0, 0.0, 0.0; Commanded Angles: 3.141593, 0.0, -1.570796, 0.0, 0.0, 0.190244049606701, 0.0; Commanded Speeds: 0.0, 0.0, 0.0, 0.0, 0.0, 0.3490658503988659, 0.0; Commanded Accelerations: 0, 0, 0, 0, 0, 0, 0
17, 48140.300482, Actual Angles: 3.1415927410125732, 0.0, -1.5707963705062866, 0.0, 0.0, 0.1738239973783493, 0.0; Actual Speeds: 0.0, 0.0, 0.0, 0.0, 0.0, 0.3440000116825104, 0.0; Actual Efforts: -7.076111796777695e-05, -15.513474464416504, -12.161110877990723, -0.18366068601608276, -0.5657020807266235, -0.21833235025405884, 0.0; Actual Accelerations: 0.0, 0.0, 0.0, 0.0, 0.0, 0.0, 0.0; Commanded Angles: 3.141593, 0.0, -1.570796, 0.0, 0.0, 0.20069659611340915, 0.0; Commanded Speeds: 0.0, 0.0, 0.0, 0.0, 0.0, 0.3490658503988659, 0.0; Commanded Accelerations: 0, 0, 0, 0, 0, 0, 0
18, 48140.333764, Actual Angles: 3.1415927410125732, 0.0, -1.5707963705062866, 0.0, 0.0, 0.18636800348758698, 0.0; Actual Speeds: 0.0, 0.0, 0.0, 0.0, 0.0, 0.35199999809265137, 0.0; Actual Efforts: -6.646886322414503e-05, -15.513448715209961, -12.161087036132812, -0.18368737399578094, -0.5656972527503967, -0.08120620250701904, 0.0; Actual Accelerations: 0.0, 0.0, 0.0, 0.0, 0.0, 0.0, 0.0; Commanded Angles: 3.141593, 0.0, -1.570796, 0.0, 0.0, 0.21504157382470696, 0.0; Commanded Speeds: 0.0, 0.0, 0.0, 0.0, 0.0, 0.3490658503988659, 0.0; Commanded Accelerations: 0, 0, 0, 0, 0, 0, 0
19, 48140.368574, Actual Angles: 3.1415927410125732, 0.0, -1.5707963705062866, 0.0, 0.0, 0.19750399887561798, 0.0; Actual Speeds: 0.0, 0.0, 0.0, 0.0, 0.0, 0.35199999809265137, 0.0; Actual Efforts: -6.517010479001328e-05, -15.513442039489746, -12.161081314086914, -0.18371255695819855, -0.5656960606575012, -0.08067921549081802, 0.0; Actual Accelerations: 0.0, 0.0, 0.0, 0.0, 0.0, 0.0, 0.0; Commanded Angles: 3.141593, 0.0, -1.570796, 0.0, 0.0, 0.22836983476027323, 0.0; Commanded Speeds: 0.0, 0.0, 0.0, 0.0, 0.0, 0.3490658503988659, 0.0; Commanded Accelerations: 0, 0, 0, 0, 0, 0, 0
20, 48140.402069, Actual Angles: 3.1415927410125732, 0.0, -1.5707963705062866, 0.0, 0.0, 0.21004800498485565, 0.0; Actual Speeds: 0.0, 0.0, 0.0, 0.0, 0.0, 0.35199999809265137, 0.0; Actual Efforts: -6.537989975186065e-05, -15.513444900512695, -12.161084175109863, -0.1837340146303177, -0.565696656703949, -0.028323696926236153, 0.0; Actual Accelerations: 0.0, 0.0, 0.0, 0.0, 0.0, 0.0, 0.0; Commanded Angles: 3.141593, 0.0, -1.570796, 0.0, 0.0, 0.23831078302733721, 0.0; Commanded Speeds: 0.0, 0.0, 0.0, 0.0, 0.0, 0.3490658503988659, 0.0; Commanded Accelerations: 0, 0, 0, 0, 0, 0, 0
21, 48140.434354, Actual Angles: 3.1415927410125732, 0.0, -1.5707963705062866, 0.0, 0.0, 0.22118400037288666, 0.0; Actual Speeds: 0.0, 0.0, 0.0, 0.0, 0.0, 0.35199999809265137, 0.0; Actual Efforts: -6.881667650304735e-05, -15.513461112976074, -12.16109848022461, -0.1837530881166458, -0.565699577331543, -0.04738578572869301, 0.0; Actual Accelerations: 0.0, 0.0, 0.0, 0.0, 0.0, 0.0, 0.0; Commanded Angles: 3.141593, 0.0, -1.570796, 0.0, 0.0, 0.2502580787246028, 0.0; Commanded Speeds: 0.0, 0.0, 0.0, 0.0, 0.0, 0.3490658503988659, 0.0; Commanded Accelerations: 0, 0, 0, 0, 0, 0, 0
22, 48140.468161, Actual Angles: 3.1415927410125732, 0.0, -1.5707963705062866, 0.0, 0.0, 0.23231999576091766, 0.0; Actual Speeds: 0.0, 0.0, 0.0, 0.0, 0.0, 0.35199999809265137, 0.0; Actual Efforts: -6.669281719950959e-05, -15.513448715209961, -12.161087989807129, -0.18378163874149323, -0.5656973719596863, -0.1680847853422165, 0.0; Actual Accelerations: 0.0, 0.0, 0.0, 0.0, 0.0, 0.0, 0.0; Commanded Angles: 3.141593, 0.0, -1.570796, 0.0, 0.0, 0.260267646004845, 0.0; Commanded Speeds: 0.0, 0.0, 0.0, 0.0, 0.0, 0.3490658503988659, 0.0; Commanded Accelerations: 0, 0, 0, 0, 0, 0, 0
23, 48140.502986, Actual Angles: 3.1415927410125732, 0.0, -1.5707963705062866, 0.0, 0.0, 0.24483199417591095, 0.0; Actual Speeds: 0.0, 0.0, 0.0, 0.0, 0.0, 0.3440000116825104, 0.0; Actual Efforts: -6.497413414763287e-05, -15.513442993164062, -12.16108226776123, -0.18381325900554657, -0.5656961798667908, -0.23423248529434204, 0.0; Actual Accelerations: 0.0, 0.0, 0.0, 0.0, 0.0, 0.0, 0.0; Commanded Angles: 3.141593, 0.0, -1.570796, 0.0, 0.0, 0.2721534785374784, 0.0; Commanded Speeds: 0.0, 0.0, 0.0, 0.0, 0.0, 0.3490658503988659, 0.0; Commanded Accelerations: 0, 0, 0, 0, 0, 0, 0
24, 48140.536945, Actual Angles: 3.1415927410125732, 0.0, -1.5707963705062866, 0.0, 0.0, 0.25734400749206543, 0.0; Actual Speeds: 0.0, 0.0, 0.0, 0.0, 0.0, 0.3440000116825104, 0.0; Actual Efforts: -6.409401976270601e-05, -15.513440132141113, -12.161080360412598, -0.18384544551372528, -0.5656957030296326, -0.09763333946466446, 0.0; Actual Accelerations: 0.0, 0.0, 0.0, 0.0, 0.0, 0.0, 0.0; Commanded Angles: 3.141593, 0.0, -1.570796, 0.0, 0.0, 0.2839022779361001, 0.0; Commanded Speeds: 0.0, 0.0, 0.0, 0.0, 0.0, 0.3490658503988659, 0.0; Commanded Accelerations: 0, 0, 0, 0, 0, 0, 0
25, 48140.568837, Actual Angles: 3.1415927410125732, 0.0, -1.5707963705062866, 0.0, 0.0, 0.26710399985313416, 0.0; Actual Speeds: 0.0, 0.0, 0.0, 0.0, 0.0, 0.3440000116825104, 0.0; Actual Efforts: -6.697966455249116e-05, -15.513452529907227, -12.161090850830078, -0.18387126922607422, -0.565697968006134, -0.012511384673416615, 0.0; Actual Accelerations: 0.0, 0.0, 0.0, 0.0, 0.0, 0.0, 0.0; Commanded Angles: 3.141593, 0.0, -1.570796, 0.0, 0.0, 0.2954531625866513, 0.0; Commanded Speeds: 0.0, 0.0, 0.0, 0.0, 0.0, 0.3490658503988659, 0.0; Commanded Accelerations: 0, 0, 0, 0, 0, 0, 0
26, 48140.602426, Actual Angles: 3.1415927410125732, 0.0, -1.5707963705062866, 0.0, 0.0, 0.27961599826812744, 0.0; Actual Speeds: 0.0, 0.0, 0.0, 0.0, 0.0, 0.3440000116825104, 0.0; Actual Efforts: -7.115431071724743e-05, -15.513466835021973, -12.161104202270508, -0.1838977038860321, -0.5657007098197937, -0.28535836935043335, 0.0; Actual Accelerations: 0.0, 0.0, 0.0, 0.0, 0.0, 0.0, 0.0; Commanded Angles: 3.141593, 0.0, -1.570796, 0.0, 0.0, 0.30617687845341335, 0.0; Commanded Speeds: 0.0, 0.0, 0.0, 0.0, 0.0, 0.3490658503988659, 0.0; Commanded Accelerations: 0, 0, 0, 0, 0, 0, 0
27, 48140.637663, Actual Angles: 3.1415927410125732, 0.0, -1.5707963705062866, 0.0, 0.0, 0.2921600043773651, 0.0; Actual Speeds: 0.0, 0.0, 0.0, 0.0, 0.0, 0.35199999809265137, 0.0; Actual Efforts: -0.00012761905963998288, -15.513671875, -12.161286354064941, -0.18387189507484436, -0.565738320350647, -0.4387359619140625, 0.0; Actual Accelerations: 0.0, 0.0, 0.0, 0.0, 0.0, 0.0, 0.0; Commanded Angles: 3.141593, 0.0, -1.570796, 0.0, 0.0, 0.3206783849704783, 0.0; Commanded Speeds: 0.0, 0.0, 0.0, 0.0, 0.0, 0.3490658503988659, 0.0; Commanded Accelerations: 0, 0, 0, 0, 0, 0, 0
28, 48140.669725, Actual Angles: 3.1415927410125732, 0.0, -1.5707963705062866, 0.0, 0.0, 0.3032959997653961, 0.0; Actual Speeds: 0.0, 0.0, 0.0, 0.0, 0.0, 0.35199999809265137, 0.0; Actual Efforts: -0.0001291166408918798, -15.51366901397705, -12.161283493041992, -0.18390598893165588, -0.5657377243041992, -0.3183004558086395, 0.0; Actual Accelerations: 0.0, 0.0, 0.0, 0.0, 0.0, 0.0, 0.0; Commanded Angles: 3.141593, 0.0, -1.570796, 0.0, 0.0, 0.3317919665548075, 0.0; Commanded Speeds: 0.0, 0.0, 0.0, 0.0, 0.0, 0.3490658503988659, 0.0; Commanded Accelerations: 0, 0, 0, 0, 0, 0, 0
29, 48140.703616, Actual Angles: 3.1415927410125732, 0.0, -1.5707963705062866, 0.0, 0.0, 0.3144319951534271, 0.0; Actual Speeds: 0.0, 0.0, 0.0, 0.0, 0.0, 0.35199999809265137, 0.0; Actual Efforts: -0.00012962319306097925, -15.51366138458252, -12.161277770996094, -0.18394255638122559, -0.5657364726066589, -0.3006436824798584, 0.0; Actual Accelerations: 0.0, 0.0, 0.0, 0.0, 0.0, 0.0, 0.0; Commanded Angles: 3.141593, 0.0, -1.570796, 0.0, 0.0, 0.34109668750521205, 0.0; Commanded Speeds: 0.0, 0.0, 0.0, 0.0, 0.0, 0.3490658503988659, 0.0; Commanded Accelerations: 0, 0, 0, 0, 0, 0, 0
30, 48140.736782, Actual Angles: 3.1415927410125732, 0.0, -1.5707963705062866, 0.0, 0.0, 0.32556799054145813, 0.0; Actual Speeds: 0.0, 0.0, 0.0, 0.0, 0.0, 0.35199999809265137, 0.0; Actual Efforts: -0.00012923374015372247, -15.513650894165039, -12.161267280578613, -0.18398605287075043, -0.5657345056533813, -0.012599216774106026, 0.0; Actual Accelerations: 0.0, 0.0, 0.0, 0.0, 0.0, 0.0, 0.0; Commanded Angles: 3.141593, 0.0, -1.570796, 0.0, 0.0, 0.35521032286906123, 0.0; Commanded Speeds: 0.0, 0.0, 0.0, 0.0, 0.0, 0.3490658503988659, 0.0; Commanded Accelerations: 0, 0, 0, 0, 0, 0, 0
31, 48140.771426, Actual Angles: 3.1415927410125732, 0.0, -1.5707963705062866, 0.0, 0.0, 0.3381119966506958, 0.0; Actual Speeds: 0.0, 0.0, 0.0, 0.0, 0.0, 0.35199999809265137, 0.0; Actual Efforts: -0.00013577133358921856, -15.513663291931152, -12.16127872467041, -0.1840195655822754, -0.565736711025238, -0.11476312577724457, 0.0; Actual Accelerations: 0.0, 0.0, 0.0, 0.0, 0.0, 0.0, 0.0; Commanded Angles: 3.141593, 0.0, -1.570796, 0.0, 0.0, 0.3670648386077007, 0.0; Commanded Speeds: 0.0, 0.0, 0.0, 0.0, 0.0, 0.3490658503988659, 0.0; Commanded Accelerations: 0, 0, 0, 0, 0, 0, 0
32, 48140.805248, Actual Angles: 3.1415927410125732, 0.0, -1.5707963705062866, 0.0, 0.0, 0.3506239950656891, 0.0; Actual Speeds: 0.0, 0.0, 0.0, 0.0, 0.0, 0.3440000116825104, 0.0; Actual Efforts: -0.00014102901332080364, -15.51366901397705, -12.161283493041992, -0.1840611845254898, -0.5657377243041992, -0.25285542011260986, 0.0; Actual Accelerations: 0.0, 0.0, 0.0, 0.0, 0.0, 0.0, 0.0; Commanded Angles: 3.141593, 0.0, -1.570796, 0.0, 0.0, 0.3784423178155366, 0.0; Commanded Speeds: 0.0, 0.0, 0.0, 0.0, 0.0, 0.3490658503988659, 0.0; Commanded Accelerations: 0, 0, 0, 0, 0, 0, 0
33, 48140.839082, Actual Angles: 3.1415927410125732, 0.0, -1.5707963705062866, 0.0, 0.0, 0.3617599904537201, 0.0; Actual Speeds: 0.0, 0.0, 0.0, 0.0, 0.0, 0.3440000116825104, 0.0; Actual Efforts: -0.00012802662968169898, -15.513625144958496, -12.16124439239502, -0.18411529064178467, -0.5657296776771545, -0.04668312892317772, 0.0; Actual Accelerations: 0.0, 0.0, 0.0, 0.0, 0.0, 0.0, 0.0; Commanded Angles: 3.141593, 0.0, -1.570796, 0.0, 0.0, 0.3923711102443803, 0.0; Commanded Speeds: 0.0, 0.0, 0.0, 0.0, 0.0, 0.3490658503988659, 0.0; Commanded Accelerations: 0, 0, 0, 0, 0, 0, 0
34, 48140.872742, Actual Angles: 3.1415927410125732, 0.0, -1.5707963705062866, 0.0, 0.0, 0.3728959858417511, 0.0; Actual Speeds: 0.0, 0.0, 0.0, 0.0, 0.0, 0.3440000116825104, 0.0; Actual Efforts: -5.993745435262099e-05, -15.51343059539795, -12.16107177734375, -0.18422462046146393, -0.5656940340995789, -0.19909459352493286, 0.0; Actual Accelerations: 0.0, 0.0, 0.0, 0.0, 0.0, 0.0, 0.0; Commanded Angles: 3.141593, 0.0, -1.570796, 0.0, 0.0, 0.4032238398050807, 0.0; Commanded Speeds: 0.0, 0.0, 0.0, 0.0, 0.0, 0.3490658503988659, 0.0; Commanded Accelerations: 0, 0, 0, 0, 0, 0, 0
35, 48140.904987, Actual Angles: 3.1415927410125732, 0.0, -1.5707963705062866, 0.0, 0.0, 0.3854080140590668, 0.0; Actual Speeds: 0.0, 0.0, 0.0, 0.0, 0.0, 0.3440000116825104, 0.0; Actual Efforts: -5.855663039255887e-05, -15.513427734375, -12.1610689163208, -0.1842692494392395, -0.5656934380531311, -0.09754550457000732, 0.0; Actual Accelerations: 0.0, 0.0, 0.0, 0.0, 0.0, 0.0, 0.0; Commanded Angles: 3.141593, 0.0, -1.570796, 0.0, 0.0, 0.41308161964276635, 0.0; Commanded Speeds: 0.0, 0.0, 0.0, 0.0, 0.0, 0.3490658503988659, 0.0; Commanded Accelerations: 0, 0, 0, 0, 0, 0, 0
36, 48140.938541, Actual Angles: 3.1415927410125732, 0.0, -1.5707963705062866, 0.0, 0.0, 0.3965440094470978, 0.0; Actual Speeds: 0.0, 0.0, 0.0, 0.0, 0.0, 0.3440000116825104, 0.0; Actual Efforts: -5.693506318493746e-05, -15.513423919677734, -12.161066055297852, -0.18431513011455536, -0.5656928420066833, 0.0900038480758667, 0.0; Actual Accelerations: 0.0, 0.0, 0.0, 0.0, 0.0, 0.0, 0.0; Commanded Angles: 3.141593, 0.0, -1.570796, 0.0, 0.0, 0.42489321564061044, 0.0; Commanded Speeds: 0.0, 0.0, 0.0, 0.0, 0.0, 0.3490658503988659, 0.0; Commanded Accelerations: 0, 0, 0, 0, 0, 0, 0
37, 48140.973073, Actual Angles: 3.1415927410125732, 0.0, -1.5707963705062866, 0.0, 0.0, 0.40908798575401306, 0.0; Actual Speeds: 0.0, 0.0, 0.0, 0.0, 0.0, 0.35199999809265137, 0.0; Actual Efforts: 2.432890141790267e-05, -15.51323127746582, -12.160894393920898, -0.18443210422992706, -0.565657377243042, 0.07497943192720413, 0.0; Actual Accelerations: 0.0, 0.0, 0.0, 0.0, 0.0, 0.0, 0.0; Commanded Angles: 3.141593, 0.0, -1.570796, 0.0, 0.0, 0.4346694823178665, 0.0; Commanded Speeds: 0.0, 0.0, 0.0, 0.0, 0.0, 0.3490658503988659, 0.0; Commanded Accelerations: 0, 0, 0, 0, 0, 0, 0
38, 48141.006751, Actual Angles: 3.1415927410125732, 0.0, -1.5707963705062866, 0.0, 0.0, 0.42022401094436646, 0.0; Actual Speeds: 0.0, 0.0, 0.0, 0.0, 0.0, 0.35199999809265137, 0.0; Actual Efforts: 2.781234979920555e-05, -15.513229370117188, -12.160892486572266, -0.18448132276535034, -0.5656569004058838, -0.14718082547187805, 0.0; Actual Accelerations: 0.0, 0.0, 0.0, 0.0, 0.0, 0.0, 0.0; Commanded Angles: 3.141593, 0.0, -1.570796, 0.0, 0.0, 0.4489710341415716, 0.0; Commanded Speeds: 0.0, 0.0, 0.0, 0.0, 0.0, 0.3490658503988659, 0.0; Commanded Accelerations: 0, 0, 0, 0, 0, 0, 0
39, 48141.039114, Actual Angles: 3.1415927410125732, 0.0, -1.5707963705062866, 0.0, 0.0, 0.43136000633239746, 0.0; Actual Speeds: 0.0, 0.0, 0.0, 0.0, 0.0, 0.35199999809265137, 0.0; Actual Efforts: 2.7748792490456253e-05, -15.513235092163086, -12.160898208618164, -0.18452881276607513, -0.5656580924987793, -0.24934473633766174, 0.0; Actual Accelerations: 0.0, 0.0, 0.0, 0.0, 0.0, 0.0, 0.0; Commanded Angles: 3.141593, 0.0, -1.570796, 0.0, 0.0, 0.4594898993192898, 0.0; Commanded Speeds: 0.0, 0.0, 0.0, 0.0, 0.0, 0.3490658503988659, 0.0; Commanded Accelerations: 0, 0, 0, 0, 0, 0, 0
40, 48141.072856, Actual Angles: 3.1415927410125732, 0.0, -1.5707963705062866, 0.0, 0.0, 0.44249600172042847, 0.0; Actual Speeds: 0.0, 0.0, 0.0, 0.0, 0.0, 0.35199999809265137, 0.0; Actual Efforts: 2.770335595414508e-05, -15.513242721557617, -12.160904884338379, -0.1845833957195282, -0.5656594634056091, -0.3157559335231781, 0.0; Actual Accelerations: 0.0, 0.0, 0.0, 0.0, 0.0, 0.0, 0.0; Commanded Angles: 3.141593, 0.0, -1.570796, 0.0, 0.0, 0.4734650449043254, 0.0; Commanded Speeds: 0.0, 0.0, 0.0, 0.0, 0.0, 0.3490658503988659, 0.0; Commanded Accelerations: 0, 0, 0, 0, 0, 0, 0
41, 48141.106852, Actual Angles: 3.1415927410125732, 0.0, -1.5707963705062866, 0.0, 0.0, 0.45504000782966614, 0.0; Actual Speeds: 0.0, 0.0, 0.0, 0.0, 0.0, 0.35199999809265137, 0.0; Actual Efforts: 3.7675163184758276e-05, -15.513227462768555, -12.16089153289795, -0.18464091420173645, -0.5656566619873047, -0.07602672278881073, 0.0; Actual Accelerations: 0.0, 0.0, 0.0, 0.0, 0.0, 0.0, 0.0; Commanded Angles: 3.141593, 0.0, -1.570796, 0.0, 0.0, 0.4824498899375981, 0.0; Commanded Speeds: 0.0, 0.0, 0.0, 0.0, 0.0, 0.3490658503988659, 0.0; Commanded Accelerations: 0, 0, 0, 0, 0, 0, 0
42, 48141.140029, Actual Angles: 3.1415927410125732, 0.0, -1.5707963705062866, 0.0, 0.0, 0.46617600321769714, 0.0; Actual Speeds: 0.0, 0.0, 0.0, 0.0, 0.0, 0.35199999809265137, 0.0; Actual Efforts: 2.5796152840484865e-05, -15.51325798034668, -12.160918235778809, -0.1846838891506195, -0.5656623244285583, -0.3660913109779358, 0.0; Actual Accelerations: 0.0, 0.0, 0.0, 0.0, 0.0, 0.0, 0.0; Commanded Angles: 3.141593, 0.0, -1.570796, 0.0, 0.0, 0.4933917771981063, 0.0; Commanded Speeds: 0.0, 0.0, 0.0, 0.0, 0.0, 0.3490658503988659, 0.0; Commanded Accelerations: 0, 0, 0, 0, 0, 0, 0
43, 48141.173834, Actual Angles: 3.1415927410125732, 0.0, -1.5707963705062866, 0.0, 0.0, 0.47868800163269043, 0.0; Actual Speeds: 0.0, 0.0, 0.0, 0.0, 0.0, 0.3440000116825104, 0.0; Actual Efforts: 2.3833124942029826e-05, -15.513267517089844, -12.16092586517334, -0.18474221229553223, -0.5656639337539673, -0.38576823472976685, 0.0; Actual Accelerations: 0.0, 0.0, 0.0, 0.0, 0.0, 0.0, 0.0; Commanded Angles: 3.141593, 0.0, -1.570796, 0.0, 0.0, 0.5074912167528651, 0.0; Commanded Speeds: 0.0, 0.0, 0.0, 0.0, 0.0, 0.3490658503988659, 0.0; Commanded Accelerations: 0, 0, 0, 0, 0, 0, 0
44, 48141.208591, Actual Angles: 3.1415927410125732, 0.0, -1.5707963705062866, 0.0, 0.0, 0.48982399702072144, 0.0; Actual Speeds: 0.0, 0.0, 0.0, 0.0, 0.0, 0.3440000116825104, 0.0; Actual Efforts: -6.37043485767208e-05, -15.513440132141113, -12.161080360412598, -0.18474425375461578, -0.5656957626342773, -0.23379333317279816, 0.0; Actual Accelerations: 0.0, 0.0, 0.0, 0.0, 0.0, 0.0, 0.0; Commanded Angles: 3.141593, 0.0, -1.570796, 0.0, 0.0, 0.5207197733143909, 0.0; Commanded Speeds: 0.0, 0.0, 0.0, 0.0, 0.0, 0.3490658503988659, 0.0; Commanded Accelerations: 0, 0, 0, 0, 0, 0, 0
45, 48141.241741, Actual Angles: 3.1415927410125732, 0.0, -1.5707963705062866, 0.0, 0.0, 0.5023360252380371, 0.0; Actual Speeds: 0.0, 0.0, 0.0, 0.0, 0.0, 0.3440000116825104, 0.0; Actual Efforts: -7.224069122457877e-05, -15.513456344604492, -12.161094665527344, -0.18479539453983307, -0.5656987428665161, -0.06451557576656342, 0.0; Actual Accelerations: 0.0, 0.0, 0.0, 0.0, 0.0, 0.0, 0.0; Commanded Angles: 3.141593, 0.0, -1.570796, 0.0, 0.0, 0.5295752147505002, 0.0; Commanded Speeds: 0.0, 0.0, 0.0, 0.0, 0.0, 0.3490658503988659, 0.0; Commanded Accelerations: 0, 0, 0, 0, 0, 0, 0
46, 48141.274902, Actual Angles: 3.1415927410125732, 0.0, -1.5707963705062866, 0.0, 0.0, 0.5134720206260681, 0.0; Actual Speeds: 0.0, 0.0, 0.0, 0.0, 0.0, 0.3440000116825104, 0.0; Actual Efforts: -6.371895869961008e-05, -15.513440132141113, -12.161079406738281, -0.1848597526550293, -0.5656956434249878, -0.09930214285850525, 0.0; Actual Accelerations: 0.0, 0.0, 0.0, 0.0, 0.0, 0.0, 0.0; Commanded Angles: 3.141593, 0.0, -1.570796, 0.0, 0.0, 0.5426788451813681, 0.0; Commanded Speeds: 0.0, 0.0, 0.0, 0.0, 0.0, 0.3490658503988659, 0.0; Commanded Accelerations: 0, 0, 0, 0, 0, 0, 0
47, 48141.309242, Actual Angles: 3.1415927410125732, 0.0, -1.5707963705062866, 0.0, 0.0, 0.5260159969329834, 0.0; Actual Speeds: 0.0, 0.0, 0.0, 0.0, 0.0, 0.35199999809265137, 0.0; Actual Efforts: -5.527034227270633e-05, -15.51342487335205, -12.161066055297852, -0.18493196368217468, -0.5656929016113281, -0.21569739282131195, 0.0; Actual Accelerations: 0.0, 0.0, 0.0, 0.0, 0.0, 0.0, 0.0; Commanded Angles: 3.141593, 0.0, -1.570796, 0.0, 0.0, 0.5541126419731526, 0.0; Commanded Speeds: 0.0, 0.0, 0.0, 0.0, 0.0, 0.3490658503988659, 0.0; Commanded Accelerations: 0, 0, 0, 0, 0, 0, 0
48, 48141.341729, Actual Angles: 3.1415927410125732, 0.0, -1.5707963705062866, 0.0, 0.0, 0.5371519923210144, 0.0; Actual Speeds: 0.0, 0.0, 0.0, 0.0, 0.0, 0.35199999809265137, 0.0; Actual Efforts: -6.33387389825657e-05, -15.513439178466797, -12.161079406738281, -0.18498750030994415, -0.5656955242156982, -0.16553767025470734, 0.0; Actual Accelerations: 0.0, 0.0, 0.0, 0.0, 0.0, 0.0, 0.0; Commanded Angles: 3.141593, 0.0, -1.570796, 0.0, 0.0, 0.5634546113906613, 0.0; Commanded Speeds: 0.0, 0.0, 0.0, 0.0, 0.0, 0.3490658503988659, 0.0; Commanded Accelerations: 0, 0, 0, 0, 0, 0, 0
49, 48141.376756, Actual Angles: 3.1415927410125732, 0.0, -1.5707963705062866, 0.0, 0.0, 0.5482879877090454, 0.0; Actual Speeds: 0.0, 0.0, 0.0, 0.0, 0.0, 0.35199999809265137, 0.0; Actual Efforts: -0.0001627984456717968, -15.513609886169434, -12.161231994628906, -0.18499208986759186, -0.5657269954681396, -0.1326833963394165, 0.0; Actual Accelerations: 0.0, 0.0, 0.0, 0.0, 0.0, 0.0, 0.0; Commanded Angles: 3.141593, 0.0, -1.570796, 0.0, 0.0, 0.5770142816961505, 0.0; Commanded Speeds: 0.0, 0.0, 0.0, 0.0, 0.0, 0.3490658503988659, 0.0; Commanded Accelerations: 0, 0, 0, 0, 0, 0, 0
50, 48141.409513, Actual Angles: 3.1415927410125732, 0.0, -1.5707963705062866, 0.0, 0.0, 0.5608320236206055, 0.0; Actual Speeds: 0.0, 0.0, 0.0, 0.0, 0.0, 0.35199999809265137, 0.0; Actual Efforts: -4.1608433093642816e-05, -15.513401985168457, -12.161046028137207, -0.18513472378253937, -0.5656887888908386, -0.19883109629154205, 0.0; Actual Accelerations: 0.0, 0.0, 0.0, 0.0, 0.0, 0.0, 0.0; Commanded Angles: 3.141593, 0.0, -1.570796, 0.0, 0.0, 0.5897126082781365, 0.0; Commanded Speeds: 0.0, 0.0, 0.0, 0.0, 0.0, 0.3490658503988659, 0.0; Commanded Accelerations: 0, 0, 0, 0, 0, 0, 0
51, 48141.442631, Actual Angles: 3.1415927410125732, 0.0, -1.5707963705062866, 0.0, 0.0, 0.5719680190086365, 0.0; Actual Speeds: 0.0, 0.0, 0.0, 0.0, 0.0, 0.35199999809265137, 0.0; Actual Efforts: -5.848891305504367e-05, -15.51343059539795, -12.16107177734375, -0.18518875539302826, -0.5656939148902893, -0.2680529057979584, 0.0; Actual Accelerations: 0.0, 0.0, 0.0, 0.0, 0.0, 0.0, 0.0; Commanded Angles: 3.141593, 0.0, -1.570796, 0.0, 0.0, 0.600738772600869, 0.0; Commanded Speeds: 0.0, 0.0, 0.0, 0.0, 0.0, 0.3490658503988659, 0.0; Commanded Accelerations: 0, 0, 0, 0, 0, 0, 0
52, 48141.476869, Actual Angles: 3.1415927410125732, 0.0, -1.5707963705062866, 0.0, 0.0, 0.5831040143966675, 0.0; Actual Speeds: 0.0, 0.0, 0.0, 0.0, 0.0, 0.3440000116825104, 0.0; Actual Efforts: -0.00016332189261447638, -15.513598442077637, -12.16122055053711, -0.18519632518291473, -0.565724790096283, 0.005496721249073744, 0.0; Actual Accelerations: 0.0, 0.0, 0.0, 0.0, 0.0, 0.0, 0.0; Commanded Angles: 3.141593, 0.0, -1.570796, 0.0, 0.0, 0.6113497649836737, 0.0; Commanded Speeds: 0.0, 0.0, 0.0, 0.0, 0.0, 0.3490658503988659, 0.0; Commanded Accelerations: 0, 0, 0, 0, 0, 0, 0
53, 48141.510278, Actual Angles: 3.1415927410125732, 0.0, -1.5707963705062866, 0.0, 0.0, 0.5956159830093384, 0.0; Actual Speeds: 0.0, 0.0, 0.0, 0.0, 0.0, 0.3440000116825104, 0.0; Actual Efforts: -0.00017823881353251636, -15.513617515563965, -12.161237716674805, -0.18525514006614685, -0.5657282471656799, -0.13031193614006042, 0.0; Actual Accelerations: 0.0, 0.0, 0.0, 0.0, 0.0, 0.0, 0.0; Commanded Angles: 3.141593, 0.0, -1.570796, 0.0, 0.0, 0.6241104382185212, 0.0; Commanded Speeds: 0.0, 0.0, 0.0, 0.0, 0.0, 0.3490658503988659, 0.0; Commanded Accelerations: 0, 0, 0, 0, 0, 0, 0
54, 48141.543615, Actual Angles: 3.1415927410125732, 0.0, -1.5707963705062866, 0.0, 0.0, 0.6067519783973694, 0.0; Actual Speeds: 0.0, 0.0, 0.0, 0.0, 0.0, 0.3440000116825104, 0.0; Actual Efforts: -0.00018863925652112812, -15.513628005981445, -12.161247253417969, -0.18531841039657593, -0.5657302141189575, -0.33622074127197266, 0.0; Actual Accelerations: 0.0, 0.0, 0.0, 0.0, 0.0, 0.0, 0.0; Commanded Angles: 3.141593, 0.0, -1.570796, 0.0, 0.0, 0.6351394310222455, 0.0; Commanded Speeds: 0.0, 0.0, 0.0, 0.0, 0.0, 0.3490658503988659, 0.0; Commanded Accelerations: 0, 0, 0, 0, 0, 0, 0
55, 48141.576915, Actual Angles: 3.1415927410125732, 0.0, -1.5707963705062866, 0.0, 0.0, 0.6192640066146851, 0.0; Actual Speeds: 0.0, 0.0, 0.0, 0.0, 0.0, 0.3440000116825104, 0.0; Actual Efforts: -0.0001880915224319324, -15.51362133026123, -12.16124153137207, -0.1853979229927063, -0.565729022026062, -0.3032786250114441, 0.0; Actual Accelerations: 0.0, 0.0, 0.0, 0.0, 0.0, 0.0, 0.0; Commanded Angles: 3.141593, 0.0, -1.570796, 0.0, 0.0, 0.646413107120233, 0.0; Commanded Speeds: 0.0, 0.0, 0.0, 0.0, 0.0, 0.3490658503988659, 0.0; Commanded Accelerations: 0, 0, 0, 0, 0, 0, 0
56, 48141.612488, Actual Angles: 3.1415927410125732, 0.0, -1.5707963705062866, 0.0, 0.0, 0.6304000020027161, 0.0; Actual Speeds: 0.0, 0.0, 0.0, 0.0, 0.0, 0.35199999809265137, 0.0; Actual Efforts: -0.0001866364327725023, -15.513614654541016, -12.161234855651855, -0.18547925353050232, -0.5657277703285217, -0.3871709406375885, 0.0; Actual Accelerations: 0.0, 0.0, 0.0, 0.0, 0.0, 24.374448143672254, 0.0; Commanded Angles: 3.141593, 0.0, -1.570796, 0.0, 0.0, 0.6594405054106467, 0.0; Commanded Speeds: 0.0, 0.0, 0.0, 0.0, 0.0, 0.3490658503988659, 0.0; Commanded Accelerations: 0, 0, 0, 0, 0, 0, 0
57, 48141.644140, Actual Angles: 3.1415927410125732, 0.0, -1.5707963705062866, 0.0, 0.0, 0.6415359973907471, 0.0; Actual Speeds: 0.0, 0.0, 0.0, 0.0, 0.0, 0.3440000116825104, 0.0; Actual Efforts: -0.0001677458203630522, -15.513585090637207, -12.161209106445312, -0.18555410206317902, -0.5657222867012024, -0.11247950047254562, 0.0; Actual Accelerations: 0.0, 0.0, 0.0, 0.0, 0.0, 0.0, 0.0; Commanded Angles: 3.141593, 0.0, -1.570796, 0.0, 0.0, 0.6702736576123794, 0.0; Commanded Speeds: 0.0, 0.0, 0.0, 0.0, 0.0, 0.3490658503988659, 0.0; Commanded Accelerations: 0, 0, 0, 0, 0, 0, 0
58, 48141.677492, Actual Angles: 3.1415927410125732, 0.0, -1.5707963705062866, 0.0, 0.0, 0.6540799736976624, 0.0; Actual Speeds: 0.0, 0.0, 0.0, 0.0, 0.0, 0.35199999809265137, 0.0; Actual Efforts: -0.00019977206829935312, -15.51362419128418, -12.16124439239502, -0.18561843037605286, -0.565729558467865, -0.14779305458068848, 0.0; Actual Accelerations: 0.0, 0.0, 0.0, 0.0, 0.0, 0.0, 0.0; Commanded Angles: 3.141593, 0.0, -1.570796, 0.0, 0.0, 0.6819836471734634, 0.0; Commanded Speeds: 0.0, 0.0, 0.0, 0.0, 0.0, 0.3490658503988659, 0.0; Commanded Accelerations: 0, 0, 0, 0, 0, 0, 0
59, 48141.712657, Actual Angles: 3.1415927410125732, 0.0, -1.5707963705062866, 0.0, 0.0, 0.6652160286903381, 0.0; Actual Speeds: 0.0, 0.0, 0.0, 0.0, 0.0, 0.35199999809265137, 0.0; Actual Efforts: -7.407230441458523e-05, -15.513449668884277, -12.161088943481445, -0.18577556312084198, -0.5656974911689758, -0.27068784832954407, 0.0; Actual Accelerations: 0.0, 0.0, 0.0, 0.0, 0.0, 0.0, 0.0; Commanded Angles: 3.141593, 0.0, -1.570796, 0.0, 0.0, 0.6955519072894509, 0.0; Commanded Speeds: 0.0, 0.0, 0.0, 0.0, 0.0, 0.3490658503988659, 0.0; Commanded Accelerations: 0, 0, 0, 0, 0, 0, 0
60, 48141.744747, Actual Angles: 3.1415927410125732, 0.0, -1.5707963705062866, 0.0, 0.0, 0.6763520240783691, 0.0; Actual Speeds: 0.0, 0.0, 0.0, 0.0, 0.0, 0.35199999809265137, 0.0; Actual Efforts: -4.924395034322515e-05, -15.51341724395752, -12.161060333251953, -0.18586525321006775, -0.5656915307044983, -0.16685514152050018, 0.0; Actual Accelerations: 0.0, 0.0, 0.0, 0.0, 0.0, 0.0, 0.0; Commanded Angles: 3.141593, 0.0, -1.570796, 0.0, 0.0, 0.7062055300371882, 0.0; Commanded Speeds: 0.0, 0.0, 0.0, 0.0, 0.0, 0.3490658503988659, 0.0; Commanded Accelerations: 0, 0, 0, 0, 0, 0, 0
61, 48141.779650, Actual Angles: 3.1415927410125732, 0.0, -1.5707963705062866, 0.0, 0.0, 0.6888960003852844, 0.0; Actual Speeds: 0.0, 0.0, 0.0, 0.0, 0.0, 0.35199999809265137, 0.0; Actual Efforts: 9.705520642455667e-05, -15.513236045837402, -12.160898208618164, -0.18602325022220612, -0.5656582117080688, -0.11107678711414337, 0.0; Actual Accelerations: 0.0, 0.0, 0.0, 0.0, 0.0, 0.0, 0.0; Commanded Angles: 3.141593, 0.0, -1.570796, 0.0, 0.0, 0.7171909147438255, 0.0; Commanded Speeds: 0.0, 0.0, 0.0, 0.0, 0.0, 0.3490658503988659, 0.0; Commanded Accelerations: 0, 0, 0, 0, 0, 0, 0
62, 48141.812131, Actual Angles: 3.1415927410125732, 0.0, -1.5707963705062866, 0.0, 0.0, 0.7000319957733154, 0.0; Actual Speeds: 0.0, 0.0, 0.0, 0.0, 0.0, 0.35199999809265137, 0.0; Actual Efforts: -4.4965712731936947e-05, -15.513412475585938, -12.161055564880371, -0.18602211773395538, -0.5656906962394714, -0.09736984223127365, 0.0; Actual Accelerations: 0.0, 0.0, 0.0, 0.0, 0.0, 0.0, 0.0; Commanded Angles: 3.141593, 0.0, -1.570796, 0.0, 0.0, 0.7286660510556622, 0.0; Commanded Speeds: 0.0, 0.0, 0.0, 0.0, 0.0, 0.3490658503988659, 0.0; Commanded Accelerations: 0, 0, 0, 0, 0, 0, 0
63, 48141.845457, Actual Angles: 3.1415927410125732, 0.0, -1.5707963705062866, 0.0, 0.0, 0.7125440239906311, 0.0; Actual Speeds: 0.0, 0.0, 0.0, 0.0, 0.0, 0.3440000116825104, 0.0; Actual Efforts: 9.284364205086604e-05, -15.513250350952148, -12.160911560058594, -0.1861853152513504, -0.5656607747077942, 0.07629691064357758, 0.0; Actual Accelerations: 0.0, 0.0, 0.0, 0.0, 0.0, 0.0, 0.0; Commanded Angles: 3.141593, 0.0, -1.570796, 0.0, 0.0, 0.7416897436602906, 0.0; Commanded Speeds: 0.0, 0.0, 0.0, 0.0, 0.0, 0.3490658503988659, 0.0; Commanded Accelerations: 0, 0, 0, 0, 0, 0, 0
64, 48141.879170, Actual Angles: 3.1415927410125732, 0.0, -1.5707963705062866, 0.0, 0.0, 0.7236800193786621, 0.0; Actual Speeds: 0.0, 0.0, 0.0, 0.0, 0.0, 0.3440000116825104, 0.0; Actual Efforts: 9.25355197978206e-05, -15.513254165649414, -12.160914421081543, -0.18626485764980316, -0.5656614899635315, 0.057146988809108734, 0.0; Actual Accelerations: 0.0, 0.0, 0.0, 0.0, 0.0, 0.0, 0.0; Commanded Angles: 3.141593, 0.0, -1.570796, 0.0, 0.0, 0.7530165336176681, 0.0; Commanded Speeds: 0.0, 0.0, 0.0, 0.0, 0.0, 0.3490658503988659, 0.0; Commanded Accelerations: 0, 0, 0, 0, 0, 0, 0
65, 48141.913122, Actual Angles: 3.1415927410125732, 0.0, -1.5707963705062866, 0.0, 0.0, 0.736191987991333, 0.0; Actual Speeds: 0.0, 0.0, 0.0, 0.0, 0.0, 0.3440000116825104, 0.0; Actual Efforts: 0.00011587616609176621, -15.51323127746582, -12.160894393920898, -0.18636776506900787, -0.5656573176383972, 0.007250762544572353, 0.0; Actual Accelerations: 0.0, 0.0, 0.0, 0.0, 0.0, 0.0, 0.0; Commanded Angles: 3.141593, 0.0, -1.570796, 0.0, 0.0, 0.7660208408535483, 0.0; Commanded Speeds: 0.0, 0.0, 0.0, 0.0, 0.0, 0.3490658503988659, 0.0; Commanded Accelerations: 0, 0, 0, 0, 0, 0, 0
66, 48141.946527, Actual Angles: 3.1415927410125732, 0.0, -1.5707963705062866, 0.0, 0.0, 0.747327983379364, 0.0; Actual Speeds: 0.0, 0.0, 0.0, 0.0, 0.0, 0.3440000116825104, 0.0; Actual Efforts: 9.884117753244936e-05, -15.51325511932373, -12.16091537475586, -0.1864403933286667, -0.5656616687774658, -0.09491314738988876, 0.0; Actual Accelerations: 0.0, 0.0, 0.0, 0.0, 0.0, 0.0, 0.0; Commanded Angles: 3.141593, 0.0, -1.570796, 0.0, 0.0, 0.7803866124163903, 0.0; Commanded Speeds: 0.0, 0.0, 0.0, 0.0, 0.0, 0.3490658503988659, 0.0; Commanded Accelerations: 0, 0, 0, 0, 0, 0, 0
67, 48141.980422, Actual Angles: 3.1415927410125732, 0.0, -1.5707963705062866, 0.0, 0.0, 0.758463978767395, 0.0; Actual Speeds: 0.0, 0.0, 0.0, 0.0, 0.0, 0.3440000116825104, 0.0; Actual Efforts: 8.180540316971019e-05, -15.513277053833008, -12.160935401916504, -0.18651440739631653, -0.5656657218933105, -0.14744432270526886, 0.0; Actual Accelerations: 0.0, 0.0, 0.0, 0.0, 0.0, 0.0, 0.0; Commanded Angles: 3.141593, 0.0, -1.570796, 0.0, 0.0, 0.7887282519578901, 0.0; Commanded Speeds: 0.0, 0.0, 0.0, 0.0, 0.0, 0.3490658503988659, 0.0; Commanded Accelerations: 0, 0, 0, 0, 0, 0, 0
68, 48142.014813, Actual Angles: 3.1415927410125732, 0.0, -1.5707963705062866, 0.0, 0.0, 0.7710080146789551, 0.0; Actual Speeds: 0.0, 0.0, 0.0, 0.0, 0.0, 0.35199999809265137, 0.0; Actual Efforts: 0.00011236044520046562, -15.513248443603516, -12.160909652709961, -0.18662405014038086, -0.5656604170799255, 0.05890362337231636, 0.0; Actual Accelerations: 0.0, 0.0, 0.0, 0.0, 0.0, 0.0, 0.0; Commanded Angles: 3.141593, 0.0, -1.570796, 0.0, 0.0, 0.8001216171506157, 0.0; Commanded Speeds: 0.0, 0.0, 0.0, 0.0, 0.0, 0.3490658503988659, 0.0; Commanded Accelerations: 0, 0, 0, 0, 0, 0, 0
69, 48142.048509, Actual Angles: 3.1415927410125732, 0.0, -1.5707963705062866, 0.0, 0.0, 0.7821440100669861, 0.0; Actual Speeds: 0.0, 0.0, 0.0, 0.0, 0.0, 0.35199999809265137, 0.0; Actual Efforts: -6.211752770468593e-05, -15.513432502746582, -12.161072731018066, -0.1866329312324524, -0.5656942129135132, -0.0808548778295517, 0.0; Actual Accelerations: 0.0, 0.0, 0.0, 0.0, 0.0, 0.0, 0.0; Commanded Angles: 3.141593, 0.0, -1.570796, 0.0, 0.0, 0.8125661728598046, 0.0; Commanded Speeds: 0.0, 0.0, 0.0, 0.0, 0.0, 0.3490658503988659, 0.0; Commanded Accelerations: 0, 0, 0, 0, 0, 0, 0
70, 48142.080842, Actual Angles: 3.1415927410125732, 0.0, -1.5707963705062866, 0.0, 0.0, 0.7932800054550171, 0.0; Actual Speeds: 0.0, 0.0, 0.0, 0.0, 0.0, 0.35199999809265137, 0.0; Actual Efforts: -7.065657700877637e-05, -15.513440132141113, -12.161080360412598, -0.1867157518863678, -0.5656956434249878, -0.3206719160079956, 0.0; Actual Accelerations: 0.0, 0.0, 0.0, 0.0, 0.0, 0.0, 0.0; Commanded Angles: 3.141593, 0.0, -1.570796, 0.0, 0.0, 0.8221716419642432, 0.0; Commanded Speeds: 0.0, 0.0, 0.0, 0.0, 0.0, 0.3490658503988659, 0.0; Commanded Accelerations: 0, 0, 0, 0, 0, 0, 0
71, 48142.115953, Actual Angles: 3.1415927410125732, 0.0, -1.5707963705062866, 0.0, 0.0, 0.8058239817619324, 0.0; Actual Speeds: 0.0, 0.0, 0.0, 0.0, 0.0, 0.35199999809265137, 0.0; Actual Efforts: -6.144231156213209e-05, -15.51343059539795, -12.16107177734375, -0.18680816888809204, -0.5656939148902893, -0.08173319697380066, 0.0; Actual Accelerations: 0.0, 0.0, 0.0, 0.0, 0.0, 0.0, 0.0; Commanded Angles: 3.141593, 0.0, -1.570796, 0.0, 0.0, 0.8345044473830281, 0.0; Commanded Speeds: 0.0, 0.0, 0.0, 0.0, 0.0, 0.3490658503988659, 0.0; Commanded Accelerations: 0, 0, 0, 0, 0, 0, 0
72, 48142.148027, Actual Angles: 3.1415927410125732, 0.0, -1.5707963705062866, 0.0, 0.0, 0.8169599771499634, 0.0; Actual Speeds: 0.0, 0.0, 0.0, 0.0, 0.0, 0.35199999809265137, 0.0; Actual Efforts: -6.512821710202843e-05, -15.513434410095215, -12.1610746383667, -0.18689528107643127, -0.5656945705413818, -0.0986873209476471, 0.0; Actual Accelerations: 0.0, 0.0, 0.0, 0.0, 0.0, 0.0, 0.0; Commanded Angles: 3.141593, 0.0, -1.570796, 0.0, 0.0, 0.8460105088357196, 0.0; Commanded Speeds: 0.0, 0.0, 0.0, 0.0, 0.0, 0.3490658503988659, 0.0; Commanded Accelerations: 0, 0, 0, 0, 0, 0, 0
73, 48142.182500, Actual Angles: 3.1415927410125732, 0.0, -1.5707963705062866, 0.0, 0.0, 0.829472005367279, 0.0; Actual Speeds: 0.0, 0.0, 0.0, 0.0, 0.0, 0.3440000116825104, 0.0; Actual Efforts: -5.0274462410015985e-05, -15.513419151306152, -12.16106128692627, -0.1870034784078598, -0.5656918287277222, -0.08190885931253433, 0.0; Actual Accelerations: 0.0, 0.0, 0.0, 0.0, 0.0, 0.0, 0.0; Commanded Angles: 3.141593, 0.0, -1.570796, 0.0, 0.0, 0.8610741394786222, 0.0; Commanded Speeds: 0.0, 0.0, 0.0, 0.0, 0.0, 0.3490658503988659, 0.0; Commanded Accelerations: 0, 0, 0, 0, 0, 0, 0
74, 48142.216765, Actual Angles: 3.1415927410125732, 0.0, -1.5707963705062866, 0.0, 0.0, 0.84198397397995, 0.0; Actual Speeds: 0.0, 0.0, 0.0, 0.0, 0.0, 0.3440000116825104, 0.0; Actual Efforts: -6.92164248903282e-05, -15.513437271118164, -12.161077499389648, -0.18709617853164673, -0.5656951069831848, -0.3363085687160492, 0.0; Actual Accelerations: 0.0, 0.0, 0.0, 0.0, 0.0, 0.0, 0.0; Commanded Angles: 3.141593, 0.0, -1.570796, 0.0, 0.0, 0.8707936885400288, 0.0; Commanded Speeds: 0.0, 0.0, 0.0, 0.0, 0.0, 0.3490658503988659, 0.0; Commanded Accelerations: 0, 0, 0, 0, 0, 0, 0
75, 48142.248720, Actual Angles: 3.1415927410125732, 0.0, -1.5707963705062866, 0.0, 0.0, 0.8517439961433411, 0.0; Actual Speeds: 0.0, 0.0, 0.0, 0.0, 0.0, 0.3440000116825104, 0.0; Actual Efforts: -6.698338984278962e-05, -15.513434410095215, -12.1610746383667, -0.1871894747018814, -0.5656945109367371, -0.2874663174152374, 0.0; Actual Accelerations: 0.0, 0.0, 0.0, 0.0, 0.0, 0.0, 0.0; Commanded Angles: 3.141593, 0.0, -1.570796, 0.0, 0.0, 0.8814760701237822, 0.0; Commanded Speeds: 0.0, 0.0, 0.0, 0.0, 0.0, 0.3490658503988659, 0.0; Commanded Accelerations: 0, 0, 0, 0, 0, 0, 0
76, 48142.282615, Actual Angles: 3.1415927410125732, 0.0, -1.5707963705062866, 0.0, 0.0, 0.8642560243606567, 0.0; Actual Speeds: 0.0, 0.0, 0.0, 0.0, 0.0, 0.3440000116825104, 0.0; Actual Efforts: -2.142741323041264e-05, -15.51339340209961, -12.161038398742676, -0.18730464577674866, -0.5656870603561401, -0.046507466584444046, 0.0; Actual Accelerations: 0.0, 0.0, 0.0, 0.0, 0.0, 0.0, 0.0; Commanded Angles: 3.141593, 0.0, -1.570796, 0.0, 0.0, 0.8933402214764823, 0.0; Commanded Speeds: 0.0, 0.0, 0.0, 0.0, 0.0, 0.3490658503988659, 0.0; Commanded Accelerations: 0, 0, 0, 0, 0, 0, 0
77, 48142.317213, Actual Angles: 3.1415927410125732, 0.0, -1.5707963705062866, 0.0, 0.0, 0.876800000667572, 0.0; Actual Speeds: 0.0, 0.0, 0.0, 0.0, 0.0, 0.35199999809265137, 0.0; Actual Efforts: -0.00019960119971074164, -15.5135498046875, -12.161177635192871, -0.18732261657714844, -0.5657158493995667, -0.14752955734729767, 0.0; Actual Accelerations: 0.0, 0.0, 0.0, 0.0, 0.0, 0.0, 0.0; Commanded Angles: 3.141593, 0.0, -1.570796, 0.0, 0.0, 0.9052165932772606, 0.0; Commanded Speeds: 0.0, 0.0, 0.0, 0.0, 0.0, 0.3490658503988659, 0.0; Commanded Accelerations: 0, 0, 0, 0, 0, 0, 0
78, 48142.349489, Actual Angles: 3.1415927410125732, 0.0, -1.5707963705062866, 0.0, 0.0, 0.887935996055603, 0.0; Actual Speeds: 0.0, 0.0, 0.0, 0.0, 0.0, 0.35199999809265137, 0.0; Actual Efforts: -0.0001939933281391859, -15.513542175292969, -12.161170959472656, -0.18742059171199799, -0.565714418888092, -0.11370914429426193, 0.0; Actual Accelerations: 0.0, 0.0, 0.0, 0.0, 0.0, 0.0, 0.0; Commanded Angles: 3.141593, 0.0, -1.570796, 0.0, 0.0, 0.916926061333447, 0.0; Commanded Speeds: 0.0, 0.0, 0.0, 0.0, 0.0, 0.3490658503988659, 0.0; Commanded Accelerations: 0, 0, 0, 0, 0, 0, 0
79, 48142.383451, Actual Angles: 3.1415927410125732, 0.0, -1.5707963705062866, 0.0, 0.0, 0.899071991443634, 0.0; Actual Speeds: 0.0, 0.0, 0.0, 0.0, 0.0, 0.35199999809265137, 0.0; Actual Efforts: -0.00019760614668484777, -15.513542175292969, -12.161170959472656, -0.18751482665538788, -0.5657144784927368, 0.10827545076608658, 0.0; Actual Accelerations: 0.0, 0.0, 0.0, 0.0, 0.0, 0.0, 0.0; Commanded Angles: 3.141593, 0.0, -1.570796, 0.0, 0.0, 0.9295952796629577, 0.0; Commanded Speeds: 0.0, 0.0, 0.0, 0.0, 0.0, 0.3490658503988659, 0.0; Commanded Accelerations: 0, 0, 0, 0, 0, 0, 0
80, 48142.417067, Actual Angles: 3.1415927410125732, 0.0, -1.5707963705062866, 0.0, 0.0, 0.9116160273551941, 0.0; Actual Speeds: 0.0, 0.0, 0.0, 0.0, 0.0, 0.35199999809265137, 0.0; Actual Efforts: -0.00021515322441700846, -15.51355266571045, -12.16118049621582, -0.18761572241783142, -0.5657163858413696, -0.01356536615639925, 0.0; Actual Accelerations: 0.0, 0.0, 0.0, 0.0, 0.0, 0.0, 0.0; Commanded Angles: 3.141593, 0.0, -1.570796, 0.0, 0.0, 0.9400047046680858, 0.0; Commanded Speeds: 0.0, 0.0, 0.0, 0.0, 0.0, 0.3490658503988659, 0.0; Commanded Accelerations: 0, 0, 0, 0, 0, 0, 0
81, 48142.450181, Actual Angles: 3.1415927410125732, 0.0, -1.5707963705062866, 0.0, 0.0, 0.9227520227432251, 0.0; Actual Speeds: 0.0, 0.0, 0.0, 0.0, 0.0, 0.35199999809265137, 0.0; Actual Efforts: -0.00020272049005143344, -15.513540267944336, -12.161169052124023, -0.18771997094154358, -0.5657140016555786, -0.1329468935728073, 0.0; Actual Accelerations: 0.0, 0.0, 0.0, 0.0, 0.0, 0.0, 0.0; Commanded Angles: 3.141593, 0.0, -1.570796, 0.0, 0.0, 0.9518236935326025, 0.0; Commanded Speeds: 0.0, 0.0, 0.0, 0.0, 0.0, 0.3490658503988659, 0.0; Commanded Accelerations: 0, 0, 0, 0, 0, 0, 0
82, 48142.483535, Actual Angles: 3.1415927410125732, 0.0, -1.5707963705062866, 0.0, 0.0, 0.9338880181312561, 0.0; Actual Speeds: 0.0, 0.0, 0.0, 0.0, 0.0, 0.35199999809265137, 0.0; Actual Efforts: -0.00021013662626501173, -15.513543128967285, -12.161171913146973, -0.18781538307666779, -0.5657145977020264, -0.18187697231769562, 0.0; Actual Accelerations: 0.0, 0.0, 0.0, 0.0, 0.0, 0.0, 0.0; Commanded Angles: 3.141593, 0.0, -1.570796, 0.0, 0.0, 0.9617879792924018, 0.0; Commanded Speeds: 0.0, 0.0, 0.0, 0.0, 0.0, 0.3490658503988659, 0.0; Commanded Accelerations: 0, 0, 0, 0, 0, 0, 0
83, 48142.516793, Actual Angles: 3.1415927410125732, 0.0, -1.5707963705062866, 0.0, 0.0, 0.9450240135192871, 0.0; Actual Speeds: 0.0, 0.0, 0.0, 0.0, 0.0, 0.3440000116825104, 0.0; Actual Efforts: -0.00024179463798645884, -15.51356315612793, -12.161190032958984, -0.18791283667087555, -0.5657182931900024, -0.3032786250114441, 0.0; Actual Accelerations: 0.0, 0.0, 0.0, 0.0, 0.0, 0.0, 0.0; Commanded Angles: 3.141593, 0.0, -1.570796, 0.0, 0.0, 0.977872041466405, 0.0; Commanded Speeds: 0.0, 0.0, 0.0, 0.0, 0.0, 0.3490658503988659, 0.0; Commanded Accelerations: 0, 0, 0, 0, 0, 0, 0
84, 48142.550469, Actual Angles: 3.1415927410125732, 0.0, -1.5707963705062866, 0.0, 0.0, 0.957535982131958, 0.0; Actual Speeds: 0.0, 0.0, 0.0, 0.0, 0.0, 0.3440000116825104, 0.0; Actual Efforts: -0.00021126003412064165, -15.513537406921387, -12.161166191101074, -0.18802790343761444, -0.5657135248184204, -0.06460340321063995, 0.0; Actual Accelerations: 0.0, 0.0, 0.0, 0.0, 0.0, 0.0, 0.0; Commanded Angles: 3.141593, 0.0, -1.570796, 0.0, 0.0, 0.9887621078102686, 0.0; Commanded Speeds: 0.0, 0.0, 0.0, 0.0, 0.0, 0.3490658503988659, 0.0; Commanded Accelerations: 0, 0, 0, 0, 0, 0, 0
85, 48142.583750, Actual Angles: 3.1415927410125732, 0.0, -1.5707963705062866, 0.0, 0.0, 0.968671977519989, 0.0; Actual Speeds: 0.0, 0.0, 0.0, 0.0, 0.0, 0.3440000116825104, 0.0; Actual Efforts: -0.00022205206914804876, -15.513542175292969, -12.161170959472656, -0.18812468647956848, -0.565714418888092, -0.23352983593940735, 0.0; Actual Accelerations: 0.0, 0.0, 0.0, 0.0, 0.0, 0.0, 0.0; Commanded Angles: 3.141593, 0.0, -1.570796, 0.0, 0.0, 0.9981885385973606, 0.0; Commanded Speeds: 0.0, 0.0, 0.0, 0.0, 0.0, 0.3490658503988659, 0.0; Commanded Accelerations: 0, 0, 0, 0, 0, 0, 0
86, 48142.617201, Actual Angles: 3.1415927410125732, 0.0, -1.5707963705062866, 0.0, 0.0, 0.9811840057373047, 0.0; Actual Speeds: 0.0, 0.0, 0.0, 0.0, 0.0, 0.3440000116825104, 0.0; Actual Efforts: -5.685405631083995e-05, -15.513422012329102, -12.161064147949219, -0.18831636011600494, -0.5656923055648804, -0.3888397514820099, 0.0; Actual Accelerations: 0.0, 0.0, 0.0, 0.0, 0.0, 0.0, 0.0; Commanded Angles: 3.141593, 0.0, -1.570796, 0.0, 0.0, 1.0098206236410283, 0.0; Commanded Speeds: 0.0, 0.0, 0.0, 0.0, 0.0, 0.3490658503988659, 0.0; Commanded Accelerations: 0, 0, 0, 0, 0, 0, 0
87, 48142.650952, Actual Angles: 3.1415927410125732, 0.0, -1.5707963705062866, 0.0, 0.0, 0.9923200011253357, 0.0; Actual Speeds: 0.0, 0.0, 0.0, 0.0, 0.0, 0.35199999809265137, 0.0; Actual Efforts: 0.00014257713337428868, -15.513288497924805, -12.160944938659668, -0.18852292001247406, -0.5656678080558777, -0.09535230696201324, 0.0; Actual Accelerations: 0.0, 0.0, 0.0, 0.0, 0.0, 22.74817296758568, 0.0; Commanded Angles: 3.141593, 0.0, -1.570796, 0.0, 0.0, 1.0224962208013222, 0.0; Commanded Speeds: 0.0, 0.0, 0.0, 0.0, 0.0, 0.3490658503988659, 0.0; Commanded Accelerations: 0, 0, 0, 0, 0, 0, 0
88, 48142.683930, Actual Angles: 3.1415927410125732, 0.0, -1.5707963705062866, 0.0, 0.0, 1.0034559965133667, 0.0; Actual Speeds: 0.0, 0.0, 0.0, 0.0, 0.0, 0.3440000116825104, 0.0; Actual Efforts: -3.0199978937162086e-05, -15.51340389251709, -12.16104793548584, -0.18853513896465302, -0.5656890273094177, -0.18214046955108643, 0.0; Actual Accelerations: 0.0, 0.0, 0.0, 0.0, 0.0, 0.0, 0.0; Commanded Angles: 3.141593, 0.0, -1.570796, 0.0, 0.0, 1.0338833750635907, 0.0; Commanded Speeds: 0.0, 0.0, 0.0, 0.0, 0.0, 0.3490658503988659, 0.0; Commanded Accelerations: 0, 0, 0, 0, 0, 0, 0
89, 48142.718247, Actual Angles: 3.1415927410125732, 0.0, -1.5707963705062866, 0.0, 0.0, 1.0160000324249268, 0.0; Actual Speeds: 0.0, 0.0, 0.0, 0.0, 0.0, 0.35199999809265137, 0.0; Actual Efforts: 0.0001609312166692689, -15.513282775878906, -12.160940170288086, -0.18873897194862366, -0.565666675567627, -0.04396294057369232, 0.0; Actual Accelerations: 0.0, 0.0, 0.0, 0.0, 0.0, 0.0, 0.0; Commanded Angles: 3.141593, 0.0, -1.570796, 0.0, 0.0, 1.045554254589235, 0.0; Commanded Speeds: 0.0, 0.0, 0.0, 0.0, 0.0, 0.3490658503988659, 0.0; Commanded Accelerations: 0, 0, 0, 0, 0, 0, 0
90, 48142.750429, Actual Angles: 3.1415927410125732, 0.0, -1.5707963705062866, 0.0, 0.0, 1.027135968208313, 0.0; Actual Speeds: 0.0, 0.0, 0.0, 0.0, 0.0, 0.35199999809265137, 0.0; Actual Efforts: 0.00016634429630357772, -15.513282775878906, -12.160940170288086, -0.18884612619876862, -0.565666675567627, 0.025873690843582153, 0.0; Actual Accelerations: 0.0, 0.0, 0.0, 0.0, 0.0, 0.0, 0.0; Commanded Angles: 3.141593, 0.0, -1.570796, 0.0, 0.0, 1.057262045384447, 0.0; Commanded Speeds: 0.0, 0.0, 0.0, 0.0, 0.0, 0.3490658503988659, 0.0; Commanded Accelerations: 0, 0, 0, 0, 0, 0, 0
91, 48142.784837, Actual Angles: 3.1415927410125732, 0.0, -1.5707963705062866, 0.0, 0.0, 1.0382720232009888, 0.0; Actual Speeds: 0.0, 0.0, 0.0, 0.0, 0.0, 0.35199999809265137, 0.0; Actual Efforts: 0.00014491321053355932, -15.513298988342285, -12.160954475402832, -0.1889551728963852, -0.5656697154045105, -0.1627296507358551, 0.0; Actual Accelerations: 0.0, 0.0, 0.0, 0.0, 0.0, 0.0, 0.0; Commanded Angles: 3.141593, 0.0, -1.570796, 0.0, 0.0, 1.068071194773033, 0.0; Commanded Speeds: 0.0, 0.0, 0.0, 0.0, 0.0, 0.3490658503988659, 0.0; Commanded Accelerations: 0, 0, 0, 0, 0, 0, 0
92, 48142.818142, Actual Angles: 3.1415927410125732, 0.0, -1.5707963705062866, 0.0, 0.0, 1.0508160591125488, 0.0; Actual Speeds: 0.0, 0.0, 0.0, 0.0, 0.0, 0.35199999809265137, 0.0; Actual Efforts: 0.00017537589883431792, -15.513282775878906, -12.160940170288086, -0.18907545506954193, -0.5656667947769165, 0.1254904717206955, 0.0; Actual Accelerations: 0.0, 0.0, 0.0, 0.0, 0.0, 0.0, 0.0; Commanded Angles: 3.141593, 0.0, -1.570796, 0.0, 0.0, 1.0797439086379428, 0.0; Commanded Speeds: 0.0, 0.0, 0.0, 0.0, 0.0, 0.3490658503988659, 0.0; Commanded Accelerations: 0, 0, 0, 0, 0, 0, 0
93, 48142.850866, Actual Angles: 3.1415927410125732, 0.0, -1.5707963705062866, 0.0, 0.0, 1.061951994895935, 0.0; Actual Speeds: 0.0, 0.0, 0.0, 0.0, 0.0, 0.35199999809265137, 0.0; Actual Efforts: 0.00016675212827976793, -15.513291358947754, -12.160947799682617, -0.18917907774448395, -0.5656683444976807, -0.11125244945287704, 0.0; Actual Accelerations: 0.0, 0.0, 0.0, 0.0, 0.0, 0.0, 0.0; Commanded Angles: 3.141593, 0.0, -1.570796, 0.0, 0.0, 1.0945471857236935, 0.0; Commanded Speeds: 0.0, 0.0, 0.0, 0.0, 0.0, 0.3490658503988659, 0.0; Commanded Accelerations: 0, 0, 0, 0, 0, 0, 0
94, 48142.884792, Actual Angles: 3.1415927410125732, 0.0, -1.5707963705062866, 0.0, 0.0, 1.0730880498886108, 0.0; Actual Speeds: 0.0, 0.0, 0.0, 0.0, 0.0, 0.3440000116825104, 0.0; Actual Efforts: 0.00015637061733286828, -15.513300895690918, -12.160956382751465, -0.18929561972618103, -0.5656700134277344, -0.14665384590625763, 0.0; Actual Accelerations: 0.0, 0.0, 0.0, 0.0, 0.0, 0.0, 0.0; Commanded Angles: 3.141593, 0.0, -1.570796, 0.0, 0.0, 1.1060509929085187, 0.0; Commanded Speeds: 0.0, 0.0, 0.0, 0.0, 0.0, 0.3490658503988659, 0.0; Commanded Accelerations: 0, 0, 0, 0, 0, 0, 0
95, 48142.917285, Actual Angles: 3.1415927410125732, 0.0, -1.5707963705062866, 0.0, 0.0, 1.0856000185012817, 0.0; Actual Speeds: 0.0, 0.0, 0.0, 0.0, 0.0, 0.3440000116825104, 0.0; Actual Efforts: 0.0001691987126832828, -15.513296127319336, -12.1609525680542, -0.18940964341163635, -0.5656692981719971, 0.04203733056783676, 0.0; Actual Accelerations: 0.0, 0.0, 0.0, 0.0, 0.0, 0.0, 0.0; Commanded Angles: 3.141593, 0.0, -1.570796, 0.0, 0.0, 1.1157430722339543, 0.0; Commanded Speeds: 0.0, 0.0, 0.0, 0.0, 0.0, 0.3490658503988659, 0.0; Commanded Accelerations: 0, 0, 0, 0, 0, 0, 0
96, 48142.950903, Actual Angles: 3.1415927410125732, 0.0, -1.5707963705062866, 0.0, 0.0, 1.096735954284668, 0.0; Actual Speeds: 0.0, 0.0, 0.0, 0.0, 0.0, 0.3440000116825104, 0.0; Actual Efforts: 0.00013993763423059136, -15.513315200805664, -12.160968780517578, -0.1895066499710083, -0.5656726956367493, -0.21350419521331787, 0.0; Actual Accelerations: 0.0, 0.0, 0.0, 0.0, 0.0, 0.0, 0.0; Commanded Angles: 3.141593, 0.0, -1.570796, 0.0, 0.0, 1.1262882925818534, 0.0; Commanded Speeds: 0.0, 0.0, 0.0, 0.0, 0.0, 0.3490658503988659, 0.0; Commanded Accelerations: 0, 0, 0, 0, 0, 0, 0
97, 48142.984268, Actual Angles: 3.1415927410125732, 0.0, -1.5707963705062866, 0.0, 0.0, 1.1078720092773438, 0.0; Actual Speeds: 0.0, 0.0, 0.0, 0.0, 0.0, 0.3440000116825104, 0.0; Actual Efforts: 0.00013377424329519272, -15.513319969177246, -12.16097354888916, -0.1896146684885025, -0.5656736493110657, -0.2847461402416229, 0.0; Actual Accelerations: 0.0, 0.0, 0.0, 0.0, 0.0, 0.0, 0.0; Commanded Angles: 3.141593, 0.0, -1.570796, 0.0, 0.0, 1.1398036995909004, 0.0; Commanded Speeds: 0.0, 0.0, 0.0, 0.0, 0.0, 0.3490658503988659, 0.0; Commanded Accelerations: 0, 0, 0, 0, 0, 0, 0
98, 48143.017227, Actual Angles: 3.1415927410125732, 0.0, -1.5707963705062866, 0.0, 0.0, 1.1203839778900146, 0.0; Actual Speeds: 0.0, 0.0, 0.0, 0.0, 0.0, 0.3440000116825104, 0.0; Actual Efforts: -3.381773058208637e-05, -15.513406753540039, -12.161049842834473, -0.18966986238956451, -0.5656894445419312, -0.23335416615009308, 0.0; Actual Accelerations: 0.0, 0.0, 0.0, 0.0, 0.0, 0.0, 0.0; Commanded Angles: 3.141593, 0.0, -1.570796, 0.0, 0.0, 1.1505915046491386, 0.0; Commanded Speeds: 0.0, 0.0, 0.0, 0.0, 0.0, 0.3490658503988659, 0.0; Commanded Accelerations: 0, 0, 0, 0, 0, 0, 0
99, 48143.050469, Actual Angles: 3.1415927410125732, 0.0, -1.5707963705062866, 0.0, 0.0, 1.1315200328826904, 0.0; Actual Speeds: 0.0, 0.0, 0.0, 0.0, 0.0, 0.3440000116825104, 0.0; Actual Efforts: -7.522809755755588e-05, -15.513426780700684, -12.161067962646484, -0.18976430594921112, -0.565693199634552, -0.4903888404369354, 0.0; Actual Accelerations: 0.0, 0.0, 0.0, 0.0, 0.0, 0.0, 0.0; Commanded Angles: 3.141593, 0.0, -1.570796, 0.0, 0.0, 1.1593184322546708, 0.0; Commanded Speeds: 0.0, 0.0, 0.0, 0.0, 0.0, 0.3490658503988659, 0.0; Commanded Accelerations: 0, 0, 0, 0, 0, 0, 0
100, 48143.083993, Actual Angles: 3.1415927410125732, 0.0, -1.5707963705062866, 0.0, 0.0, 1.1426559686660767, 0.0; Actual Speeds: 0.0, 0.0, 0.0, 0.0, 0.0, 0.3440000116825104, 0.0; Actual Efforts: -2.137796036549844e-05, -15.513400077819824, -12.161044120788574, -0.18990004062652588, -0.5656883120536804, -0.0818210244178772, 0.0; Actual Accelerations: 0.0, 0.0, 0.0, 0.0, 0.0, 0.0, 0.0; Commanded Angles: 3.141593, 0.0, -1.570796, 0.0, 0.0, 1.1735660429337327, 0.0; Commanded Speeds: 0.0, 0.0, 0.0, 0.0, 0.0, 0.3490658503988659, 0.0; Commanded Accelerations: 0, 0, 0, 0, 0, 0, 0
101, 48143.118071, Actual Angles: 3.1415927410125732, 0.0, -1.5707963705062866, 0.0, 0.0, 1.1552000045776367, 0.0; Actual Speeds: 0.0, 0.0, 0.0, 0.0, 0.0, 0.35199999809265137, 0.0; Actual Efforts: -3.604688754421659e-05, -15.513407707214355, -12.161050796508789, -0.19002054631710052, -0.5656896233558655, -0.1654498428106308, 0.0; Actual Accelerations: 0.0, 0.0, 0.0, 0.0, 0.0, 0.0, 0.0; Commanded Angles: 3.141593, 0.0, -1.570796, 0.0, 0.0, 1.1852029220488385, 0.0; Commanded Speeds: 0.0, 0.0, 0.0, 0.0, 0.0, 0.3490658503988659, 0.0; Commanded Accelerations: 0, 0, 0, 0, 0, 0, 0
102, 48143.153047, Actual Angles: 3.1415927410125732, 0.0, -1.5707963705062866, 0.0, 0.0, 1.1677440404891968, 0.0; Actual Speeds: 0.0, 0.0, 0.0, 0.0, 0.0, 0.35199999809265137, 0.0; Actual Efforts: -5.817658893647604e-05, -15.513416290283203, -12.161059379577637, -0.1901390552520752, -0.565691351890564, -0.3389435112476349, 0.0; Actual Accelerations: 0.0, 0.0, 0.0, 0.0, 0.0, 0.0, 0.0; Commanded Angles: 3.141593, 0.0, -1.570796, 0.0, 0.0, 1.1958531504812202, 0.0; Commanded Speeds: 0.0, 0.0, 0.0, 0.0, 0.0, 0.3490658503988659, 0.0; Commanded Accelerations: 0, 0, 0, 0, 0, 0, 0
103, 48143.184384, Actual Angles: 3.1415927410125732, 0.0, -1.5707963705062866, 0.0, 0.0, 1.1774719953536987, 0.0; Actual Speeds: 0.0, 0.0, 0.0, 0.0, 0.0, 0.35199999809265137, 0.0; Actual Efforts: -5.555341999752272e-07, -15.513391494750977, -12.161036491394043, -0.19027796387672424, -0.5656867027282715, -0.012774880044162273, 0.0; Actual Accelerations: 0.0, 0.0, 0.0, 0.0, 0.0, 0.0, 0.0; Commanded Angles: 3.141593, 0.0, -1.570796, 0.0, 0.0, 1.2069832997753427, 0.0; Commanded Speeds: 0.0, 0.0, 0.0, 0.0, 0.0, 0.3490658503988659, 0.0; Commanded Accelerations: 0, 0, 0, 0, 0, 0, 0
104, 48143.218191, Actual Angles: 3.1415927410125732, 0.0, -1.5707963705062866, 0.0, 0.0, 1.1900160312652588, 0.0; Actual Speeds: 0.0, 0.0, 0.0, 0.0, 0.0, 0.35199999809265137, 0.0; Actual Efforts: -1.460042221879121e-05, -15.513398170471191, -12.161042213439941, -0.1903870552778244, -0.565687894821167, -0.11353348195552826, 0.0; Actual Accelerations: 0.0, 0.0, 0.0, 0.0, 0.0, 0.0, 0.0; Commanded Angles: 3.141593, 0.0, -1.570796, 0.0, 0.0, 1.2205534755647773, 0.0; Commanded Speeds: 0.0, 0.0, 0.0, 0.0, 0.0, 0.3490658503988659, 0.0; Commanded Accelerations: 0, 0, 0, 0, 0, 0, 0
105, 48143.252204, Actual Angles: 3.1415927410125732, 0.0, -1.5707963705062866, 0.0, 0.0, 1.201151967048645, 0.0; Actual Speeds: 0.0, 0.0, 0.0, 0.0, 0.0, 0.35199999809265137, 0.0; Actual Efforts: -2.4535660486435518e-05, -15.513401985168457, -12.161046028137207, -0.19049856066703796, -0.5656886696815491, -0.18310661613941193, 0.0; Actual Accelerations: 0.0, 0.0, 0.0, 0.0, 0.0, 0.0, 0.0; Commanded Angles: 3.141593, 0.0, -1.570796, 0.0, 0.0, 1.2305814846951004, 0.0; Commanded Speeds: 0.0, 0.0, 0.0, 0.0, 0.0, 0.3490658503988659, 0.0; Commanded Accelerations: 0, 0, 0, 0, 0, 0, 0
106, 48143.285955, Actual Angles: 3.1415927410125732, 0.0, -1.5707963705062866, 0.0, 0.0, 1.2136640548706055, 0.0; Actual Speeds: 0.0, 0.0, 0.0, 0.0, 0.0, 0.3440000116825104, 0.0; Actual Efforts: 3.042063781322213e-06, -15.513391494750977, -12.161036491394043, -0.1906398981809616, -0.5656867027282715, 0.19287040829658508, 0.0; Actual Accelerations: 0.0, 0.0, 0.0, 0.0, 0.0, 0.0, 0.0; Commanded Angles: 3.141593, 0.0, -1.570796, 0.0, 0.0, 1.2457185832261721, 0.0; Commanded Speeds: 0.0, 0.0, 0.0, 0.0, 0.0, 0.3490658503988659, 0.0; Commanded Accelerations: 0, 0, 0, 0, 0, 0, 0
107, 48143.319728, Actual Angles: 3.1415927410125732, 0.0, -1.5707963705062866, 0.0, 0.0, 1.2247999906539917, 0.0; Actual Speeds: 0.0, 0.0, 0.0, 0.0, 0.0, 0.3440000116825104, 0.0; Actual Efforts: -4.261641879566014e-05, -15.513408660888672, -12.161052703857422, -0.19073772430419922, -0.5656899213790894, -0.04738578572869301, 0.0; Actual Accelerations: 0.0, 0.0, 0.0, 0.0, 0.0, 0.0, 0.0; Commanded Angles: 3.141593, 0.0, -1.570796, 0.0, 0.0, 1.2577795679257067, 0.0; Commanded Speeds: 0.0, 0.0, 0.0, 0.0, 0.0, 0.3490658503988659, 0.0; Commanded Accelerations: 0, 0, 0, 0, 0, 0, 0
108, 48143.352187, Actual Angles: 3.1415927410125732, 0.0, -1.5707963705062866, 0.0, 0.0, 1.2359360456466675, 0.0; Actual Speeds: 0.0, 0.0, 0.0, 0.0, 0.0, 0.3440000116825104, 0.0; Actual Efforts: -2.239780042145867e-05, -15.51340103149414, -12.16104507446289, -0.1908637285232544, -0.56568843126297, -0.15104283392429352, 0.0; Actual Accelerations: 0.0, 0.0, 0.0, 0.0, 0.0, 0.0, 0.0; Commanded Angles: 3.141593, 0.0, -1.570796, 0.0, 0.0, 1.266669485200414, 0.0; Commanded Speeds: 0.0, 0.0, 0.0, 0.0, 0.0, 0.3490658503988659, 0.0; Commanded Accelerations: 0, 0, 0, 0, 0, 0, 0
109, 48143.385816, Actual Angles: 3.1415927410125732, 0.0, -1.5707963705062866, 0.0, 0.0, 1.2484480142593384, 0.0; Actual Speeds: 0.0, 0.0, 0.0, 0.0, 0.0, 0.3440000116825104, 0.0; Actual Efforts: -0.00022095500025898218, -15.513473510742188, -12.161109924316406, -0.1909114420413971, -0.5657017230987549, -0.1473539024591446, 0.0; Actual Accelerations: 0.0, 0.0, 0.0, 0.0, 0.0, 0.0, 0.0; Commanded Angles: 3.141593, 0.0, -1.570796, 0.0, 0.0, 1.2781536954775197, 0.0; Commanded Speeds: 0.0, 0.0, 0.0, 0.0, 0.0, 0.3490658503988659, 0.0; Commanded Accelerations: 0, 0, 0, 0, 0, 0, 0
110, 48143.420180, Actual Angles: 3.1415927410125732, 0.0, -1.5707963705062866, 0.0, 0.0, 1.2595839500427246, 0.0; Actual Speeds: 0.0, 0.0, 0.0, 0.0, 0.0, 0.3440000116825104, 0.0; Actual Efforts: -0.00024366991419810802, -15.51347827911377, -12.161114692687988, -0.19102054834365845, -0.5657026767730713, -0.2507474422454834, 0.0; Actual Accelerations: 0.0, 0.0, 0.0, 0.0, 0.0, 0.0, 0.0; Commanded Angles: 3.141593, 0.0, -1.570796, 0.0, 0.0, 1.2914046208768297, 0.0; Commanded Speeds: 0.0, 0.0, 0.0, 0.0, 0.0, 0.3490658503988659, 0.0; Commanded Accelerations: 0, 0, 0, 0, 0, 0, 0
111, 48143.453034, Actual Angles: 3.1415927410125732, 0.0, -1.5707963705062866, 0.0, 0.0, 1.2707200050354004, 0.0; Actual Speeds: 0.0, 0.0, 0.0, 0.0, 0.0, 0.35199999809265137, 0.0; Actual Efforts: -0.00020561806741170585, -15.513463020324707, -12.161100387573242, -0.1911693811416626, -0.5656998753547668, 0.006111543625593185, 0.0; Actual Accelerations: 0.0, 0.0, 0.0, 0.0, 0.0, 0.0, 0.0; Commanded Angles: 3.141593, 0.0, -1.570796, 0.0, 0.0, 1.3023409181978285, 0.0; Commanded Speeds: 0.0, 0.0, 0.0, 0.0, 0.0, 0.3490658503988659, 0.0; Commanded Accelerations: 0, 0, 0, 0, 0, 0, 0
112, 48143.486761, Actual Angles: 3.1415927410125732, 0.0, -1.5707963705062866, 0.0, 0.0, 1.2832640409469604, 0.0; Actual Speeds: 0.0, 0.0, 0.0, 0.0, 0.0, 0.35199999809265137, 0.0; Actual Efforts: -0.00024111648963298649, -15.513471603393555, -12.161108016967773, -0.1912742704153061, -0.5657014846801758, -0.21569739282131195, 0.0; Actual Accelerations: 0.0, 0.0, 0.0, 0.0, 0.0, 0.0, 0.0; Commanded Angles: 3.141593, 0.0, -1.570796, 0.0, 0.0, 1.3136500154029935, 0.0; Commanded Speeds: 0.0, 0.0, 0.0, 0.0, 0.0, 0.3490658503988659, 0.0; Commanded Accelerations: 0, 0, 0, 0, 0, 0, 0
113, 48143.520199, Actual Angles: 3.1415927410125732, 0.0, -1.5707963705062866, 0.0, 0.0, 1.2943999767303467, 0.0; Actual Speeds: 0.0, 0.0, 0.0, 0.0, 0.0, 0.35199999809265137, 0.0; Actual Efforts: -0.0002559829445090145, -15.513473510742188, -12.161109924316406, -0.19138850271701813, -0.5657017230987549, -0.2541728913784027, 0.0; Actual Accelerations: 0.0, 0.0, 0.0, 0.0, 0.0, 0.0, 0.0; Commanded Angles: 3.141593, 0.0, -1.570796, 0.0, 0.0, 1.3256560347984003, 0.0; Commanded Speeds: 0.0, 0.0, 0.0, 0.0, 0.0, 0.3490658503988659, 0.0; Commanded Accelerations: 0, 0, 0, 0, 0, 0, 0
114, 48143.553764, Actual Angles: 3.1415927410125732, 0.0, -1.5707963705062866, 0.0, 0.0, 1.3069440126419067, 0.0; Actual Speeds: 0.0, 0.0, 0.0, 0.0, 0.0, 0.35199999809265137, 0.0; Actual Efforts: -1.1262779480603058e-05, -15.513398170471191, -12.161042213439941, -0.19162525236606598, -0.565687894821167, -0.047912776470184326, 0.0; Actual Accelerations: 0.0, 0.0, 0.0, 0.0, 0.0, 0.0, 0.0; Commanded Angles: 3.141593, 0.0, -1.570796, 0.0, 0.0, 1.338451886189353, 0.0; Commanded Speeds: 0.0, 0.0, 0.0, 0.0, 0.0, 0.3490658503988659, 0.0; Commanded Accelerations: 0, 0, 0, 0, 0, 0, 0
115, 48143.588515, Actual Angles: 3.1415927410125732, 0.0, -1.5707963705062866, 0.0, 0.0, 1.318079948425293, 0.0; Actual Speeds: 0.0, 0.0, 0.0, 0.0, 0.0, 0.3440000116825104, 0.0; Actual Efforts: 0.00018171283591073006, -15.513346672058105, -12.160996437072754, -0.1918407827615738, -0.5656784176826477, -0.07866167277097702, 0.0; Actual Accelerations: 0.0, 0.0, 0.0, 0.0, 0.0, -7.5600232845275075, 0.0; Commanded Angles: 3.141593, 0.0, -1.570796, 0.0, 0.0, 1.349601050845701, 0.0; Commanded Speeds: 0.0, 0.0, 0.0, 0.0, 0.0, 0.3490658503988659, 0.0; Commanded Accelerations: 0, 0, 0, 0, 0, 0, 0
116, 48143.620796, Actual Angles: 3.1415927410125732, 0.0, -1.5707963705062866, 0.0, 0.0, 1.3292160034179688, 0.0; Actual Speeds: 0.0, 0.0, 0.0, 0.0, 0.0, 0.3440000116825104, 0.0; Actual Efforts: 2.3709831111773383e-06, -15.513394355773926, -12.161039352416992, -0.1918870359659195, -0.5656872391700745, -0.04721011966466904, 0.0; Actual Accelerations: 0.0, 0.0, 0.0, 0.0, 0.0, -22.745585652671185, 0.0; Commanded Angles: 3.141593, 0.0, -1.570796, 0.0, 0.0, 1.359883006429469, 0.0; Commanded Speeds: 0.0, 0.0, 0.0, 0.0, 0.0, 0.3490658503988659, 0.0; Commanded Accelerations: 0, 0, 0, 0, 0, 0, 0
117, 48143.654994, Actual Angles: 3.1415927410125732, 0.0, -1.5707963705062866, 0.0, 0.0, 1.3417279720306396, 0.0; Actual Speeds: 0.0, 0.0, 0.0, 0.0, 0.0, 0.3440000116825104, 0.0; Actual Efforts: -7.842989361961372e-06, -15.513397216796875, -12.161042213439941, -0.19200386106967926, -0.5656878352165222, -0.010842581279575825, 0.0; Actual Accelerations: 0.0, 0.0, 0.0, 0.0, 0.0, 0.0, 0.0; Commanded Angles: 3.141593, 0.0, -1.570796, 0.0, 0.0, 1.3746486172148387, 0.0; Commanded Speeds: 0.0, 0.0, 0.0, 0.0, 0.0, 0.3490658503988659, 0.0; Commanded Accelerations: 0, 0, 0, 0, 0, 0, 0
118, 48143.688198, Actual Angles: 3.1415927410125732, 0.0, -1.5707963705062866, 0.0, 0.0, 1.3528640270233154, 0.0; Actual Speeds: 0.0, 0.0, 0.0, 0.0, 0.0, 0.3440000116825104, 0.0; Actual Efforts: -1.6420975953224115e-05, -15.513400077819824, -12.161044120788574, -0.19212216138839722, -0.5656881928443909, -0.029465509578585625, 0.0; Actual Accelerations: 0.0, 0.0, 0.0, 0.0, 0.0, 0.0, 0.0; Commanded Angles: 3.141593, 0.0, -1.570796, 0.0, 0.0, 1.3859102480974441, 0.0; Commanded Speeds: 0.0, 0.0, 0.0, 0.0, 0.0, 0.3490658503988659, 0.0; Commanded Accelerations: 0, 0, 0, 0, 0, 0, 0
119, 48143.722764, Actual Angles: 3.1415927410125732, 0.0, -1.5707963705062866, 0.0, 0.0, 1.3653759956359863, 0.0; Actual Speeds: 0.0, 0.0, 0.0, 0.0, 0.0, 0.3440000116825104, 0.0; Actual Efforts: 0.0002317169273737818, -15.513344764709473, -12.160995483398438, -0.1923614889383316, -0.565678060054779, 0.024204887449741364, 0.0; Actual Accelerations: 0.0, 0.0, 0.0, 0.0, 0.0, 0.0, 0.0; Commanded Angles: 3.141593, 0.0, -1.570796, 0.0, 0.0, 1.395507864618283, 0.0; Commanded Speeds: 0.0, 0.0, 0.0, 0.0, 0.0, 0.3490658503988659, 0.0; Commanded Accelerations: 0, 0, 0, 0, 0, 0, 0
120, 48143.755340, Actual Angles: 3.1415927410125732, 0.0, -1.5707963705062866, 0.0, 0.0, 1.376512050628662, 0.0; Actual Speeds: 0.0, 0.0, 0.0, 0.0, 0.0, 0.3440000116825104, 0.0; Actual Efforts: 0.00020786993263754994, -15.513352394104004, -12.161002159118652, -0.19247403740882874, -0.5656796097755432, -0.12820658087730408, 0.0; Actual Accelerations: 0.0, 0.0, 0.0, 0.0, 0.0, 0.0, 0.0; Commanded Angles: 3.141593, 0.0, -1.570796, 0.0, 0.0, 1.4087776367810487, 0.0; Commanded Speeds: 0.0, 0.0, 0.0, 0.0, 0.0, 0.3490658503988659, 0.0; Commanded Accelerations: 0, 0, 0, 0, 0, 0, 0
121, 48143.789707, Actual Angles: 3.1415927410125732, 0.0, -1.5707963705062866, 0.0, 0.0, 1.3890559673309326, 0.0; Actual Speeds: 0.0, 0.0, 0.0, 0.0, 0.0, 0.35199999809265137, 0.0; Actual Efforts: 0.00018766480206977576, -15.513359069824219, -12.16100788116455, -0.19260334968566895, -0.5656808018684387, -0.19883368909358978, 0.0; Actual Accelerations: 0.0, 0.0, 0.0, 0.0, 0.0, 0.0, 0.0; Commanded Angles: 3.141593, 0.0, -1.570796, 0.0, 0.0, 1.4215712932462883, 0.0; Commanded Speeds: 0.0, 0.0, 0.0, 0.0, 0.0, 0.3490658503988659, 0.0; Commanded Accelerations: 0, 0, 0, 0, 0, 0, 0
122, 48143.823207, Actual Angles: 3.1415927410125732, 0.0, -1.5707963705062866, 0.0, 0.0, 1.4001920223236084, 0.0; Actual Speeds: 0.0, 0.0, 0.0, 0.0, 0.0, 0.35199999809265137, 0.0; Actual Efforts: 0.00023113448696676642, -15.51335334777832, -12.161003112792969, -0.19274358451366425, -0.5656797885894775, 0.0929875373840332, 0.0; Actual Accelerations: 0.0, 0.0, 0.0, 0.0, 0.0, 0.0, 0.0; Commanded Angles: 3.141593, 0.0, -1.570796, 0.0, 0.0, 1.43003844395361, 0.0; Commanded Speeds: 0.0, 0.0, 0.0, 0.0, 0.0, 0.3490658503988659, 0.0; Commanded Accelerations: 0, 0, 0, 0, 0, 0, 0
123, 48143.856473, Actual Angles: 3.1415927410125732, 0.0, -1.5707963705062866, 0.0, 0.0, 1.4113279581069946, 0.0; Actual Speeds: 0.0, 0.0, 0.0, 0.0, 0.0, 0.35199999809265137, 0.0; Actual Efforts: -2.6517052901908755e-05, -15.51340103149414, -12.16104507446289, -0.19278085231781006, -0.5656884908676147, -0.08076704293489456, 0.0; Actual Accelerations: 0.0, 0.0, 0.0, 0.0, 0.0, 0.0, 0.0; Commanded Angles: 3.141593, 0.0, -1.570796, 0.0, 0.0, 1.442364410822145, 0.0; Commanded Speeds: 0.0, 0.0, 0.0, 0.0, 0.0, 0.3490658503988659, 0.0; Commanded Accelerations: 0, 0, 0, 0, 0, 0, 0
124, 48143.890055, Actual Angles: 3.1415927410125732, 0.0, -1.5707963705062866, 0.0, 0.0, 1.4238719940185547, 0.0; Actual Speeds: 0.0, 0.0, 0.0, 0.0, 0.0, 0.35199999809265137, 0.0; Actual Efforts: -2.9609953344333917e-05, -15.51340103149414, -12.161046028137207, -0.19290338456630707, -0.5656885504722595, -0.23519863188266754, 0.0; Actual Accelerations: 0.0, 0.0, 0.0, 0.0, 0.0, 0.0, 0.0; Commanded Angles: 3.141593, 0.0, -1.570796, 0.0, 0.0, 1.4555068399205606, 0.0; Commanded Speeds: 0.0, 0.0, 0.0, 0.0, 0.0, 0.3490658503988659, 0.0; Commanded Accelerations: 0, 0, 0, 0, 0, 0, 0
125, 48143.924384, Actual Angles: 3.1415927410125732, 0.0, -1.5707963705062866, 0.0, 0.0, 1.4350080490112305, 0.0; Actual Speeds: 0.0, 0.0, 0.0, 0.0, 0.0, 0.35199999809265137, 0.0; Actual Efforts: -2.404606311756652e-05, -15.513400077819824, -12.16104507446289, -0.19304418563842773, -0.5656883716583252, -0.13189291954040527, 0.0; Actual Accelerations: 0.0, 0.0, 0.0, 0.0, 0.0, 0.0, 0.0; Commanded Angles: 3.141593, 0.0, -1.570796, 0.0, 0.0, 1.4675129176091892, 0.0; Commanded Speeds: 0.0, 0.0, 0.0, 0.0, 0.0, 0.3490658503988659, 0.0; Commanded Accelerations: 0, 0, 0, 0, 0, 0, 0
126, 48143.957818, Actual Angles: 3.1415927410125732, 0.0, -1.5707963705062866, 0.0, 0.0, 1.4475200176239014, 0.0; Actual Speeds: 0.0, 0.0, 0.0, 0.0, 0.0, 0.3440000116825104, 0.0; Actual Efforts: -5.172004603082314e-05, -15.51340389251709, -12.16104793548584, -0.19315725564956665, -0.5656890273094177, -0.33718687295913696, 0.0; Actual Accelerations: 0.0, 0.0, 0.0, 0.0, 0.0, 0.0, 0.0; Commanded Angles: 3.141593, 0.0, -1.570796, 0.0, 0.0, 1.4794729789937524, 0.0; Commanded Speeds: 0.0, 0.0, 0.0, 0.0, 0.0, 0.3490658503988659, 0.0; Commanded Accelerations: 0, 0, 0, 0, 0, 0, 0
127, 48143.990991, Actual Angles: 3.1415927410125732, 0.0, -1.5707963705062866, 0.0, 0.0, 1.4586559534072876, 0.0; Actual Speeds: 0.0, 0.0, 0.0, 0.0, 0.0, 0.3440000116825104, 0.0; Actual Efforts: 6.778283022867981e-06, -15.513396263122559, -12.161041259765625, -0.19330526888370514, -0.5656875371932983, -0.06390075385570526, 0.0; Actual Accelerations: 0.0, 0.0, 0.0, 0.0, 0.0, 0.0, 0.0; Commanded Angles: 3.141593, 0.0, -1.570796, 0.0, 0.0, 1.48477283358254, 0.0; Commanded Speeds: 0.0, 0.0, 0.0, 0.0, 0.0, 0.0, 0.0; Commanded Accelerations: 0, 0, 0, 0, 0, 0, 0
128, 48144.024086, Actual Angles: 3.1415927410125732, 0.0, -1.5707963705062866, 0.0, 0.0, 1.4697920083999634, 0.0; Actual Speeds: 0.0, 0.0, 0.0, 0.0, 0.0, 0.3440000116825104, 0.0; Actual Efforts: -2.7539092116057873e-05, -15.513400077819824, -12.16104507446289, -0.19341585040092468, -0.5656883716583252, -0.19988508522510529, 0.0; Actual Accelerations: 0.0, 0.0, 0.0, 0.0, 0.0, 0.0, 0.0; Commanded Angles: 3.141593, 0.0, -1.570796, 0.0, 0.0, 1.48477283358254, 0.0; Commanded Speeds: 0.0, 0.0, 0.0, 0.0, 0.0, 0.0, 0.0; Commanded Accelerations: 0, 0, 0, 0, 0, 0, 0
129, 48144.058114, Actual Angles: 3.1415927410125732, 0.0, -1.5707963705062866, 0.0, 0.0, 1.4806400537490845, 0.0; Actual Speeds: 0.0, 0.0, 0.0, 0.0, 0.0, 0.18400000035762787, 0.0; Actual Efforts: -2.9591972634079866e-05, -15.513400077819824, -12.161044120788574, -0.1935543715953827, -0.5656883120536804, -0.2519770860671997, 0.0; Actual Accelerations: 0.0, 0.0, 0.0, 0.0, 0.0, 0.0, 0.0; Commanded Angles: 3.141593, 0.0, -1.570796, 0.0, 0.0, 1.48477283358254, 0.0; Commanded Speeds: 0.0, 0.0, 0.0, 0.0, 0.0, 0.0, 0.0; Commanded Accelerations: 0, 0, 0, 0, 0, 0, 0
130, 48144.092802, Actual Angles: 3.1415927410125732, 0.0, -1.5707963705062866, 0.0, 0.0, 1.481152057647705, 0.0; Actual Speeds: 0.0, 0.0, 0.0, 0.0, 0.0, -0.03200000151991844, 0.0; Actual Efforts: 0.0007311713416129351, -15.513334274291992, -12.160985946655273, -0.19398462772369385, -0.5656761527061462, -0.3892918825149536, 0.0; Actual Accelerations: 0.0, 0.0, 0.0, 0.0, 0.0, 0.0, 0.0; Commanded Angles: 3.141593, 0.0, -1.570796, 0.0, 0.0, 1.48477283358254, 0.0; Commanded Speeds: 0.0, 0.0, 0.0, 0.0, 0.0, 0.0, 0.0; Commanded Accelerations: 0, 0, 0, 0, 0, 0, 0
131, 48144.124812, Actual Angles: 3.1415927410125732, 0.0, -1.5707963705062866, 0.0, 0.0, 1.4814720153808594, 0.0; Actual Speeds: 0.0, 0.0, 0.0, 0.0, 0.0, 0.0, 0.0; Actual Efforts: 0.0018231092253699899, -15.513260841369629, -12.160920143127441, -0.19449374079704285, -0.565662682056427, -0.40355953574180603, 0.0; Actual Accelerations: 0.0, 0.0, 0.0, 0.0, 0.0, 0.0, 0.0; Commanded Angles: 3.141593, 0.0, -1.570796, 0.0, 0.0, 1.48477283358254, 0.0; Commanded Speeds: 0.0, 0.0, 0.0, 0.0, 0.0, 0.0, 0.0; Commanded Accelerations: 0, 0, 0, 0, 0, 0, 0
132, 48144.158724, Actual Angles: 3.1415927410125732, 0.0, -1.5707963705062866, 0.0, 0.0, 1.4814720153808594, 0.0; Actual Speeds: 0.0, 0.0, 0.0, 0.0, 0.0, 0.0, 0.0; Actual Efforts: 0.0015552169643342495, -15.513310432434082, -12.160964965820312, -0.19442087411880493, -0.5656718611717224, -0.28140369057655334, 0.0; Actual Accelerations: 0.0, 0.0, 0.0, 0.0, 0.0, 0.0, 0.0; Commanded Angles: 3.141593, 0.0, -1.570796, 0.0, 0.0, 1.48477283358254, 0.0; Commanded Speeds: 0.0, 0.0, 0.0, 0.0, 0.0, 0.0, 0.0; Commanded Accelerations: 0, 0, 0, 0, 0, 0, 0
133, 48144.192104, Actual Angles: 3.1415927410125732, 0.0, -1.5707963705062866, 0.0, 0.0, 1.4814720153808594, 0.0; Actual Speeds: 0.0, 0.0, 0.0, 0.0, 0.0, 0.0, 0.0; Actual Efforts: 0.0009049838990904391, -15.51338005065918, -12.161026000976562, -0.1941758394241333, -0.5656845569610596, -0.15334756672382355, 0.0; Actual Accelerations: 0.0, 0.0, 0.0, 0.0, 0.0, 0.0, 0.0; Commanded Angles: 3.141593, 0.0, -1.570796, 0.0, 0.0, 1.48477283358254, 0.0; Commanded Speeds: 0.0, 0.0, 0.0, 0.0, 0.0, 0.0, 0.0; Commanded Accelerations: 0, 0, 0, 0, 0, 0, 0
134, 48144.226265, Actual Angles: 3.1415927410125732, 0.0, -1.5707963705062866, 0.0, 0.0, 1.4814720153808594, 0.0; Actual Speeds: 0.0, 0.0, 0.0, 0.0, 0.0, 0.0, 0.0; Actual Efforts: 0.0004340398299973458, -15.513425827026367, -12.161067008972168, -0.19399596750736237, -0.5656930208206177, -0.07825399935245514, 0.0; Actual Accelerations: 0.0, 0.0, 0.0, 0.0, 0.0, 0.0, 0.0; Commanded Angles: 3.141593, 0.0, -1.570796, 0.0, 0.0, 1.48477283358254, 0.0; Commanded Speeds: 0.0, 0.0, 0.0, 0.0, 0.0, 0.0, 0.0; Commanded Accelerations: 0, 0, 0, 0, 0, 0, 0
135, 48144.259514, Actual Angles: 3.1415927410125732, 0.0, -1.5707963705062866, 0.0, 0.0, 1.4814720153808594, 0.0; Actual Speeds: 0.0, 0.0, 0.0, 0.0, 0.0, 0.0, 0.0; Actual Efforts: 0.0002456064976286143, -15.513443946838379, -12.161083221435547, -0.19392475485801697, -0.5656962394714355, -0.1182304248213768, 0.0; Actual Accelerations: 0.0, 0.0, 0.0, 0.0, 0.0, 0.0, 0.0; Commanded Angles: 3.141593, 0.0, -1.570796, 0.0, 0.0, 1.48477283358254, 0.0; Commanded Speeds: 0.0, 0.0, 0.0, 0.0, 0.0, 0.0, 0.0; Commanded Accelerations: 0, 0, 0, 0, 0, 0, 0
136, 48144.292880, Actual Angles: 3.1415927410125732, 0.0, -1.5707963705062866, 0.0, 0.0, 1.4814720153808594, 0.0; Actual Speeds: 0.0, 0.0, 0.0, 0.0, 0.0, 0.0, 0.0; Actual Efforts: 0.00011519515101099387, -15.513455390930176, -12.161093711853027, -0.19387511909008026, -0.5656984448432922, -0.14353375136852264, 0.0; Actual Accelerations: 0.0, 0.0, 0.0, 0.0, 0.0, 0.0, 0.0; Commanded Angles: 3.141593, 0.0, -1.570796, 0.0, 0.0, 1.48477283358254, 0.0; Commanded Speeds: 0.0, 0.0, 0.0, 0.0, 0.0, 0.0, 0.0; Commanded Accelerations: 0, 0, 0, 0, 0, 0, 0
137, 48144.326665, Actual Angles: 3.1415927410125732, 0.0, -1.5707963705062866, 0.0, 0.0, 1.4814720153808594, 0.0; Actual Speeds: 0.0, 0.0, 0.0, 0.0, 0.0, 0.0, 0.0; Actual Efforts: 6.0931626649107784e-05, -15.513460159301758, -12.16109848022461, -0.19385476410388947, -0.5656993985176086, 0.0009936908027157187, 0.0; Actual Accelerations: 0.0, 0.0, 0.0, 0.0, 0.0, 0.0, 0.0; Commanded Angles: 3.141593, 0.0, -1.570796, 0.0, 0.0, 1.48477283358254, 0.0; Commanded Speeds: 0.0, 0.0, 0.0, 0.0, 0.0, 0.0, 0.0; Commanded Accelerations: 0, 0, 0, 0, 0, 0, 0
138, 48144.360094, Actual Angles: 3.1415927410125732, 0.0, -1.5707963705062866, 0.0, 0.0, 1.4814720153808594, 0.0; Actual Speeds: 0.0, 0.0, 0.0, 0.0, 0.0, 0.0, 0.0; Actual Efforts: 4.093950701644644e-05, -15.51346206665039, -12.161099433898926, -0.19384746253490448, -0.5656996965408325, 0.0009978541638702154, 0.0; Actual Accelerations: 0.0, 0.0, 0.0, 0.0, 0.0, 0.0, 0.0; Commanded Angles: 3.141593, 0.0, -1.570796, 0.0, 0.0, 1.48477283358254, 0.0; Commanded Speeds: 0.0, 0.0, 0.0, 0.0, 0.0, 0.0, 0.0; Commanded Accelerations: 0, 0, 0, 0, 0, 0, 0
139, 48144.394701, Actual Angles: 3.1415927410125732, 0.0, -1.5707963705062866, 0.0, 0.0, 1.4814720153808594, 0.0; Actual Speeds: 0.0, 0.0, 0.0, 0.0, 0.0, 0.0, 0.0; Actual Efforts: 2.0946046788594685e-05, -15.513463973999023, -12.161101341247559, -0.19383981823921204, -0.5657000541687012, 0.0010023625800386071, 0.0; Actual Accelerations: 0.0, 0.0, 0.0, 0.0, 0.0, 0.0, 0.0; Commanded Angles: 3.141593, 0.0, -1.570796, 0.0, 0.0, 1.48477283358254, 0.0; Commanded Speeds: 0.0, 0.0, 0.0, 0.0, 0.0, 0.0, 0.0; Commanded Accelerations: 0, 0, 0, 0, 0, 0, 0
140, 48144.427228, Actual Angles: 3.1415927410125732, 0.0, -1.5707963705062866, 0.0, 0.0, 1.4814720153808594, 0.0; Actual Speeds: 0.0, 0.0, 0.0, 0.0, 0.0, 0.0, 0.0; Actual Efforts: 1.618568057892844e-05, -15.51346492767334, -12.161101341247559, -0.19383801519870758, -0.565700113773346, 0.0010034298757091165, 0.0; Actual Accelerations: 0.0, 0.0, 0.0, 0.0, 0.0, 0.0, 0.0; Commanded Angles: 3.141593, 0.0, -1.570796, 0.0, 0.0, 1.48477283358254, 0.0; Commanded Speeds: 0.0, 0.0, 0.0, 0.0, 0.0, 0.0, 0.0; Commanded Accelerations: 0, 0, 0, 0, 0, 0, 0
141, 48144.427530, Actual Angles: 3.1415927410125732, 0.0, -1.5707963705062866, 0.0, 0.0, 1.4814720153808594, 0.0; Actual Speeds: 0.0, 0.0, 0.0, 0.0, 0.0, 0.0, 0.0; Actual Efforts: 1.618568057892844e-05, -15.51346492767334, -12.161101341247559, -0.19383801519870758, -0.565700113773346, 0.0010034298757091165, 0.0; Actual Accelerations: 0.0, 0.0, 0.0, 0.0, 0.0, 0.0, 0.0; Commanded Angles: 3.141593, 0.0, -1.570796, 0.0, 0.0, 1.48477283358254, 0.0; Commanded Speeds: 0.0, 0.0, 0.0, 0.0, 0.0, 0.0, 0.0; Commanded Accelerations: 0, 0, 0, 0, 0, 0, 0
142, 48144.461143, Actual Angles: 3.1415927410125732, 0.0, -1.5707963705062866, 0.0, 0.0, 1.4814720153808594, 0.0; Actual Speeds: 0.0, 0.0, 0.0, 0.0, 0.0, 0.0, 0.0; Actual Efforts: 2.856298806364066e-06, -15.513465881347656, -12.161103248596191, -0.1938326358795166, -0.565700352191925, 0.0010067158145830035, 0.0; Actual Accelerations: 0.0, 0.0, 0.0, 0.0, 0.0, 0.0, 0.0; Commanded Angles: 3.141593, 0.0, -1.570796, 0.0, 0.0, 1.48477283358254, 0.0; Commanded Speeds: 0.0, 0.0, 0.0, 0.0, 0.0, 0.0, 0.0; Commanded Accelerations: 0, 0, 0, 0, 0, 0, 0
143, 48144.494791, Actual Angles: 3.1415927410125732, 0.0, -1.5707963705062866, 0.0, 0.0, 1.4814720153808594, 0.0; Actual Speeds: 0.0, 0.0, 0.0, 0.0, 0.0, 0.0, 0.0; Actual Efforts: 1.904200871649664e-06, -15.513465881347656, -12.161103248596191, -0.19383229315280914, -0.565700352191925, 0.001006911974400282, 0.0; Actual Accelerations: 0.0, 0.0, 0.0, 0.0, 0.0, 0.0, 0.0; Commanded Angles: 3.141593, 0.0, -1.570796, 0.0, 0.0, 1.48477283358254, 0.0; Commanded Speeds: 0.0, 0.0, 0.0, 0.0, 0.0, 0.0, 0.0; Commanded Accelerations: 0, 0, 0, 0, 0, 0, 0
144, 48144.529014, Actual Angles: 3.1415927410125732, 0.0, -1.5707963705062866, 0.0, 0.0, 1.4814720153808594, 0.0; Actual Speeds: 0.0, 0.0, 0.0, 0.0, 0.0, 0.0, 0.0; Actual Efforts: 9.52100833728764e-07, -15.513465881347656, -12.161103248596191, -0.1938319206237793, -0.565700352191925, 0.0010071296710520983, 0.0; Actual Accelerations: 0.0, 0.0, 0.0, 0.0, 0.0, 0.0, 0.0; Commanded Angles: 3.141593, 0.0, -1.570796, 0.0, 0.0, 1.48477283358254, 0.0; Commanded Speeds: 0.0, 0.0, 0.0, 0.0, 0.0, 0.0, 0.0; Commanded Accelerations: 0, 0, 0, 0, 0, 0, 0
145, 48144.562996, Actual Angles: 3.1415927410125732, 0.0, -1.5707963705062866, 0.0, 0.0, 1.4814720153808594, 0.0; Actual Speeds: 0.0, 0.0, 0.0, 0.0, 0.0, 0.0, 0.0; Actual Efforts: 9.521010611024394e-07, -15.513465881347656, -12.161103248596191, -0.1938319206237793, -0.565700352191925, 0.0010071296710520983, 0.0; Actual Accelerations: 0.0, 0.0, 0.0, 0.0, 0.0, 0.0, 0.0; Commanded Angles: 3.141593, 0.0, -1.570796, 0.0, 0.0, 1.48477283358254, 0.0; Commanded Speeds: 0.0, 0.0, 0.0, 0.0, 0.0, 0.0, 0.0; Commanded Accelerations: 0, 0, 0, 0, 0, 0, 0
146, 48144.595432, Actual Angles: 3.1415927410125732, 0.0, -1.5707963705062866, 0.0, 0.0, 1.4814720153808594, 0.0; Actual Speeds: 0.0, 0.0, 0.0, 0.0, 0.0, 0.0, 0.0; Actual Efforts: 2.4711534020774827e-15, -15.513465881347656, -12.161103248596191, -0.19383153319358826, -0.5657004117965698, 0.0010073690209537745, 0.0; Actual Accelerations: 0.0, 0.0, 0.0, 0.0, 0.0, 0.0, 0.0; Commanded Angles: 3.141593, 0.0, -1.570796, 0.0, 0.0, 1.48477283358254, 0.0; Commanded Speeds: 0.0, 0.0, 0.0, 0.0, 0.0, 0.0, 0.0; Commanded Accelerations: 0, 0, 0, 0, 0, 0, 0
147, 48144.629300, Actual Angles: 3.1415927410125732, 0.0, -1.5707963705062866, 0.0, 0.0, 1.4814720153808594, 0.0; Actual Speeds: 0.0, 0.0, 0.0, 0.0, 0.0, 0.0, 0.0; Actual Efforts: 2.4711534020774827e-15, -15.513465881347656, -12.161103248596191, -0.19383153319358826, -0.5657004117965698, 0.0010073690209537745, 0.0; Actual Accelerations: 0.0, 0.0, 0.0, 0.0, 0.0, 0.0, 0.0; Commanded Angles: 3.141593, 0.0, -1.570796, 0.0, 0.0, 1.48477283358254, 0.0; Commanded Speeds: 0.0, 0.0, 0.0, 0.0, 0.0, 0.0, 0.0; Commanded Accelerations: 0, 0, 0, 0, 0, 0, 0
148, 48144.662932, Actual Angles: 3.1415927410125732, 0.0, -1.5707963705062866, 0.0, 0.0, 1.4814720153808594, 0.0; Actual Speeds: 0.0, 0.0, 0.0, 0.0, 0.0, 0.0, 0.0; Actual Efforts: 2.4711534020774827e-15, -15.513465881347656, -12.161103248596191, -0.19383153319358826, -0.5657004117965698, 0.0010073690209537745, 0.0; Actual Accelerations: 0.0, 0.0, 0.0, 0.0, 0.0, 0.0, 0.0; Commanded Angles: 3.141593, 0.0, -1.570796, 0.0, 0.0, 1.48477283358254, 0.0; Commanded Speeds: 0.0, 0.0, 0.0, 0.0, 0.0, 0.0, 0.0; Commanded Accelerations: 0, 0, 0, 0, 0, 0, 0
149, 48144.696599, Actual Angles: 3.1415927410125732, 0.0, -1.5707963705062866, 0.0, 0.0, 1.4814720153808594, 0.0; Actual Speeds: 0.0, 0.0, 0.0, 0.0, 0.0, 0.0, 0.0; Actual Efforts: 2.4711534020774827e-15, -15.513465881347656, -12.161103248596191, -0.19383153319358826, -0.5657004117965698, 0.0010073690209537745, 0.0; Actual Accelerations: 0.0, 0.0, 0.0, 0.0, 0.0, 0.0, 0.0; Commanded Angles: 3.141593, 0.0, -1.570796, 0.0, 0.0, 1.48477283358254, 0.0; Commanded Speeds: 0.0, 0.0, 0.0, 0.0, 0.0, 0.0, 0.0; Commanded Accelerations: 0, 0, 0, 0, 0, 0, 0
150, 48144.730195, Actual Angles: 3.1415927410125732, 0.0, -1.5707963705062866, 0.0, 0.0, 1.4814720153808594, 0.0; Actual Speeds: 0.0, 0.0, 0.0, 0.0, 0.0, 0.0, 0.0; Actual Efforts: 2.4711534020774827e-15, -15.513465881347656, -12.161103248596191, -0.19383153319358826, -0.5657004117965698, 0.0010073690209537745, 0.0; Actual Accelerations: 0.0, 0.0, 0.0, 0.0, 0.0, 0.0, 0.0; Commanded Angles: 3.141593, 0.0, -1.570796, 0.0, 0.0, 1.48477283358254, 0.0; Commanded Speeds: 0.0, 0.0, 0.0, 0.0, 0.0, 0.0, 0.0; Commanded Accelerations: 0, 0, 0, 0, 0, 0, 0
151, 48144.764065, Actual Angles: 3.1415927410125732, 0.0, -1.5707963705062866, 0.0, 0.0, 1.4814720153808594, 0.0; Actual Speeds: 0.0, 0.0, 0.0, 0.0, 0.0, 0.0, 0.0; Actual Efforts: 2.4711534020774827e-15, -15.513465881347656, -12.161103248596191, -0.19383153319358826, -0.5657004117965698, 0.0010073690209537745, 0.0; Actual Accelerations: 0.0, 0.0, 0.0, 0.0, 0.0, 0.0, 0.0; Commanded Angles: 3.141593, 0.0, -1.570796, 0.0, 0.0, 1.48477283358254, 0.0; Commanded Speeds: 0.0, 0.0, 0.0, 0.0, 0.0, 0.0, 0.0; Commanded Accelerations: 0, 0, 0, 0, 0, 0, 0
152, 48144.797850, Actual Angles: 3.1415927410125732, 0.0, -1.5707963705062866, 0.0, 0.0, 1.4814720153808594, 0.0; Actual Speeds: 0.0, 0.0, 0.0, 0.0, 0.0, 0.0, 0.0; Actual Efforts: 2.4711534020774827e-15, -15.513465881347656, -12.161103248596191, -0.19383153319358826, -0.5657004117965698, 0.0010073690209537745, 0.0; Actual Accelerations: 0.0, 0.0, 0.0, 0.0, 0.0, 0.0, 0.0; Commanded Angles: 3.141593, 0.0, -1.570796, 0.0, 0.0, 1.48477283358254, 0.0; Commanded Speeds: 0.0, 0.0, 0.0, 0.0, 0.0, 0.0, 0.0; Commanded Accelerations: 0, 0, 0, 0, 0, 0, 0
153, 48144.830573, Actual Angles: 3.1415927410125732, 0.0, -1.5707963705062866, 0.0, 0.0, 1.4814720153808594, 0.0; Actual Speeds: 0.0, 0.0, 0.0, 0.0, 0.0, 0.0, 0.0; Actual Efforts: 2.4711534020774827e-15, -15.513465881347656, -12.161103248596191, -0.19383153319358826, -0.5657004117965698, 0.0010073690209537745, 0.0; Actual Accelerations: 0.0, 0.0, 0.0, 0.0, 0.0, 0.0, 0.0; Commanded Angles: 3.141593, 0.0, -1.570796, 0.0, 0.0, 1.48477283358254, 0.0; Commanded Speeds: 0.0, 0.0, 0.0, 0.0, 0.0, 0.0, 0.0; Commanded Accelerations: 0, 0, 0, 0, 0, 0, 0
154, 48144.864575, Actual Angles: 3.1415927410125732, 0.0, -1.5707963705062866, 0.0, 0.0, 1.4814720153808594, 0.0; Actual Speeds: 0.0, 0.0, 0.0, 0.0, 0.0, 0.0, 0.0; Actual Efforts: 2.4711534020774827e-15, -15.513465881347656, -12.161103248596191, -0.19383153319358826, -0.5657004117965698, 0.0010073690209537745, 0.0; Actual Accelerations: 0.0, 0.0, 0.0, 0.0, 0.0, 0.0, 0.0; Commanded Angles: 3.141593, 0.0, -1.570796, 0.0, 0.0, 1.48477283358254, 0.0; Commanded Speeds: 0.0, 0.0, 0.0, 0.0, 0.0, 0.0, 0.0; Commanded Accelerations: 0, 0, 0, 0, 0, 0, 0
155, 48144.898748, Actual Angles: 3.1415927410125732, 0.0, -1.5707963705062866, 0.0, 0.0, 1.4814720153808594, 0.0; Actual Speeds: 0.0, 0.0, 0.0, 0.0, 0.0, 0.0, 0.0; Actual Efforts: 2.4711534020774827e-15, -15.513465881347656, -12.161103248596191, -0.19383153319358826, -0.5657004117965698, 0.0010073690209537745, 0.0; Actual Accelerations: 0.0, 0.0, 0.0, 0.0, 0.0, 0.0, 0.0; Commanded Angles: 3.141593, 0.0, -1.570796, 0.0, 0.0, 1.48477283358254, 0.0; Commanded Speeds: 0.0, 0.0, 0.0, 0.0, 0.0, 0.0, 0.0; Commanded Accelerations: 0, 0, 0, 0, 0, 0, 0
156, 48144.936226, Actual Angles: 3.1415927410125732, 0.0, -1.5707963705062866, 0.0, 0.0, 1.4814720153808594, 0.0; Actual Speeds: 0.0, 0.0, 0.0, 0.0, 0.0, 0.0, 0.0; Actual Efforts: 2.4711534020774827e-15, -15.513465881347656, -12.161103248596191, -0.19383153319358826, -0.5657004117965698, 0.0010073690209537745, 0.0; Actual Accelerations: 0.0, 0.0, 0.0, 0.0, 0.0, 0.0, 0.0; Commanded Angles: 3.141593, 0.0, -1.570796, 0.0, 0.0, 1.48477283358254, 0.0; Commanded Speeds: 0.0, 0.0, 0.0, 0.0, 0.0, 0.0, 0.0; Commanded Accelerations: 0, 0, 0, 0, 0, 0, 0
157, 48144.965288, Actual Angles: 3.1415927410125732, 0.0, -1.5707963705062866, 0.0, 0.0, 1.4814720153808594, 0.0; Actual Speeds: 0.0, 0.0, 0.0, 0.0, 0.0, 0.0, 0.0; Actual Efforts: 2.4711534020774827e-15, -15.513465881347656, -12.161103248596191, -0.19383153319358826, -0.5657004117965698, 0.0010073690209537745, 0.0; Actual Accelerations: 0.0, 0.0, 0.0, 0.0, 0.0, 0.0, 0.0; Commanded Angles: 3.141593, 0.0, -1.570796, 0.0, 0.0, 1.482600871159841, 0.0; Commanded Speeds: 0.0, 0.0, 0.0, 0.0, 0.0, -0.3490658503988659, 0.0; Commanded Accelerations: 0, 0, 0, 0, 0, 0, 0
158, 48145.000636, Actual Angles: 3.1415927410125732, 0.0, -1.5707963705062866, 0.0, 0.0, 1.4814720153808594, 0.0; Actual Speeds: 0.0, 0.0, 0.0, 0.0, 0.0, 0.0, 0.0; Actual Efforts: 2.4711534020774827e-15, -15.513465881347656, -12.161103248596191, -0.19383153319358826, -0.5657004117965698, 0.0010073690209537745, 0.0; Actual Accelerations: 0.0, 0.0, 0.0, 0.0, 0.0, 0.0, 0.0; Commanded Angles: 3.141593, 0.0, -1.570796, 0.0, 0.0, 1.471461822429623, 0.0; Commanded Speeds: 0.0, 0.0, 0.0, 0.0, 0.0, -0.3490658503988659, 0.0; Commanded Accelerations: 0, 0, 0, 0, 0, 0, 0
159, 48145.032784, Actual Angles: 3.1415927410125732, 0.0, -1.5707963705062866, 0.0, 0.0, 1.4814720153808594, 0.0; Actual Speeds: 0.0, 0.0, 0.0, 0.0, 0.0, 0.0, 0.0; Actual Efforts: 2.4711534020774827e-15, -15.513465881347656, -12.161103248596191, -0.19383153319358826, -0.5657004117965698, 0.0010073690209537745, 0.0; Actual Accelerations: 0.0, 0.0, 0.0, 0.0, 0.0, 0.0, 0.0; Commanded Angles: 3.141593, 0.0, -1.570796, 0.0, 0.0, 1.4625746589381938, 0.0; Commanded Speeds: 0.0, 0.0, 0.0, 0.0, 0.0, -0.3490658503988659, 0.0; Commanded Accelerations: 0, 0, 0, 0, 0, 0, 0
160, 48145.065623, Actual Angles: 3.1415927410125732, 0.0, -1.5707963705062866, 0.0, 0.0, 1.4776959419250488, 0.0; Actual Speeds: 0.0, 0.0, 0.0, 0.0, 0.0, -0.2720000147819519, 0.0; Actual Efforts: 1.2377276107145008e-05, -15.51346492767334, -12.161102294921875, -0.1938363015651703, -0.5657001733779907, 0.0010045381495729089, 0.0; Actual Accelerations: 0.0, 0.0, 0.0, 0.0, 0.0, 0.0, 0.0; Commanded Angles: 3.141593, 0.0, -1.570796, 0.0, 0.0, 1.4535417105348734, 0.0; Commanded Speeds: 0.0, 0.0, 0.0, 0.0, 0.0, -0.3490658503988659, 0.0; Commanded Accelerations: 0, 0, 0, 0, 0, 0, 0
161, 48145.100104, Actual Angles: 3.1415927410125732, 0.0, -1.5707963705062866, 0.0, 0.0, 1.4659199714660645, 0.0; Actual Speeds: 0.0, 0.0, 0.0, 0.0, 0.0, -0.36800000071525574, 0.0; Actual Efforts: 0.0008366835536435246, -15.513388633728027, -12.16103458404541, -0.19415074586868286, -0.5656861662864685, 0.31103768944740295, 0.0; Actual Accelerations: 0.0, 0.0, 0.0, 0.0, 0.0, 0.0, 0.0; Commanded Angles: 3.141593, 0.0, -1.570796, 0.0, 0.0, 1.443940028793273, 0.0; Commanded Speeds: 0.0, 0.0, 0.0, 0.0, 0.0, -0.3490658503988659, 0.0; Commanded Accelerations: 0, 0, 0, 0, 0, 0, 0
162, 48145.133221, Actual Angles: 3.1415927410125732, 0.0, -1.5707963705062866, 0.0, 0.0, 1.4537919759750366, 0.0; Actual Speeds: 0.0, 0.0, 0.0, 0.0, 0.0, -0.3440000116825104, 0.0; Actual Efforts: 0.0019718387629836798, -15.513259887695312, -12.160919189453125, -0.1945396214723587, -0.5656624436378479, -0.0872635617852211, 0.0; Actual Accelerations: 0.0, 0.0, 0.0, 0.0, 0.0, 0.0, 0.0; Commanded Angles: 3.141593, 0.0, -1.570796, 0.0, 0.0, 1.4300698249712296, 0.0; Commanded Speeds: 0.0, 0.0, 0.0, 0.0, 0.0, -0.3490658503988659, 0.0; Commanded Accelerations: 0, 0, 0, 0, 0, 0, 0
163, 48145.167301, Actual Angles: 3.1415927410125732, 0.0, -1.5707963705062866, 0.0, 0.0, 1.4426560401916504, 0.0; Actual Speeds: 0.0, 0.0, 0.0, 0.0, 0.0, -0.3440000116825104, 0.0; Actual Efforts: 0.001498423982411623, -15.513274192810059, -12.160932540893555, -0.1942526400089264, -0.565665066242218, 0.027156872674822807, 0.0; Actual Accelerations: 0.0, 0.0, 0.0, 0.0, 0.0, 0.0, 0.0; Commanded Angles: 3.141593, 0.0, -1.570796, 0.0, 0.0, 1.4188862563827718, 0.0; Commanded Speeds: 0.0, 0.0, 0.0, 0.0, 0.0, -0.3490658503988659, 0.0; Commanded Accelerations: 0, 0, 0, 0, 0, 0, 0
164, 48145.200110, Actual Angles: 3.1415927410125732, 0.0, -1.5707963705062866, 0.0, 0.0, 1.4315199851989746, 0.0; Actual Speeds: 0.0, 0.0, 0.0, 0.0, 0.0, -0.3440000116825104, 0.0; Actual Efforts: 0.0008876014035195112, -15.513312339782715, -12.160965919494629, -0.19388099014759064, -0.5656720995903015, 0.3120019733905792, 0.0; Actual Accelerations: 0.0, 0.0, 0.0, 0.0, 0.0, 0.0, 0.0; Commanded Angles: 3.141593, 0.0, -1.570796, 0.0, 0.0, 1.4059013380129282, 0.0; Commanded Speeds: 0.0, 0.0, 0.0, 0.0, 0.0, -0.3490658503988659, 0.0; Commanded Accelerations: 0, 0, 0, 0, 0, 0, 0
165, 48145.234718, Actual Angles: 3.1415927410125732, 0.0, -1.5707963705062866, 0.0, 0.0, 1.4190080165863037, 0.0; Actual Speeds: 0.0, 0.0, 0.0, 0.0, 0.0, -0.3440000116825104, 0.0; Actual Efforts: 0.000525516108609736, -15.51333999633789, -12.160991668701172, -0.19361667335033417, -0.5656773447990417, 0.36010506749153137, 0.0; Actual Accelerations: 0.0, 0.0, 0.0, 0.0, 0.0, 0.0, 0.0; Commanded Angles: 3.141593, 0.0, -1.570796, 0.0, 0.0, 1.3950213191809178, 0.0; Commanded Speeds: 0.0, 0.0, 0.0, 0.0, 0.0, -0.3490658503988659, 0.0; Commanded Accelerations: 0, 0, 0, 0, 0, 0, 0
166, 48145.268577, Actual Angles: 3.1415927410125732, 0.0, -1.5707963705062866, 0.0, 0.0, 1.407871961593628, 0.0; Actual Speeds: 0.0, 0.0, 0.0, 0.0, 0.0, -0.35199999809265137, 0.0; Actual Efforts: 0.00016637437511235476, -15.513379096984863, -12.161026000976562, -0.19333510100841522, -0.56568443775177, 0.4651353359222412, 0.0; Actual Accelerations: 0.0, 0.0, 0.0, 0.0, 0.0, -4.887672785645275, 0.0; Commanded Angles: 3.141593, 0.0, -1.570796, 0.0, 0.0, 1.3845342347047704, 0.0; Commanded Speeds: 0.0, 0.0, 0.0, 0.0, 0.0, -0.3490658503988659, 0.0; Commanded Accelerations: 0, 0, 0, 0, 0, 0, 0
167, 48145.302012, Actual Angles: 3.1415927410125732, 0.0, -1.5707963705062866, 0.0, 0.0, 1.3953280448913574, 0.0; Actual Speeds: 0.0, 0.0, 0.0, 0.0, 0.0, -0.35199999809265137, 0.0; Actual Efforts: 0.00011388197162887082, -15.513381958007812, -12.161027908325195, -0.19319085776805878, -0.5656849145889282, 0.7081171274185181, 0.0; Actual Accelerations: 0.0, 0.0, 0.0, 0.0, 0.0, 0.0, 0.0; Commanded Angles: 3.141593, 0.0, -1.570796, 0.0, 0.0, 1.3725265973905425, 0.0; Commanded Speeds: 0.0, 0.0, 0.0, 0.0, 0.0, -0.3490658503988659, 0.0; Commanded Accelerations: 0, 0, 0, 0, 0, 0, 0
168, 48145.334402, Actual Angles: 3.1415927410125732, 0.0, -1.5707963705062866, 0.0, 0.0, 1.3841919898986816, 0.0; Actual Speeds: 0.0, 0.0, 0.0, 0.0, 0.0, -0.35199999809265137, 0.0; Actual Efforts: 2.6918427465716377e-05, -15.51339340209961, -12.161038398742676, -0.19303235411643982, -0.5656870603561401, 0.7495216727256775, 0.0; Actual Accelerations: 0.0, 0.0, 0.0, 0.0, 0.0, 0.0, 0.0; Commanded Angles: 3.141593, 0.0, -1.570796, 0.0, 0.0, 1.3605712009215611, 0.0; Commanded Speeds: 0.0, 0.0, 0.0, 0.0, 0.0, -0.3490658503988659, 0.0; Commanded Accelerations: 0, 0, 0, 0, 0, 0, 0
169, 48145.369379, Actual Angles: 3.1415927410125732, 0.0, -1.5707963705062866, 0.0, 0.0, 1.3716479539871216, 0.0; Actual Speeds: 0.0, 0.0, 0.0, 0.0, 0.0, -0.35199999809265137, 0.0; Actual Efforts: -0.0001928798737935722, -15.513434410095215, -12.1610746383667, -0.19280414283275604, -0.5656945705413818, 0.6978543400764465, 0.0; Actual Accelerations: 0.0, 0.0, 0.0, 0.0, 0.0, 0.0, 0.0; Commanded Angles: 3.141593, 0.0, -1.570796, 0.0, 0.0, 1.34936276627892, 0.0; Commanded Speeds: 0.0, 0.0, 0.0, 0.0, 0.0, -0.3490658503988659, 0.0; Commanded Accelerations: 0, 0, 0, 0, 0, 0, 0
170, 48145.401522, Actual Angles: 3.1415927410125732, 0.0, -1.5707963705062866, 0.0, 0.0, 1.3605120182037354, 0.0; Actual Speeds: 0.0, 0.0, 0.0, 0.0, 0.0, -0.35199999809265137, 0.0; Actual Efforts: -0.00018022437870968133, -15.513433456420898, -12.161073684692383, -0.19268569350242615, -0.5656943917274475, 0.8054690361022949, 0.0; Actual Accelerations: 0.0, 0.0, 0.0, 0.0, 0.0, 0.0, 0.0; Commanded Angles: 3.141593, 0.0, -1.570796, 0.0, 0.0, 1.3380765583675034, 0.0; Commanded Speeds: 0.0, 0.0, 0.0, 0.0, 0.0, -0.3490658503988659, 0.0; Commanded Accelerations: 0, 0, 0, 0, 0, 0, 0
171, 48145.435421, Actual Angles: 3.1415927410125732, 0.0, -1.5707963705062866, 0.0, 0.0, 1.3493759632110596, 0.0; Actual Speeds: 0.0, 0.0, 0.0, 0.0, 0.0, -0.35199999809265137, 0.0; Actual Efforts: -0.0002498921239748597, -15.513449668884277, -12.161087989807129, -0.19253423810005188, -0.5656973123550415, 0.44737982749938965, 0.0; Actual Accelerations: 0.0, 0.0, 0.0, 0.0, 0.0, 0.0, 0.0; Commanded Angles: 3.141593, 0.0, -1.570796, 0.0, 0.0, 1.3236029397701765, 0.0; Commanded Speeds: 0.0, 0.0, 0.0, 0.0, 0.0, -0.3490658503988659, 0.0; Commanded Accelerations: 0, 0, 0, 0, 0, 0, 0
172, 48145.468937, Actual Angles: 3.1415927410125732, 0.0, -1.5707963705062866, 0.0, 0.0, 1.3368639945983887, 0.0; Actual Speeds: 0.0, 0.0, 0.0, 0.0, 0.0, -0.3440000116825104, 0.0; Actual Efforts: -0.00019402777252253145, -15.513440132141113, -12.161080360412598, -0.1924191415309906, -0.5656957030296326, 0.8391095399856567, 0.0; Actual Accelerations: 0.0, 0.0, 0.0, 0.0, 0.0, 0.0, 0.0; Commanded Angles: 3.141593, 0.0, -1.570796, 0.0, 0.0, 1.3122337781049902, 0.0; Commanded Speeds: 0.0, 0.0, 0.0, 0.0, 0.0, -0.3490658503988659, 0.0; Commanded Accelerations: 0, 0, 0, 0, 0, 0, 0
173, 48145.504871, Actual Angles: 3.1415927410125732, 0.0, -1.5707963705062866, 0.0, 0.0, 1.3243520259857178, 0.0; Actual Speeds: 0.0, 0.0, 0.0, 0.0, 0.0, -0.3440000116825104, 0.0; Actual Efforts: -0.0001981981040444225, -15.513442993164062, -12.16108226776123, -0.192279651761055, -0.5656961798667908, 0.8941662907600403, 0.0; Actual Accelerations: 0.0, 0.0, 0.0, 0.0, 0.0, 0.0, 0.0; Commanded Angles: 3.141593, 0.0, -1.570796, 0.0, 0.0, 1.3003710327892704, 0.0; Commanded Speeds: 0.0, 0.0, 0.0, 0.0, 0.0, -0.3490658503988659, 0.0; Commanded Accelerations: 0, 0, 0, 0, 0, 0, 0
174, 48145.536304, Actual Angles: 3.1415927410125732, 0.0, -1.5707963705062866, 0.0, 0.0, 1.3145920038223267, 0.0; Actual Speeds: 0.0, 0.0, 0.0, 0.0, 0.0, -0.3440000116825104, 0.0; Actual Efforts: -0.0002661642211023718, -15.51346206665039, -12.161099433898926, -0.19214428961277008, -0.565699577331543, 0.4652263820171356, 0.0; Actual Accelerations: 0.0, 0.0, 0.0, 0.0, 0.0, 0.0, 0.0; Commanded Angles: 3.141593, 0.0, -1.570796, 0.0, 0.0, 1.2904331531605029, 0.0; Commanded Speeds: 0.0, 0.0, 0.0, 0.0, 0.0, -0.3490658503988659, 0.0; Commanded Accelerations: 0, 0, 0, 0, 0, 0, 0
175, 48145.570746, Actual Angles: 3.1415927410125732, 0.0, -1.5707963705062866, 0.0, 0.0, 1.3020800352096558, 0.0; Actual Speeds: 0.0, 0.0, 0.0, 0.0, 0.0, -0.3440000116825104, 0.0; Actual Efforts: -0.00023558441898785532, -15.513457298278809, -12.16109561920166, -0.1920200139284134, -0.5656988024711609, 0.7025841474533081, 0.0; Actual Accelerations: 0.0, 0.0, 0.0, 0.0, 0.0, 0.0, 0.0; Commanded Angles: 3.141593, 0.0, -1.570796, 0.0, 0.0, 1.277799393989279, 0.0; Commanded Speeds: 0.0, 0.0, 0.0, 0.0, 0.0, -0.3490658503988659, 0.0; Commanded Accelerations: 0, 0, 0, 0, 0, 0, 0
176, 48145.603452, Actual Angles: 3.1415927410125732, 0.0, -1.5707963705062866, 0.0, 0.0, 1.29094398021698, 0.0; Actual Speeds: 0.0, 0.0, 0.0, 0.0, 0.0, -0.3440000116825104, 0.0; Actual Efforts: -3.573465801309794e-05, -15.513404846191406, -12.161048889160156, -0.19197680056095123, -0.5656891465187073, 0.5367928147315979, 0.0; Actual Accelerations: 0.0, 0.0, 0.0, 0.0, 0.0, 0.0, 0.0; Commanded Angles: 3.141593, 0.0, -1.570796, 0.0, 0.0, 1.2669689400662902, 0.0; Commanded Speeds: 0.0, 0.0, 0.0, 0.0, 0.0, -0.3490658503988659, 0.0; Commanded Accelerations: 0, 0, 0, 0, 0, 0, 0
177, 48145.636926, Actual Angles: 3.1415927410125732, 0.0, -1.5707963705062866, 0.0, 0.0, 1.2798080444335938, 0.0; Actual Speeds: 0.0, 0.0, 0.0, 0.0, 0.0, -0.35199999809265137, 0.0; Actual Efforts: -1.2542155673145317e-05, -15.513398170471191, -12.161043167114258, -0.19185054302215576, -0.5656880140304565, 0.6219204068183899, 0.0; Actual Accelerations: 0.0, 0.0, 0.0, 0.0, 0.0, 0.0, 0.0; Commanded Angles: 3.141593, 0.0, -1.570796, 0.0, 0.0, 1.256037068900452, 0.0; Commanded Speeds: 0.0, 0.0, 0.0, 0.0, 0.0, -0.3490658503988659, 0.0; Commanded Accelerations: 0, 0, 0, 0, 0, 0, 0
178, 48145.670443, Actual Angles: 3.1415927410125732, 0.0, -1.5707963705062866, 0.0, 0.0, 1.2672640085220337, 0.0; Actual Speeds: 0.0, 0.0, 0.0, 0.0, 0.0, -0.35199999809265137, 0.0; Actual Efforts: -1.9809978766716085e-05, -15.513400077819824, -12.16104507446289, -0.19172653555870056, -0.5656883120536804, 0.5392023324966431, 0.0; Actual Accelerations: 0.0, 0.0, 0.0, 0.0, 0.0, 0.0, 0.0; Commanded Angles: 3.141593, 0.0, -1.570796, 0.0, 0.0, 1.2434362782974215, 0.0; Commanded Speeds: 0.0, 0.0, 0.0, 0.0, 0.0, -0.3490658503988659, 0.0; Commanded Accelerations: 0, 0, 0, 0, 0, 0, 0
179, 48145.704048, Actual Angles: 3.1415927410125732, 0.0, -1.5707963705062866, 0.0, 0.0, 1.256127953529358, 0.0; Actual Speeds: 0.0, 0.0, 0.0, 0.0, 0.0, -0.35199999809265137, 0.0; Actual Efforts: -3.4257489460287616e-05, -15.513404846191406, -12.161048889160156, -0.19159987568855286, -0.5656891465187073, 0.5556210279464722, 0.0; Actual Accelerations: 0.0, 0.0, 0.0, 0.0, 0.0, 0.0, 0.0; Commanded Angles: 3.141593, 0.0, -1.570796, 0.0, 0.0, 1.2308911375197302, 0.0; Commanded Speeds: 0.0, 0.0, 0.0, 0.0, 0.0, -0.3490658503988659, 0.0; Commanded Accelerations: 0, 0, 0, 0, 0, 0, 0
180, 48145.737446, Actual Angles: 3.1415927410125732, 0.0, -1.5707963705062866, 0.0, 0.0, 1.2435840368270874, 0.0; Actual Speeds: 0.0, 0.0, 0.0, 0.0, 0.0, -0.35199999809265137, 0.0; Actual Efforts: -3.3908048635566956e-07, -15.513394355773926, -12.161039352416992, -0.19147926568984985, -0.5656872391700745, 0.8775709271430969, 0.0; Actual Accelerations: 0.0, 0.0, 0.0, 0.0, 0.0, 0.0, 0.0; Commanded Angles: 3.141593, 0.0, -1.570796, 0.0, 0.0, 1.2195331449140663, 0.0; Commanded Speeds: 0.0, 0.0, 0.0, 0.0, 0.0, -0.3490658503988659, 0.0; Commanded Accelerations: 0, 0, 0, 0, 0, 0, 0
181, 48145.770422, Actual Angles: 3.1415927410125732, 0.0, -1.5707963705062866, 0.0, 0.0, 1.2324479818344116, 0.0; Actual Speeds: 0.0, 0.0, 0.0, 0.0, 0.0, -0.35199999809265137, 0.0; Actual Efforts: -8.435350537183695e-06, -15.513396263122559, -12.161041259765625, -0.1913563311100006, -0.5656876564025879, 0.827243983745575, 0.0; Actual Accelerations: 0.0, 0.0, 0.0, 0.0, 0.0, 0.0, 0.0; Commanded Angles: 3.141593, 0.0, -1.570796, 0.0, 0.0, 1.2097679858613928, 0.0; Commanded Speeds: 0.0, 0.0, 0.0, 0.0, 0.0, -0.3490658503988659, 0.0; Commanded Accelerations: 0, 0, 0, 0, 0, 0, 0
182, 48145.803720, Actual Angles: 3.1415927410125732, 0.0, -1.5707963705062866, 0.0, 0.0, 1.2213120460510254, 0.0; Actual Speeds: 0.0, 0.0, 0.0, 0.0, 0.0, -0.35199999809265137, 0.0; Actual Efforts: -3.171143907820806e-05, -15.513404846191406, -12.161048889160156, -0.1912277638912201, -0.5656891465187073, 0.5360788702964783, 0.0; Actual Accelerations: 0.0, 0.0, 0.0, 0.0, 0.0, 0.0, 0.0; Commanded Angles: 3.141593, 0.0, -1.570796, 0.0, 0.0, 1.1971060968682887, 0.0; Commanded Speeds: 0.0, 0.0, 0.0, 0.0, 0.0, -0.3490658503988659, 0.0; Commanded Accelerations: 0, 0, 0, 0, 0, 0, 0
183, 48145.837432, Actual Angles: 3.1415927410125732, 0.0, -1.5707963705062866, 0.0, 0.0, 1.208799958229065, 0.0; Actual Speeds: 0.0, 0.0, 0.0, 0.0, 0.0, -0.3440000116825104, 0.0; Actual Efforts: 2.055739787465427e-05, -15.513385772705078, -12.161031723022461, -0.1911163032054901, -0.5656856894493103, 0.8619554042816162, 0.0; Actual Accelerations: 0.0, 0.0, 0.0, 0.0, 0.0, 0.0, 0.0; Commanded Angles: 3.141593, 0.0, -1.570796, 0.0, 0.0, 1.1842078225748203, 0.0; Commanded Speeds: 0.0, 0.0, 0.0, 0.0, 0.0, -0.3490658503988659, 0.0; Commanded Accelerations: 0, 0, 0, 0, 0, 0, 0
184, 48145.870673, Actual Angles: 3.1415927410125732, 0.0, -1.5707963705062866, 0.0, 0.0, 1.1976640224456787, 0.0; Actual Speeds: 0.0, 0.0, 0.0, 0.0, 0.0, -0.3440000116825104, 0.0; Actual Efforts: -1.0970776429530815e-06, -15.51339340209961, -12.161038398742676, -0.19098873436450958, -0.5656870007514954, 0.8299212455749512, 0.0; Actual Accelerations: 0.0, 0.0, 0.0, 0.0, 0.0, 0.0, 0.0; Commanded Angles: 3.141593, 0.0, -1.570796, 0.0, 0.0, 1.1731375694873605, 0.0; Commanded Speeds: 0.0, 0.0, 0.0, 0.0, 0.0, -0.3490658503988659, 0.0; Commanded Accelerations: 0, 0, 0, 0, 0, 0, 0
185, 48145.903866, Actual Angles: 3.1415927410125732, 0.0, -1.5707963705062866, 0.0, 0.0, 1.186527967453003, 0.0; Actual Speeds: 0.0, 0.0, 0.0, 0.0, 0.0, -0.3440000116825104, 0.0; Actual Efforts: -3.301143442513421e-05, -15.513405799865723, -12.161048889160156, -0.19085779786109924, -0.5656892657279968, 0.6055017709732056, 0.0; Actual Accelerations: 0.0, 0.0, 0.0, 0.0, 0.0, 0.0, 0.0; Commanded Angles: 3.141593, 0.0, -1.570796, 0.0, 0.0, 1.1600780941427133, 0.0; Commanded Speeds: 0.0, 0.0, 0.0, 0.0, 0.0, -0.3490658503988659, 0.0; Commanded Accelerations: 0, 0, 0, 0, 0, 0, 0
186, 48145.937421, Actual Angles: 3.1415927410125732, 0.0, -1.5707963705062866, 0.0, 0.0, 1.174015998840332, 0.0; Actual Speeds: 0.0, 0.0, 0.0, 0.0, 0.0, -0.3440000116825104, 0.0; Actual Efforts: 0.00019591905584093183, -15.51331615447998, -12.160969734191895, -0.19082364439964294, -0.5656728148460388, 0.7591597437858582, 0.0; Actual Accelerations: 0.0, 0.0, 0.0, 0.0, 0.0, 0.0, 0.0; Commanded Angles: 3.141593, 0.0, -1.570796, 0.0, 0.0, 1.14872054764325, 0.0; Commanded Speeds: 0.0, 0.0, 0.0, 0.0, 0.0, -0.3490658503988659, 0.0; Commanded Accelerations: 0, 0, 0, 0, 0, 0, 0
187, 48145.970569, Actual Angles: 3.1415927410125732, 0.0, -1.5707963705062866, 0.0, 0.0, 1.1628799438476562, 0.0; Actual Speeds: 0.0, 0.0, 0.0, 0.0, 0.0, -0.3440000116825104, 0.0; Actual Efforts: 0.0001482799998484552, -15.51333236694336, -12.16098403930664, -0.19068723917007446, -0.5656759142875671, 0.4684408903121948, 0.0; Actual Accelerations: 0.0, 0.0, 0.0, 0.0, 0.0, 0.0, 0.0; Commanded Angles: 3.141593, 0.0, -1.570796, 0.0, 0.0, 1.1385058577489868, 0.0; Commanded Speeds: 0.0, 0.0, 0.0, 0.0, 0.0, -0.3490658503988659, 0.0; Commanded Accelerations: 0, 0, 0, 0, 0, 0, 0
188, 48146.003943, Actual Angles: 3.1415927410125732, 0.0, -1.5707963705062866, 0.0, 0.0, 1.15174400806427, 0.0; Actual Speeds: 0.0, 0.0, 0.0, 0.0, 0.0, -0.3440000116825104, 0.0; Actual Efforts: -2.7124613552587107e-05, -15.513402938842773, -12.161046981811523, -0.19049610197544098, -0.5656888484954834, 0.6558286547660828, 0.0; Actual Accelerations: 0.0, 0.0, 0.0, 0.0, 0.0, 0.0, 0.0; Commanded Angles: 3.141593, 0.0, -1.570796, 0.0, 0.0, 1.1269466538134918, 0.0; Commanded Speeds: 0.0, 0.0, 0.0, 0.0, 0.0, -0.3490658503988659, 0.0; Commanded Accelerations: 0, 0, 0, 0, 0, 0, 0
189, 48146.037405, Actual Angles: 3.1415927410125732, 0.0, -1.5707963705062866, 0.0, 0.0, 1.13919997215271, 0.0; Actual Speeds: 0.0, 0.0, 0.0, 0.0, 0.0, -0.35199999809265137, 0.0; Actual Efforts: 0.00017476458742748946, -15.51331615447998, -12.160969734191895, -0.19045306742191315, -0.5656728148460388, 0.6577919721603394, 0.0; Actual Accelerations: 0.0, 0.0, 0.0, 0.0, 0.0, 0.0, 0.0; Commanded Angles: 3.141593, 0.0, -1.570796, 0.0, 0.0, 1.1157769776970445, 0.0; Commanded Speeds: 0.0, 0.0, 0.0, 0.0, 0.0, -0.3490658503988659, 0.0; Commanded Accelerations: 0, 0, 0, 0, 0, 0, 0
190, 48146.070519, Actual Angles: 3.1415927410125732, 0.0, -1.5707963705062866, 0.0, 0.0, 1.1280640363693237, 0.0; Actual Speeds: 0.0, 0.0, 0.0, 0.0, 0.0, -0.35199999809265137, 0.0; Actual Efforts: 0.0001287357008550316, -15.513334274291992, -12.160985946655273, -0.19031885266304016, -0.565676212310791, 0.5019029378890991, 0.0; Actual Accelerations: 0.0, 0.0, 0.0, 0.0, 0.0, 0.0, 0.0; Commanded Angles: 3.141593, 0.0, -1.570796, 0.0, 0.0, 1.10387808242347, 0.0; Commanded Speeds: 0.0, 0.0, 0.0, 0.0, 0.0, -0.3490658503988659, 0.0; Commanded Accelerations: 0, 0, 0, 0, 0, 0, 0
191, 48146.104462, Actual Angles: 3.1415927410125732, 0.0, -1.5707963705062866, 0.0, 0.0, 1.116927981376648, 0.0; Actual Speeds: 0.0, 0.0, 0.0, 0.0, 0.0, -0.35199999809265137, 0.0; Actual Efforts: 0.0001514166797278449, -15.513321876525879, -12.160974502563477, -0.19020065665245056, -0.565673828125, 0.6543115377426147, 0.0; Actual Accelerations: 0.0, 0.0, 0.0, 0.0, 0.0, 0.0, 0.0; Commanded Angles: 3.141593, 0.0, -1.570796, 0.0, 0.0, 1.0915215160936782, 0.0; Commanded Speeds: 0.0, 0.0, 0.0, 0.0, 0.0, -0.3490658503988659, 0.0; Commanded Accelerations: 0, 0, 0, 0, 0, 0, 0
192, 48146.138101, Actual Angles: 3.1415927410125732, 0.0, -1.5707963705062866, 0.0, 0.0, 1.104383945465088, 0.0; Actual Speeds: 0.0, 0.0, 0.0, 0.0, 0.0, -0.35199999809265137, 0.0; Actual Efforts: 0.00017290069081354886, -15.51330852508545, -12.16096305847168, -0.19009631872177124, -0.565671443939209, 0.6070188283920288, 0.0; Actual Accelerations: 0.0, 0.0, 0.0, 0.0, 0.0, 0.0, 0.0; Commanded Angles: 3.141593, 0.0, -1.570796, 0.0, 0.0, 1.0809063600529956, 0.0; Commanded Speeds: 0.0, 0.0, 0.0, 0.0, 0.0, -0.3490658503988659, 0.0; Commanded Accelerations: 0, 0, 0, 0, 0, 0, 0
193, 48146.170746, Actual Angles: 3.1415927410125732, 0.0, -1.5707963705062866, 0.0, 0.0, 1.0932480096817017, 0.0; Actual Speeds: 0.0, 0.0, 0.0, 0.0, 0.0, -0.35199999809265137, 0.0; Actual Efforts: 0.00015154853463172913, -15.51331615447998, -12.160969734191895, -0.1899743229150772, -0.5656729340553284, 0.6720688343048096, 0.0; Actual Accelerations: 0.0, 0.0, 0.0, 0.0, 0.0, 0.0, 0.0; Commanded Angles: 3.141593, 0.0, -1.570796, 0.0, 0.0, 1.07021327436369, 0.0; Commanded Speeds: 0.0, 0.0, 0.0, 0.0, 0.0, -0.3490658503988659, 0.0; Commanded Accelerations: 0, 0, 0, 0, 0, 0, 0
194, 48146.203787, Actual Angles: 3.1415927410125732, 0.0, -1.5707963705062866, 0.0, 0.0, 1.0821119546890259, 0.0; Actual Speeds: 0.0, 0.0, 0.0, 0.0, 0.0, -0.35199999809265137, 0.0; Actual Efforts: 0.00019321498984936625, -15.51329231262207, -12.160948753356934, -0.18987955152988434, -0.565668523311615, 0.8452690243721008, 0.0; Actual Accelerations: 0.0, 0.0, 0.0, 0.0, 0.0, 0.0, 0.0; Commanded Angles: 3.141593, 0.0, -1.570796, 0.0, 0.0, 1.0573557517638847, 0.0; Commanded Speeds: 0.0, 0.0, 0.0, 0.0, 0.0, -0.3490658503988659, 0.0; Commanded Accelerations: 0, 0, 0, 0, 0, 0, 0
195, 48146.237758, Actual Angles: 3.1415927410125732, 0.0, -1.5707963705062866, 0.0, 0.0, 1.069599986076355, 0.0; Actual Speeds: 0.0, 0.0, 0.0, 0.0, 0.0, -0.3440000116825104, 0.0; Actual Efforts: -4.337828795542009e-05, -15.513411521911621, -12.161054611206055, -0.18965096771717072, -0.5656903386116028, 0.7091005444526672, 0.0; Actual Accelerations: 0.0, 0.0, 0.0, 0.0, 0.0, 0.0, 0.0; Commanded Angles: 3.141593, 0.0, -1.570796, 0.0, 0.0, 1.0421752200128518, 0.0; Commanded Speeds: 0.0, 0.0, 0.0, 0.0, 0.0, -0.3490658503988659, 0.0; Commanded Accelerations: 0, 0, 0, 0, 0, 0, 0
196, 48146.271203, Actual Angles: 3.1415927410125732, 0.0, -1.5707963705062866, 0.0, 0.0, 1.0584640502929688, 0.0; Actual Speeds: 0.0, 0.0, 0.0, 0.0, 0.0, -0.3440000116825104, 0.0; Actual Efforts: 0.00014887172437738627, -15.513310432434082, -12.160964012145996, -0.18962456285953522, -0.5656717419624329, 0.6370005011558533, 0.0; Actual Accelerations: 0.0, 0.0, 0.0, 0.0, 0.0, 0.0, 0.0; Commanded Angles: 3.141593, 0.0, -1.570796, 0.0, 0.0, 1.0326801569447284, 0.0; Commanded Speeds: 0.0, 0.0, 0.0, 0.0, 0.0, -0.3490658503988659, 0.0; Commanded Accelerations: 0, 0, 0, 0, 0, 0, 0
197, 48146.304395, Actual Angles: 3.1415927410125732, 0.0, -1.5707963705062866, 0.0, 0.0, 1.047327995300293, 0.0; Actual Speeds: 0.0, 0.0, 0.0, 0.0, 0.0, -0.3440000116825104, 0.0; Actual Efforts: -5.968620826024562e-06, -15.513391494750977, -12.161036491394043, -0.18943266570568085, -0.5656866431236267, 0.7924433350563049, 0.0; Actual Accelerations: 0.0, 0.0, 0.0, 0.0, 0.0, 0.0, 0.0; Commanded Angles: 3.141593, 0.0, -1.570796, 0.0, 0.0, 1.0223767418435918, 0.0; Commanded Speeds: 0.0, 0.0, 0.0, 0.0, 0.0, -0.3490658503988659, 0.0; Commanded Accelerations: 0, 0, 0, 0, 0, 0, 0
198, 48146.338456, Actual Angles: 3.1415927410125732, 0.0, -1.5707963705062866, 0.0, 0.0, 1.034816026687622, 0.0; Actual Speeds: 0.0, 0.0, 0.0, 0.0, 0.0, -0.3440000116825104, 0.0; Actual Efforts: -0.0002195749111706391, -15.513514518737793, -12.16114616394043, -0.1892278492450714, -0.5657092332839966, 0.5683789849281311, 0.0; Actual Accelerations: 0.0, 0.0, 0.0, 0.0, 0.0, 0.0, 0.0; Commanded Angles: 3.141593, 0.0, -1.570796, 0.0, 0.0, 1.0097888987919417, 0.0; Commanded Speeds: 0.0, 0.0, 0.0, 0.0, 0.0, -0.3490658503988659, 0.0; Commanded Accelerations: 0, 0, 0, 0, 0, 0, 0
199, 48146.370782, Actual Angles: 3.1415927410125732, 0.0, -1.5707963705062866, 0.0, 0.0, 1.0236799716949463, 0.0; Actual Speeds: 0.0, 0.0, 0.0, 0.0, 0.0, -0.35199999809265137, 0.0; Actual Efforts: -0.00019510506535880268, -15.513503074645996, -12.16113567352295, -0.18911580741405487, -0.5657071471214294, 0.8926491737365723, 0.0; Actual Accelerations: 0.0, 0.0, 0.0, 0.0, 0.0, -23.077660728865606, 0.0; Commanded Angles: 3.141593, 0.0, -1.570796, 0.0, 0.0, 0.9967958799983342, 0.0; Commanded Speeds: 0.0, 0.0, 0.0, 0.0, 0.0, -0.3490658503988659, 0.0; Commanded Accelerations: 0, 0, 0, 0, 0, 0, 0
200, 48146.404457, Actual Angles: 3.1415927410125732, 0.0, -1.5707963705062866, 0.0, 0.0, 1.01254403591156, 0.0; Actual Speeds: 0.0, 0.0, 0.0, 0.0, 0.0, -0.35199999809265137, 0.0; Actual Efforts: -0.00022264668950811028, -15.513521194458008, -12.161152839660645, -0.1889948695898056, -0.5657106041908264, 0.7570161819458008, 0.0; Actual Accelerations: 0.0, 0.0, 0.0, 0.0, 0.0, -18.726209090515354, 0.0; Commanded Angles: 3.141593, 0.0, -1.570796, 0.0, 0.0, 0.9875082395384481, 0.0; Commanded Speeds: 0.0, 0.0, 0.0, 0.0, 0.0, -0.3490658503988659, 0.0; Commanded Accelerations: 0, 0, 0, 0, 0, 0, 0
201, 48146.437299, Actual Angles: 3.1415927410125732, 0.0, -1.5707963705062866, 0.0, 0.0, 1.0, 0.0; Actual Speeds: 0.0, 0.0, 0.0, 0.0, 0.0, -0.35199999809265137, 0.0; Actual Efforts: -0.00026410669670440257, -15.513550758361816, -12.161178588867188, -0.18886849284172058, -0.5657159090042114, 0.41275766491889954, 0.0; Actual Accelerations: 0.0, 0.0, 0.0, 0.0, 0.0, 0.0, 0.0; Commanded Angles: 3.141593, 0.0, -1.570796, 0.0, 0.0, 0.9747807589776372, 0.0; Commanded Speeds: 0.0, 0.0, 0.0, 0.0, 0.0, -0.3490658503988659, 0.0; Commanded Accelerations: 0, 0, 0, 0, 0, 0, 0
202, 48146.471517, Actual Angles: 3.1415927410125732, 0.0, -1.5707963705062866, 0.0, 0.0, 0.988864004611969, 0.0; Actual Speeds: 0.0, 0.0, 0.0, 0.0, 0.0, -0.35199999809265137, 0.0; Actual Efforts: -0.00022510152484755963, -15.513529777526855, -12.16115951538086, -0.18877853453159332, -0.5657120943069458, 0.6343214511871338, 0.0; Actual Accelerations: 0.0, 0.0, 0.0, 0.0, 0.0, 0.0, 0.0; Commanded Angles: 3.141593, 0.0, -1.570796, 0.0, 0.0, 0.9638876016554981, 0.0; Commanded Speeds: 0.0, 0.0, 0.0, 0.0, 0.0, -0.3490658503988659, 0.0; Commanded Accelerations: 0, 0, 0, 0, 0, 0, 0
203, 48146.504261, Actual Angles: 3.1415927410125732, 0.0, -1.5707963705062866, 0.0, 0.0, 0.977728009223938, 0.0; Actual Speeds: 0.0, 0.0, 0.0, 0.0, 0.0, -0.35199999809265137, 0.0; Actual Efforts: -0.00022527873807121068, -15.513532638549805, -12.161162376403809, -0.18867206573486328, -0.565712571144104, 0.5337567925453186, 0.0; Actual Accelerations: 0.0, 0.0, 0.0, 0.0, 0.0, 0.0, 0.0; Commanded Angles: 3.141593, 0.0, -1.570796, 0.0, 0.0, 0.9525248128881495, 0.0; Commanded Speeds: 0.0, 0.0, 0.0, 0.0, 0.0, -0.3490658503988659, 0.0; Commanded Accelerations: 0, 0, 0, 0, 0, 0, 0
204, 48146.537744, Actual Angles: 3.1415927410125732, 0.0, -1.5707963705062866, 0.0, 0.0, 0.9651839733123779, 0.0; Actual Speeds: 0.0, 0.0, 0.0, 0.0, 0.0, -0.35199999809265137, 0.0; Actual Efforts: -0.0002140287688234821, -15.513528823852539, -12.161158561706543, -0.18855871260166168, -0.5657118558883667, 0.5166242122650146, 0.0; Actual Accelerations: 0.0, 0.0, 0.0, 0.0, 0.0, 0.0, 0.0; Commanded Angles: 3.141593, 0.0, -1.570796, 0.0, 0.0, 0.9417144986662815, 0.0; Commanded Speeds: 0.0, 0.0, 0.0, 0.0, 0.0, -0.3490658503988659, 0.0; Commanded Accelerations: 0, 0, 0, 0, 0, 0, 0
205, 48146.571766, Actual Angles: 3.1415927410125732, 0.0, -1.5707963705062866, 0.0, 0.0, 0.9540479779243469, 0.0; Actual Speeds: 0.0, 0.0, 0.0, 0.0, 0.0, -0.35199999809265137, 0.0; Actual Efforts: -0.00018439424457028508, -15.513510704040527, -12.161142349243164, -0.18846672773361206, -0.565708577632904, 0.7931554913520813, 0.0; Actual Accelerations: 0.0, 0.0, 0.0, 0.0, 0.0, 0.0, 0.0; Commanded Angles: 3.141593, 0.0, -1.570796, 0.0, 0.0, 0.9283797995577784, 0.0; Commanded Speeds: 0.0, 0.0, 0.0, 0.0, 0.0, -0.3490658503988659, 0.0; Commanded Accelerations: 0, 0, 0, 0, 0, 0, 0
206, 48146.604169, Actual Angles: 3.1415927410125732, 0.0, -1.5707963705062866, 0.0, 0.0, 0.9429119825363159, 0.0; Actual Speeds: 0.0, 0.0, 0.0, 0.0, 0.0, -0.35199999809265137, 0.0; Actual Efforts: -0.0002403389516985044, -15.513551712036133, -12.161179542541504, -0.1883368343114853, -0.5657162070274353, 0.722483217716217, 0.0; Actual Accelerations: 0.0, 0.0, 0.0, 0.0, 0.0, 0.0, 0.0; Commanded Angles: 3.141593, 0.0, -1.570796, 0.0, 0.0, 0.9157354532179364, 0.0; Commanded Speeds: 0.0, 0.0, 0.0, 0.0, 0.0, -0.3490658503988659, 0.0; Commanded Accelerations: 0, 0, 0, 0, 0, 0, 0
207, 48146.638541, Actual Angles: 3.1415927410125732, 0.0, -1.5707963705062866, 0.0, 0.0, 0.930400013923645, 0.0; Actual Speeds: 0.0, 0.0, 0.0, 0.0, 0.0, -0.3440000116825104, 0.0; Actual Efforts: -0.00021019679843448102, -15.513534545898438, -12.161164283752441, -0.18823492527008057, -0.5657130479812622, 0.7204306721687317, 0.0; Actual Accelerations: 0.0, 0.0, 0.0, 0.0, 0.0, 0.0, 0.0; Commanded Angles: 3.141593, 0.0, -1.570796, 0.0, 0.0, 0.905949585135029, 0.0; Commanded Speeds: 0.0, 0.0, 0.0, 0.0, 0.0, -0.3490658503988659, 0.0; Commanded Accelerations: 0, 0, 0, 0, 0, 0, 0
208, 48146.670982, Actual Angles: 3.1415927410125732, 0.0, -1.5707963705062866, 0.0, 0.0, 0.919264018535614, 0.0; Actual Speeds: 0.0, 0.0, 0.0, 0.0, 0.0, -0.3440000116825104, 0.0; Actual Efforts: -1.0142326573259197e-05, -15.513388633728027, -12.161033630371094, -0.18822205066680908, -0.5656861662864685, 0.8452690243721008, 0.0; Actual Accelerations: 0.0, 0.0, 0.0, 0.0, 0.0, 0.0, 0.0; Commanded Angles: 3.141593, 0.0, -1.570796, 0.0, 0.0, 0.895545951131755, 0.0; Commanded Speeds: 0.0, 0.0, 0.0, 0.0, 0.0, -0.3490658503988659, 0.0; Commanded Accelerations: 0, 0, 0, 0, 0, 0, 0
209, 48146.704272, Actual Angles: 3.1415927410125732, 0.0, -1.5707963705062866, 0.0, 0.0, 0.908128023147583, 0.0; Actual Speeds: 0.0, 0.0, 0.0, 0.0, 0.0, -0.3440000116825104, 0.0; Actual Efforts: -4.8336303734686226e-05, -15.51341724395752, -12.161059379577637, -0.18810340762138367, -0.5656914114952087, 0.5199279189109802, 0.0; Actual Accelerations: 0.0, 0.0, 0.0, 0.0, 0.0, 0.0, 0.0; Commanded Angles: 3.141593, 0.0, -1.570796, 0.0, 0.0, 0.8797657940661421, 0.0; Commanded Speeds: 0.0, 0.0, 0.0, 0.0, 0.0, -0.3490658503988659, 0.0; Commanded Accelerations: 0, 0, 0, 0, 0, 0, 0
210, 48146.738894, Actual Angles: 3.1415927410125732, 0.0, -1.5707963705062866, 0.0, 0.0, 0.8956159949302673, 0.0; Actual Speeds: 0.0, 0.0, 0.0, 0.0, 0.0, -0.3440000116825104, 0.0; Actual Efforts: -3.5464966003928566e-06, -15.513381958007812, -12.161028861999512, -0.18801170587539673, -0.5656850337982178, 0.8955066800117493, 0.0; Actual Accelerations: 0.0, 0.0, 0.0, 0.0, 0.0, 0.0, 0.0; Commanded Angles: 3.141593, 0.0, -1.570796, 0.0, 0.0, 0.8698088732429632, 0.0; Commanded Speeds: 0.0, 0.0, 0.0, 0.0, 0.0, -0.3490658503988659, 0.0; Commanded Accelerations: 0, 0, 0, 0, 0, 0, 0
211, 48146.771746, Actual Angles: 3.1415927410125732, 0.0, -1.5707963705062866, 0.0, 0.0, 0.8844799995422363, 0.0; Actual Speeds: 0.0, 0.0, 0.0, 0.0, 0.0, -0.3440000116825104, 0.0; Actual Efforts: -3.3332187740597874e-05, -15.513404846191406, -12.16104793548584, -0.187898188829422, -0.5656891465187073, 0.8637402653694153, 0.0; Actual Accelerations: 0.0, 0.0, 0.0, 0.0, 0.0, 0.0, 0.0; Commanded Angles: 3.141593, 0.0, -1.570796, 0.0, 0.0, 0.85904170914863, 0.0; Commanded Speeds: 0.0, 0.0, 0.0, 0.0, 0.0, -0.3490658503988659, 0.0; Commanded Accelerations: 0, 0, 0, 0, 0, 0, 0
212, 48146.804786, Actual Angles: 3.1415927410125732, 0.0, -1.5707963705062866, 0.0, 0.0, 0.8733440041542053, 0.0; Actual Speeds: 0.0, 0.0, 0.0, 0.0, 0.0, -0.35199999809265137, 0.0; Actual Efforts: -6.035665501258336e-05, -15.513426780700684, -12.1610689163208, -0.1877754181623459, -0.5656932592391968, 0.55196213722229, 0.0; Actual Accelerations: 0.0, 0.0, 0.0, 0.0, 0.0, 0.0, 0.0; Commanded Angles: 3.141593, 0.0, -1.570796, 0.0, 0.0, 0.8481983205890834, 0.0; Commanded Speeds: 0.0, 0.0, 0.0, 0.0, 0.0, -0.3490658503988659, 0.0; Commanded Accelerations: 0, 0, 0, 0, 0, 0, 0
213, 48146.837643, Actual Angles: 3.1415927410125732, 0.0, -1.5707963705062866, 0.0, 0.0, 0.86080002784729, 0.0; Actual Speeds: 0.0, 0.0, 0.0, 0.0, 0.0, -0.35199999809265137, 0.0; Actual Efforts: -3.212720184819773e-05, -15.51340389251709, -12.16104793548584, -0.18769106268882751, -0.5656890273094177, 0.6897369027137756, 0.0; Actual Accelerations: 0.0, 0.0, 0.0, 0.0, 0.0, 0.0, 0.0; Commanded Angles: 3.141593, 0.0, -1.570796, 0.0, 0.0, 0.8362588513003586, 0.0; Commanded Speeds: 0.0, 0.0, 0.0, 0.0, 0.0, -0.3490658503988659, 0.0; Commanded Accelerations: 0, 0, 0, 0, 0, 0, 0
214, 48146.872706, Actual Angles: 3.1415927410125732, 0.0, -1.5707963705062866, 0.0, 0.0, 0.8496639728546143, 0.0; Actual Speeds: 0.0, 0.0, 0.0, 0.0, 0.0, -0.35199999809265137, 0.0; Actual Efforts: -6.655413017142564e-05, -15.513432502746582, -12.161073684692383, -0.18756653368473053, -0.5656943321228027, 0.46897631883621216, 0.0; Actual Accelerations: 0.0, 0.0, 0.0, 0.0, 0.0, 0.0, 0.0; Commanded Angles: 3.141593, 0.0, -1.570796, 0.0, 0.0, 0.8223870100082035, 0.0; Commanded Speeds: 0.0, 0.0, 0.0, 0.0, 0.0, -0.3490658503988659, 0.0; Commanded Accelerations: 0, 0, 0, 0, 0, 0, 0
215, 48146.905249, Actual Angles: 3.1415927410125732, 0.0, -1.5707963705062866, 0.0, 0.0, 0.837119996547699, 0.0; Actual Speeds: 0.0, 0.0, 0.0, 0.0, 0.0, -0.35199999809265137, 0.0; Actual Efforts: -4.5932196371722966e-05, -15.513415336608887, -12.16105842590332, -0.18748053908348083, -0.5656911134719849, 0.7238236665725708, 0.0; Actual Accelerations: 0.0, 0.0, 0.0, 0.0, 0.0, 0.0, 0.0; Commanded Angles: 3.141593, 0.0, -1.570796, 0.0, 0.0, 0.811802903027188, 0.0; Commanded Speeds: 0.0, 0.0, 0.0, 0.0, 0.0, -0.3490658503988659, 0.0; Commanded Accelerations: 0, 0, 0, 0, 0, 0, 0
216, 48146.937751, Actual Angles: 3.1415927410125732, 0.0, -1.5707963705062866, 0.0, 0.0, 0.825984001159668, 0.0; Actual Speeds: 0.0, 0.0, 0.0, 0.0, 0.0, -0.35199999809265137, 0.0; Actual Efforts: -4.314850957598537e-05, -15.513412475585938, -12.161055564880371, -0.18738701939582825, -0.5656905770301819, 0.5737352967262268, 0.0; Actual Accelerations: 0.0, 0.0, 0.0, 0.0, 0.0, 0.0, 0.0; Commanded Angles: 3.141593, 0.0, -1.570796, 0.0, 0.0, 0.8023119767383617, 0.0; Commanded Speeds: 0.0, 0.0, 0.0, 0.0, 0.0, -0.3490658503988659, 0.0; Commanded Accelerations: 0, 0, 0, 0, 0, 0, 0
217, 48146.972593, Actual Angles: 3.1415927410125732, 0.0, -1.5707963705062866, 0.0, 0.0, 0.814848005771637, 0.0; Actual Speeds: 0.0, 0.0, 0.0, 0.0, 0.0, -0.3440000116825104, 0.0; Actual Efforts: 8.09418925200589e-05, -15.513301849365234, -12.160956382751465, -0.18734332919120789, -0.5656701922416687, 0.41731077432632446, 0.0; Actual Accelerations: 0.0, 0.0, 0.0, 0.0, 0.0, 25.674309736139556, 0.0; Commanded Angles: 3.141593, 0.0, -1.570796, 0.0, 0.0, 0.788921430932825, 0.0; Commanded Speeds: 0.0, 0.0, 0.0, 0.0, 0.0, -0.3490658503988659, 0.0; Commanded Accelerations: 0, 0, 0, 0, 0, 0, 0
218, 48147.005102, Actual Angles: 3.1415927410125732, 0.0, -1.5707963705062866, 0.0, 0.0, 0.8023359775543213, 0.0; Actual Speeds: 0.0, 0.0, 0.0, 0.0, 0.0, -0.3440000116825104, 0.0; Actual Efforts: 0.00010593842307571322, -15.513276100158691, -12.160934448242188, -0.1872633397579193, -0.5656655430793762, 0.6367327570915222, 0.0; Actual Accelerations: 0.0, 0.0, 0.0, 0.0, 0.0, 0.0, 0.0; Commanded Angles: 3.141593, 0.0, -1.570796, 0.0, 0.0, 0.777596522440485, 0.0; Commanded Speeds: 0.0, 0.0, 0.0, 0.0, 0.0, -0.3490658503988659, 0.0; Commanded Accelerations: 0, 0, 0, 0, 0, 0, 0
219, 48147.037762, Actual Angles: 3.1415927410125732, 0.0, -1.5707963705062866, 0.0, 0.0, 0.7911999821662903, 0.0; Actual Speeds: 0.0, 0.0, 0.0, 0.0, 0.0, -0.3440000116825104, 0.0; Actual Efforts: 0.00011271840776316822, -15.513266563415527, -12.16092586517334, -0.18717563152313232, -0.565663754940033, 0.5026168823242188, 0.0; Actual Accelerations: 0.0, 0.0, 0.0, 0.0, 0.0, 0.0, 0.0; Commanded Angles: 3.141593, 0.0, -1.570796, 0.0, 0.0, 0.7668949792357151, 0.0; Commanded Speeds: 0.0, 0.0, 0.0, 0.0, 0.0, -0.3490658503988659, 0.0; Commanded Accelerations: 0, 0, 0, 0, 0, 0, 0
220, 48147.071367, Actual Angles: 3.1415927410125732, 0.0, -1.5707963705062866, 0.0, 0.0, 0.7800639867782593, 0.0; Actual Speeds: 0.0, 0.0, 0.0, 0.0, 0.0, -0.3440000116825104, 0.0; Actual Efforts: 0.00011119573173345998, -15.513264656066895, -12.160923957824707, -0.18708455562591553, -0.5656633973121643, 0.3328971266746521, 0.0; Actual Accelerations: 0.0, 0.0, 0.0, 0.0, 0.0, 0.0, 0.0; Commanded Angles: 3.141593, 0.0, -1.570796, 0.0, 0.0, 0.7544128591529307, 0.0; Commanded Speeds: 0.0, 0.0, 0.0, 0.0, 0.0, -0.3490658503988659, 0.0; Commanded Accelerations: 0, 0, 0, 0, 0, 0, 0
221, 48147.104890, Actual Angles: 3.1415927410125732, 0.0, -1.5707963705062866, 0.0, 0.0, 0.7689279913902283, 0.0; Actual Speeds: 0.0, 0.0, 0.0, 0.0, 0.0, -0.3440000116825104, 0.0; Actual Efforts: 0.00013264882727526128, -15.513237953186035, -12.160900115966797, -0.1869949847459793, -0.5656586289405823, 0.6598445773124695, 0.0; Actual Accelerations: 0.0, 0.0, 0.0, 0.0, 0.0, 0.0, 0.0; Commanded Angles: 3.141593, 0.0, -1.570796, 0.0, 0.0, 0.7435236745524617, 0.0; Commanded Speeds: 0.0, 0.0, 0.0, 0.0, 0.0, -0.3490658503988659, 0.0; Commanded Accelerations: 0, 0, 0, 0, 0, 0, 0
222, 48147.138792, Actual Angles: 3.1415927410125732, 0.0, -1.5707963705062866, 0.0, 0.0, 0.7564160227775574, 0.0; Actual Speeds: 0.0, 0.0, 0.0, 0.0, 0.0, -0.3440000116825104, 0.0; Actual Efforts: 0.00011181296576978639, -15.51325511932373, -12.16091537475586, -0.18689599633216858, -0.5656616687774658, 0.7287319302558899, 0.0; Actual Accelerations: 0.0, 0.0, 0.0, 0.0, 0.0, 0.0, 0.0; Commanded Angles: 3.141593, 0.0, -1.570796, 0.0, 0.0, 0.732062045693423, 0.0; Commanded Speeds: 0.0, 0.0, 0.0, 0.0, 0.0, -0.3490658503988659, 0.0; Commanded Accelerations: 0, 0, 0, 0, 0, 0, 0
223, 48147.172256, Actual Angles: 3.1415927410125732, 0.0, -1.5707963705062866, 0.0, 0.0, 0.7452800273895264, 0.0; Actual Speeds: 0.0, 0.0, 0.0, 0.0, 0.0, -0.3440000116825104, 0.0; Actual Efforts: 0.0001130870368797332, -15.513250350952148, -12.160911560058594, -0.1868094801902771, -0.5656608939170837, 0.5394700765609741, 0.0; Actual Accelerations: 0.0, 0.0, 0.0, 0.0, 0.0, 0.0, 0.0; Commanded Angles: 3.141593, 0.0, -1.570796, 0.0, 0.0, 0.7184229911822154, 0.0; Commanded Speeds: 0.0, 0.0, 0.0, 0.0, 0.0, -0.3490658503988659, 0.0; Commanded Accelerations: 0, 0, 0, 0, 0, 0, 0
224, 48147.206184, Actual Angles: 3.1415927410125732, 0.0, -1.5707963705062866, 0.0, 0.0, 0.7327359914779663, 0.0; Actual Speeds: 0.0, 0.0, 0.0, 0.0, 0.0, -0.35199999809265137, 0.0; Actual Efforts: 0.00011307686509098858, -15.513246536254883, -12.160907745361328, -0.18671295046806335, -0.5656601190567017, 0.5219805240631104, 0.0; Actual Accelerations: 0.0, 0.0, 0.0, 0.0, 0.0, 0.0, 0.0; Commanded Angles: 3.141593, 0.0, -1.570796, 0.0, 0.0, 0.7072156396907229, 0.0; Commanded Speeds: 0.0, 0.0, 0.0, 0.0, 0.0, -0.3490658503988659, 0.0; Commanded Accelerations: 0, 0, 0, 0, 0, 0, 0
225, 48147.239418, Actual Angles: 3.1415927410125732, 0.0, -1.5707963705062866, 0.0, 0.0, 0.7215999960899353, 0.0; Actual Speeds: 0.0, 0.0, 0.0, 0.0, 0.0, -0.35199999809265137, 0.0; Actual Efforts: 7.216890662675723e-05, -15.513287544250488, -12.160944938659668, -0.18660686910152435, -0.5656676888465881, 0.07688965648412704, 0.0; Actual Accelerations: 0.0, 0.0, 0.0, 0.0, 0.0, 0.0, 0.0; Commanded Angles: 3.141593, 0.0, -1.570796, 0.0, 0.0, 0.6946280469199746, 0.0; Commanded Speeds: 0.0, 0.0, 0.0, 0.0, 0.0, -0.3490658503988659, 0.0; Commanded Accelerations: 0, 0, 0, 0, 0, 0, 0
226, 48147.273845, Actual Angles: 3.1415927410125732, 0.0, -1.5707963705062866, 0.0, 0.0, 0.70905601978302, 0.0; Actual Speeds: 0.0, 0.0, 0.0, 0.0, 0.0, -0.35199999809265137, 0.0; Actual Efforts: -2.595333535282407e-05, -15.513392448425293, -12.16103744506836, -0.1864602416753769, -0.5656868815422058, 0.6916109919548035, 0.0; Actual Accelerations: 0.0, 0.0, 0.0, 0.0, 0.0, 0.0, 0.0; Commanded Angles: 3.141593, 0.0, -1.570796, 0.0, 0.0, 0.6844988512789539, 0.0; Commanded Speeds: 0.0, 0.0, 0.0, 0.0, 0.0, -0.3490658503988659, 0.0; Commanded Accelerations: 0, 0, 0, 0, 0, 0, 0
227, 48147.306460, Actual Angles: 3.1415927410125732, 0.0, -1.5707963705062866, 0.0, 0.0, 0.697920024394989, 0.0; Actual Speeds: 0.0, 0.0, 0.0, 0.0, 0.0, -0.35199999809265137, 0.0; Actual Efforts: -3.9883118006400764e-05, -15.513406753540039, -12.161049842834473, -0.18636927008628845, -0.5656895041465759, 0.8991656303405762, 0.0; Actual Accelerations: 0.0, 0.0, 0.0, 0.0, 0.0, 0.0, 0.0; Commanded Angles: 3.141593, 0.0, -1.570796, 0.0, 0.0, 0.673372658644879, 0.0; Commanded Speeds: 0.0, 0.0, 0.0, 0.0, 0.0, -0.3490658503988659, 0.0; Commanded Accelerations: 0, 0, 0, 0, 0, 0, 0
228, 48147.340281, Actual Angles: 3.1415927410125732, 0.0, -1.5707963705062866, 0.0, 0.0, 0.686784029006958, 0.0; Actual Speeds: 0.0, 0.0, 0.0, 0.0, 0.0, -0.35199999809265137, 0.0; Actual Efforts: -8.415107004111633e-05, -15.513459205627441, -12.161096572875977, -0.18626314401626587, -0.5656991600990295, 0.2656160593032837, 0.0; Actual Accelerations: 0.0, 0.0, 0.0, 0.0, 0.0, 0.0, 0.0; Commanded Angles: 3.141593, 0.0, -1.570796, 0.0, 0.0, 0.6607485797676709, 0.0; Commanded Speeds: 0.0, 0.0, 0.0, 0.0, 0.0, -0.3490658503988659, 0.0; Commanded Accelerations: 0, 0, 0, 0, 0, 0, 0
229, 48147.374424, Actual Angles: 3.1415927410125732, 0.0, -1.5707963705062866, 0.0, 0.0, 0.6742720007896423, 0.0; Actual Speeds: 0.0, 0.0, 0.0, 0.0, 0.0, -0.3440000116825104, 0.0; Actual Efforts: -0.000187755111255683, -15.513587951660156, -12.161211967468262, -0.18611425161361694, -0.5657228231430054, 0.5845299363136292, 0.0; Actual Accelerations: 0.0, 0.0, 0.0, 0.0, 0.0, 0.0, 0.0; Commanded Angles: 3.141593, 0.0, -1.570796, 0.0, 0.0, 0.6488848678872449, 0.0; Commanded Speeds: 0.0, 0.0, 0.0, 0.0, 0.0, -0.3490658503988659, 0.0; Commanded Accelerations: 0, 0, 0, 0, 0, 0, 0
230, 48147.408369, Actual Angles: 3.1415927410125732, 0.0, -1.5707963705062866, 0.0, 0.0, 0.6631360054016113, 0.0; Actual Speeds: 0.0, 0.0, 0.0, 0.0, 0.0, -0.3440000116825104, 0.0; Actual Efforts: -0.00020215711265336722, -15.513608932495117, -12.16123104095459, -0.18601574003696442, -0.5657267570495605, 0.3826867938041687, 0.0; Actual Accelerations: 0.0, 0.0, 0.0, 0.0, 0.0, 0.0, 0.0; Commanded Angles: 3.141593, 0.0, -1.570796, 0.0, 0.0, 0.6367770790438436, 0.0; Commanded Speeds: 0.0, 0.0, 0.0, 0.0, 0.0, -0.3490658503988659, 0.0; Commanded Accelerations: 0, 0, 0, 0, 0, 0, 0
231, 48147.441575, Actual Angles: 3.1415927410125732, 0.0, -1.5707963705062866, 0.0, 0.0, 0.6506239771842957, 0.0; Actual Speeds: 0.0, 0.0, 0.0, 0.0, 0.0, -0.3440000116825104, 0.0; Actual Efforts: -0.00020493684860412031, -15.513617515563965, -12.161237716674805, -0.1859344094991684, -0.5657283067703247, 0.46397700905799866, 0.0; Actual Accelerations: 0.0, 0.0, 0.0, 0.0, 0.0, 0.0, 0.0; Commanded Angles: 3.141593, 0.0, -1.570796, 0.0, 0.0, 0.6261859827177254, 0.0; Commanded Speeds: 0.0, 0.0, 0.0, 0.0, 0.0, -0.3490658503988659, 0.0; Commanded Accelerations: 0, 0, 0, 0, 0, 0, 0
232, 48147.474879, Actual Angles: 3.1415927410125732, 0.0, -1.5707963705062866, 0.0, 0.0, 0.6394879817962646, 0.0; Actual Speeds: 0.0, 0.0, 0.0, 0.0, 0.0, -0.3440000116825104, 0.0; Actual Efforts: -0.0001777192810550332, -15.51358699798584, -12.161210060119629, -0.18587100505828857, -0.5657225847244263, 0.5354524254798889, 0.0; Actual Accelerations: 0.0, 0.0, 0.0, 0.0, 0.0, 0.0, 0.0; Commanded Angles: 3.141593, 0.0, -1.570796, 0.0, 0.0, 0.6147099531445537, 0.0; Commanded Speeds: 0.0, 0.0, 0.0, 0.0, 0.0, -0.3490658503988659, 0.0; Commanded Accelerations: 0, 0, 0, 0, 0, 0, 0
233, 48147.508604, Actual Angles: 3.1415927410125732, 0.0, -1.5707963705062866, 0.0, 0.0, 0.6283519864082336, 0.0; Actual Speeds: 0.0, 0.0, 0.0, 0.0, 0.0, -0.35199999809265137, 0.0; Actual Efforts: -7.044054655125365e-05, -15.513445854187012, -12.16108512878418, -0.18584328889846802, -0.5656967759132385, 0.5024383664131165, 0.0; Actual Accelerations: 0.0, 0.0, 0.0, 0.0, 0.0, -26.50415109898083, 0.0; Commanded Angles: 3.141593, 0.0, -1.570796, 0.0, 0.0, 0.5998754782996087, 0.0; Commanded Speeds: 0.0, 0.0, 0.0, 0.0, 0.0, -0.3490658503988659, 0.0; Commanded Accelerations: 0, 0, 0, 0, 0, 0, 0
234, 48147.542391, Actual Angles: 3.1415927410125732, 0.0, -1.5707963705062866, 0.0, 0.0, 0.6158080101013184, 0.0; Actual Speeds: 0.0, 0.0, 0.0, 0.0, 0.0, -0.35199999809265137, 0.0; Actual Efforts: -0.00017464140546508133, -15.513590812683105, -12.161213874816895, -0.18570952117443085, -0.5657234191894531, 0.6695683002471924, 0.0; Actual Accelerations: 0.0, 0.0, 0.0, 0.0, 0.0, 0.0, 0.0; Commanded Angles: 3.141593, 0.0, -1.570796, 0.0, 0.0, 0.5892414967865154, 0.0; Commanded Speeds: 0.0, 0.0, 0.0, 0.0, 0.0, -0.3490658503988659, 0.0; Commanded Accelerations: 0, 0, 0, 0, 0, 0, 0
235, 48147.575553, Actual Angles: 3.1415927410125732, 0.0, -1.5707963705062866, 0.0, 0.0, 0.6046720147132874, 0.0; Actual Speeds: 0.0, 0.0, 0.0, 0.0, 0.0, -0.35199999809265137, 0.0; Actual Efforts: -0.00016110930300783366, -15.513575553894043, -12.161200523376465, -0.1856422871351242, -0.5657206177711487, 0.6208477020263672, 0.0; Actual Accelerations: 0.0, 0.0, 0.0, 0.0, 0.0, 0.0, 0.0; Commanded Angles: 3.141593, 0.0, -1.570796, 0.0, 0.0, 0.5772542340987498, 0.0; Commanded Speeds: 0.0, 0.0, 0.0, 0.0, 0.0, -0.3490658503988659, 0.0; Commanded Accelerations: 0, 0, 0, 0, 0, 0, 0
236, 48147.609477, Actual Angles: 3.1415927410125732, 0.0, -1.5707963705062866, 0.0, 0.0, 0.5921279788017273, 0.0; Actual Speeds: 0.0, 0.0, 0.0, 0.0, 0.0, -0.35199999809265137, 0.0; Actual Efforts: -4.8590623919153586e-05, -15.513416290283203, -12.161059379577637, -0.18562406301498413, -0.5656912922859192, 0.4359605014324188, 0.0; Actual Accelerations: 0.0, 0.0, 0.0, 0.0, 0.0, 0.0, 0.0; Commanded Angles: 3.141593, 0.0, -1.570796, 0.0, 0.0, 0.5645371218402963, 0.0; Commanded Speeds: 0.0, 0.0, 0.0, 0.0, 0.0, -0.3490658503988659, 0.0; Commanded Accelerations: 0, 0, 0, 0, 0, 0, 0
237, 48147.641928, Actual Angles: 3.1415927410125732, 0.0, -1.5707963705062866, 0.0, 0.0, 0.5809919834136963, 0.0; Actual Speeds: 0.0, 0.0, 0.0, 0.0, 0.0, -0.35199999809265137, 0.0; Actual Efforts: -3.852538429782726e-05, -15.51340103149414, -12.16104507446289, -0.18555796146392822, -0.5656884908676147, 0.7602306604385376, 0.0; Actual Accelerations: 0.0, 0.0, 0.0, 0.0, 0.0, 0.0, 0.0; Commanded Angles: 3.141593, 0.0, -1.570796, 0.0, 0.0, 0.5558155000329147, 0.0; Commanded Speeds: 0.0, 0.0, 0.0, 0.0, 0.0, -0.3490658503988659, 0.0; Commanded Accelerations: 0, 0, 0, 0, 0, 0, 0
238, 48147.675451, Actual Angles: 3.1415927410125732, 0.0, -1.5707963705062866, 0.0, 0.0, 0.5698559880256653, 0.0; Actual Speeds: 0.0, 0.0, 0.0, 0.0, 0.0, -0.35199999809265137, 0.0; Actual Efforts: -4.799148882739246e-05, -15.51341438293457, -12.161056518554688, -0.18548153340816498, -0.5656908750534058, 0.727750301361084, 0.0; Actual Accelerations: 0.0, 0.0, 0.0, 0.0, 0.0, 0.0, 0.0; Commanded Angles: 3.141593, 0.0, -1.570796, 0.0, 0.0, 0.5453020153561415, 0.0; Commanded Speeds: 0.0, 0.0, 0.0, 0.0, 0.0, -0.3490658503988659, 0.0; Commanded Accelerations: 0, 0, 0, 0, 0, 0, 0
239, 48147.708746, Actual Angles: 3.1415927410125732, 0.0, -1.5707963705062866, 0.0, 0.0, 0.5587199926376343, 0.0; Actual Speeds: 0.0, 0.0, 0.0, 0.0, 0.0, -0.3440000116825104, 0.0; Actual Efforts: -5.767858965555206e-05, -15.513429641723633, -12.161070823669434, -0.18539775907993317, -0.5656936764717102, 0.5040447115898132, 0.0; Actual Accelerations: 0.0, 0.0, 0.0, 0.0, 0.0, 19.448740041497707, 0.0; Commanded Angles: 3.141593, 0.0, -1.570796, 0.0, 0.0, 0.5317330099849836, 0.0; Commanded Speeds: 0.0, 0.0, 0.0, 0.0, 0.0, -0.3490658503988659, 0.0; Commanded Accelerations: 0, 0, 0, 0, 0, 0, 0
240, 48147.742861, Actual Angles: 3.1415927410125732, 0.0, -1.5707963705062866, 0.0, 0.0, 0.5462080240249634, 0.0; Actual Speeds: 0.0, 0.0, 0.0, 0.0, 0.0, -0.3440000116825104, 0.0; Actual Efforts: -4.982187965651974e-05, -15.51341724395752, -12.161059379577637, -0.1853341907262802, -0.5656914710998535, 0.6735859513282776, 0.0; Actual Accelerations: 0.0, 0.0, 0.0, 0.0, 0.0, 0.0, 0.0; Commanded Angles: 3.141593, 0.0, -1.570796, 0.0, 0.0, 0.5200943272468134, 0.0; Commanded Speeds: 0.0, 0.0, 0.0, 0.0, 0.0, -0.3490658503988659, 0.0; Commanded Accelerations: 0, 0, 0, 0, 0, 0, 0
241, 48147.776006, Actual Angles: 3.1415927410125732, 0.0, -1.5707963705062866, 0.0, 0.0, 0.5350720286369324, 0.0; Actual Speeds: 0.0, 0.0, 0.0, 0.0, 0.0, -0.3440000116825104, 0.0; Actual Efforts: -6.99521042406559e-05, -15.513449668884277, -12.161087989807129, -0.18525461852550507, -0.5656973719596863, 0.40071362257003784, 0.0; Actual Accelerations: 0.0, 0.0, 0.0, 0.0, 0.0, 0.0, 0.0; Commanded Angles: 3.141593, 0.0, -1.570796, 0.0, 0.0, 0.5083243608407866, 0.0; Commanded Speeds: 0.0, 0.0, 0.0, 0.0, 0.0, -0.3490658503988659, 0.0; Commanded Accelerations: 0, 0, 0, 0, 0, 0, 0
242, 48147.809129, Actual Angles: 3.1415927410125732, 0.0, -1.5707963705062866, 0.0, 0.0, 0.5225600004196167, 0.0; Actual Speeds: 0.0, 0.0, 0.0, 0.0, 0.0, -0.3440000116825104, 0.0; Actual Efforts: -5.141692963661626e-05, -15.513419151306152, -12.16106128692627, -0.18519234657287598, -0.5656918287277222, 0.6562748551368713, 0.0; Actual Accelerations: 0.0, 0.0, 0.0, 0.0, 0.0, 0.0, 0.0; Commanded Angles: 3.141593, 0.0, -1.570796, 0.0, 0.0, 0.49740335295411553, 0.0; Commanded Speeds: 0.0, 0.0, 0.0, 0.0, 0.0, -0.3490658503988659, 0.0; Commanded Accelerations: 0, 0, 0, 0, 0, 0, 0
243, 48147.842637, Actual Angles: 3.1415927410125732, 0.0, -1.5707963705062866, 0.0, 0.0, 0.5114240050315857, 0.0; Actual Speeds: 0.0, 0.0, 0.0, 0.0, 0.0, -0.3440000116825104, 0.0; Actual Efforts: -4.6657009079353884e-05, -15.513409614562988, -12.161052703857422, -0.18513093888759613, -0.5656900405883789, 0.5251039862632751, 0.0; Actual Accelerations: 0.0, 0.0, 0.0, 0.0, 0.0, 0.0, 0.0; Commanded Angles: 3.141593, 0.0, -1.570796, 0.0, 0.0, 0.485368061246066, 0.0; Commanded Speeds: 0.0, 0.0, 0.0, 0.0, 0.0, -0.3490658503988659, 0.0; Commanded Accelerations: 0, 0, 0, 0, 0, 0, 0
244, 48147.875974, Actual Angles: 3.1415927410125732, 0.0, -1.5707963705062866, 0.0, 0.0, 0.5002880096435547, 0.0; Actual Speeds: 0.0, 0.0, 0.0, 0.0, 0.0, -0.3440000116825104, 0.0; Actual Efforts: -9.103411139221862e-05, -15.513486862182617, -12.16112232208252, -0.1850384771823883, -0.565704345703125, 0.34940505027770996, 0.0; Actual Accelerations: 0.0, 0.0, 0.0, 0.0, 0.0, 0.0, 0.0; Commanded Angles: 3.141593, 0.0, -1.570796, 0.0, 0.0, 0.47253765687552557, 0.0; Commanded Speeds: 0.0, 0.0, 0.0, 0.0, 0.0, -0.3490658503988659, 0.0; Commanded Accelerations: 0, 0, 0, 0, 0, 0, 0
245, 48147.909602, Actual Angles: 3.1415927410125732, 0.0, -1.5707963705062866, 0.0, 0.0, 0.487744003534317, 0.0; Actual Speeds: 0.0, 0.0, 0.0, 0.0, 0.0, -0.35199999809265137, 0.0; Actual Efforts: -6.428098276956007e-05, -15.513442039489746, -12.161081314086914, -0.18498629331588745, -0.5656960010528564, 0.415436714887619, 0.0; Actual Accelerations: 0.0, 0.0, 0.0, 0.0, 0.0, 0.0, 0.0; Commanded Angles: 3.141593, 0.0, -1.570796, 0.0, 0.0, 0.4586761133761235, 0.0; Commanded Speeds: 0.0, 0.0, 0.0, 0.0, 0.0, -0.3490658503988659, 0.0; Commanded Accelerations: 0, 0, 0, 0, 0, 0, 0
246, 48147.943220, Actual Angles: 3.1415927410125732, 0.0, -1.5707963705062866, 0.0, 0.0, 0.476608008146286, 0.0; Actual Speeds: 0.0, 0.0, 0.0, 0.0, 0.0, -0.35199999809265137, 0.0; Actual Efforts: 5.1552407967392355e-05, -15.513229370117188, -12.160892486572266, -0.18500404059886932, -0.5656569600105286, 0.5724859237670898, 0.0; Actual Accelerations: 0.0, 0.0, 0.0, 0.0, 0.0, 0.0, 0.0; Commanded Angles: 3.141593, 0.0, -1.570796, 0.0, 0.0, 0.44869461378183845, 0.0; Commanded Speeds: 0.0, 0.0, 0.0, 0.0, 0.0, -0.3490658503988659, 0.0; Commanded Accelerations: 0, 0, 0, 0, 0, 0, 0
247, 48147.976785, Actual Angles: 3.1415927410125732, 0.0, -1.5707963705062866, 0.0, 0.0, 0.465472012758255, 0.0; Actual Speeds: 0.0, 0.0, 0.0, 0.0, 0.0, -0.35199999809265137, 0.0; Actual Efforts: 3.9810638554627076e-05, -15.513245582580566, -12.160906791687012, -0.18493057787418365, -0.5656599998474121, 0.4354250431060791, 0.0; Actual Accelerations: 0.0, 0.0, 0.0, 0.0, 0.0, 0.0, 0.0; Commanded Angles: 3.141593, 0.0, -1.570796, 0.0, 0.0, 0.4376374691642082, 0.0; Commanded Speeds: 0.0, 0.0, 0.0, 0.0, 0.0, -0.3490658503988659, 0.0; Commanded Accelerations: 0, 0, 0, 0, 0, 0, 0
248, 48148.008895, Actual Angles: 3.1415927410125732, 0.0, -1.5707963705062866, 0.0, 0.0, 0.45292800664901733, 0.0; Actual Speeds: 0.0, 0.0, 0.0, 0.0, 0.0, -0.35199999809265137, 0.0; Actual Efforts: 4.5459270040737465e-05, -15.513229370117188, -12.160892486572266, -0.1848773956298828, -0.5656569004058838, 0.742384135723114, 0.0; Actual Accelerations: 0.0, 0.0, 0.0, 0.0, 0.0, 0.0, 0.0; Commanded Angles: 3.141593, 0.0, -1.570796, 0.0, 0.0, 0.42787349518946893, 0.0; Commanded Speeds: 0.0, 0.0, 0.0, 0.0, 0.0, -0.3490658503988659, 0.0; Commanded Accelerations: 0, 0, 0, 0, 0, 0, 0
249, 48148.042598, Actual Angles: 3.1415927410125732, 0.0, -1.5707963705062866, 0.0, 0.0, 0.44179201126098633, 0.0; Actual Speeds: 0.0, 0.0, 0.0, 0.0, 0.0, -0.35199999809265137, 0.0; Actual Efforts: 3.581150303944014e-05, -15.5132417678833, -12.160903930664062, -0.1848147213459015, -0.5656593441963196, 0.6415517926216125, 0.0; Actual Accelerations: 0.0, 0.0, 0.0, 0.0, 0.0, 0.0, 0.0; Commanded Angles: 3.141593, 0.0, -1.570796, 0.0, 0.0, 0.41732809681764754, 0.0; Commanded Speeds: 0.0, 0.0, 0.0, 0.0, 0.0, -0.3490658503988659, 0.0; Commanded Accelerations: 0, 0, 0, 0, 0, 0, 0
250, 48148.075976, Actual Angles: 3.1415927410125732, 0.0, -1.5707963705062866, 0.0, 0.0, 0.43065598607063293, 0.0; Actual Speeds: 0.0, 0.0, 0.0, 0.0, 0.0, -0.35199999809265137, 0.0; Actual Efforts: 4.514989996096119e-05, -15.51321792602539, -12.160881996154785, -0.1847669929265976, -0.5656548738479614, 0.6071973443031311, 0.0; Actual Accelerations: 0.0, 0.0, 0.0, 0.0, 0.0, 0.0, 0.0; Commanded Angles: 3.141593, 0.0, -1.570796, 0.0, 0.0, 0.4039355739037248, 0.0; Commanded Speeds: 0.0, 0.0, 0.0, 0.0, 0.0, -0.3490658503988659, 0.0; Commanded Accelerations: 0, 0, 0, 0, 0, 0, 0
251, 48148.109559, Actual Angles: 3.1415927410125732, 0.0, -1.5707963705062866, 0.0, 0.0, 0.41814398765563965, 0.0; Actual Speeds: 0.0, 0.0, 0.0, 0.0, 0.0, -0.3440000116825104, 0.0; Actual Efforts: -0.0009204861707985401, -15.51317310333252, -12.160876274108887, -0.18463148176670074, -0.5656529664993286, 0.6410163640975952, 0.0; Actual Accelerations: 0.0, 0.0, 0.0, 0.0, 0.0, 0.0, 0.0; Commanded Angles: 3.141593, 0.0, -1.570796, 0.0, 0.0, 0.3931914813151746, 0.0; Commanded Speeds: 0.0, 0.0, 0.0, 0.0, 0.0, -0.3490658503988659, 0.0; Commanded Accelerations: 0, 0, 0, 0, 0, 0, 0
252, 48148.142466, Actual Angles: 3.1415927410125732, 0.0, -1.5707963705062866, 0.0, 0.0, 0.40700799226760864, 0.0; Actual Speeds: 0.0, 0.0, 0.0, 0.0, 0.0, -0.3440000116825104, 0.0; Actual Efforts: 1.8944196199299768e-05, -15.513261795043945, -12.160922050476074, -0.1846362203359604, -0.5656629800796509, 0.2477695345878601, 0.0; Actual Accelerations: 0.0, 0.0, 0.0, 0.0, 0.0, 0.0, 0.0; Commanded Angles: 3.141593, 0.0, -1.570796, 0.0, 0.0, 0.38103112280520995, 0.0; Commanded Speeds: 0.0, 0.0, 0.0, 0.0, 0.0, -0.3490658503988659, 0.0; Commanded Accelerations: 0, 0, 0, 0, 0, 0, 0
253, 48148.176788, Actual Angles: 3.1415927410125732, 0.0, -1.5707963705062866, 0.0, 0.0, 0.39587199687957764, 0.0; Actual Speeds: 0.0, 0.0, 0.0, 0.0, 0.0, -0.3440000116825104, 0.0; Actual Efforts: -5.048558523412794e-05, -15.513411521911621, -12.161054611206055, -0.18452607095241547, -0.5656903982162476, 0.7248945832252502, 0.0; Actual Accelerations: 0.0, 0.0, 0.0, 0.0, 0.0, 0.0, 0.0; Commanded Angles: 3.141593, 0.0, -1.570796, 0.0, 0.0, 0.3691239564188564, 0.0; Commanded Speeds: 0.0, 0.0, 0.0, 0.0, 0.0, -0.3490658503988659, 0.0; Commanded Accelerations: 0, 0, 0, 0, 0, 0, 0
254, 48148.209031, Actual Angles: 3.1415927410125732, 0.0, -1.5707963705062866, 0.0, 0.0, 0.38335999846458435, 0.0; Actual Speeds: 0.0, 0.0, 0.0, 0.0, 0.0, -0.3440000116825104, 0.0; Actual Efforts: -5.45742004760541e-05, -15.513418197631836, -12.16106128692627, -0.18447284400463104, -0.5656917095184326, 0.3890247642993927, 0.0; Actual Accelerations: 0.0, 0.0, 0.0, 0.0, 0.0, 0.0, 0.0; Commanded Angles: 3.141593, 0.0, -1.570796, 0.0, 0.0, 0.356950431841742, 0.0; Commanded Speeds: 0.0, 0.0, 0.0, 0.0, 0.0, -0.3490658503988659, 0.0; Commanded Accelerations: 0, 0, 0, 0, 0, 0, 0
255, 48148.242737, Actual Angles: 3.1415927410125732, 0.0, -1.5707963705062866, 0.0, 0.0, 0.37222400307655334, 0.0; Actual Speeds: 0.0, 0.0, 0.0, 0.0, 0.0, -0.35199999809265137, 0.0; Actual Efforts: -0.00015807742602191865, -15.513675689697266, -12.16128921508789, -0.18433260917663574, -0.5657389760017395, 0.24428731203079224, 0.0; Actual Accelerations: 0.0, 0.0, 0.0, 0.0, 0.0, -23.14583186633848, 0.0; Commanded Angles: 3.141593, 0.0, -1.570796, 0.0, 0.0, 0.3438627226531055, 0.0; Commanded Speeds: 0.0, 0.0, 0.0, 0.0, 0.0, -0.3490658503988659, 0.0; Commanded Accelerations: 0, 0, 0, 0, 0, 0, 0
256, 48148.276711, Actual Angles: 3.1415927410125732, 0.0, -1.5707963705062866, 0.0, 0.0, 0.36108800768852234, 0.0; Actual Speeds: 0.0, 0.0, 0.0, 0.0, 0.0, -0.35199999809265137, 0.0; Actual Efforts: -0.000140165735501796, -15.513638496398926, -12.161256790161133, -0.18429794907569885, -0.5657321214675903, 0.44934314489364624, 0.0; Actual Accelerations: 0.0, 0.0, 0.0, 0.0, 0.0, -26.358056163472867, 0.0; Commanded Angles: 3.141593, 0.0, -1.570796, 0.0, 0.0, 0.3326497742402249, 0.0; Commanded Speeds: 0.0, 0.0, 0.0, 0.0, 0.0, -0.3490658503988659, 0.0; Commanded Accelerations: 0, 0, 0, 0, 0, 0, 0
257, 48148.309192, Actual Angles: 3.1415927410125732, 0.0, -1.5707963705062866, 0.0, 0.0, 0.34854400157928467, 0.0; Actual Speeds: 0.0, 0.0, 0.0, 0.0, 0.0, -0.35199999809265137, 0.0; Actual Efforts: -0.00015052907110657543, -15.513670921325684, -12.161285400390625, -0.18424144387245178, -0.5657381415367126, 0.3312889635562897, 0.0; Actual Accelerations: 0.0, 0.0, 0.0, 0.0, 0.0, 0.0, 0.0; Commanded Angles: 3.141593, 0.0, -1.570796, 0.0, 0.0, 0.32288204082508004, 0.0; Commanded Speeds: 0.0, 0.0, 0.0, 0.0, 0.0, -0.3490658503988659, 0.0; Commanded Accelerations: 0, 0, 0, 0, 0, 0, 0
258, 48148.342905, Actual Angles: 3.1415927410125732, 0.0, -1.5707963705062866, 0.0, 0.0, 0.33740800619125366, 0.0; Actual Speeds: 0.0, 0.0, 0.0, 0.0, 0.0, -0.35199999809265137, 0.0; Actual Efforts: -0.00014386010298039764, -15.513662338256836, -12.161277770996094, -0.1842002421617508, -0.5657364726066589, 0.22724394500255585, 0.0; Actual Accelerations: 0.0, 0.0, 0.0, 0.0, 0.0, 0.0, 0.0; Commanded Angles: 3.141593, 0.0, -1.570796, 0.0, 0.0, 0.3122389567258434, 0.0; Commanded Speeds: 0.0, 0.0, 0.0, 0.0, 0.0, -0.3490658503988659, 0.0; Commanded Accelerations: 0, 0, 0, 0, 0, 0, 0
259, 48148.376638, Actual Angles: 3.1415927410125732, 0.0, -1.5707963705062866, 0.0, 0.0, 0.32627201080322266, 0.0; Actual Speeds: 0.0, 0.0, 0.0, 0.0, 0.0, -0.35199999809265137, 0.0; Actual Efforts: -0.00013535027392208576, -15.51364517211914, -12.161262512207031, -0.184157133102417, -0.5657334923744202, 0.3834899663925171, 0.0; Actual Accelerations: 0.0, 0.0, 0.0, 0.0, 0.0, 0.0, 0.0; Commanded Angles: 3.141593, 0.0, -1.570796, 0.0, 0.0, 0.2959780864150079, 0.0; Commanded Speeds: 0.0, 0.0, 0.0, 0.0, 0.0, -0.3490658503988659, 0.0; Commanded Accelerations: 0, 0, 0, 0, 0, 0, 0
260, 48148.409595, Actual Angles: 3.1415927410125732, 0.0, -1.5707963705062866, 0.0, 0.0, 0.313728004693985, 0.0; Actual Speeds: 0.0, 0.0, 0.0, 0.0, 0.0, -0.35199999809265137, 0.0; Actual Efforts: -0.00014368334086611867, -15.513676643371582, -12.161291122436523, -0.18410547077655792, -0.5657392144203186, 0.3825083076953888, 0.0; Actual Accelerations: 0.0, 0.0, 0.0, 0.0, 0.0, 0.0, 0.0; Commanded Angles: 3.141593, 0.0, -1.570796, 0.0, 0.0, 0.28470719167223957, 0.0; Commanded Speeds: 0.0, 0.0, 0.0, 0.0, 0.0, -0.3490658503988659, 0.0; Commanded Accelerations: 0, 0, 0, 0, 0, 0, 0
261, 48148.442542, Actual Angles: 3.1415927410125732, 0.0, -1.5707963705062866, 0.0, 0.0, 0.302592009305954, 0.0; Actual Speeds: 0.0, 0.0, 0.0, 0.0, 0.0, -0.35199999809265137, 0.0; Actual Efforts: -0.00012885231990367174, -15.513642311096191, -12.161259651184082, -0.1840762346982956, -0.5657328963279724, 0.5338460803031921, 0.0; Actual Accelerations: 0.0, 0.0, 0.0, 0.0, 0.0, 0.0, 0.0; Commanded Angles: 3.141593, 0.0, -1.570796, 0.0, 0.0, 0.2732339061092401, 0.0; Commanded Speeds: 0.0, 0.0, 0.0, 0.0, 0.0, -0.3490658503988659, 0.0; Commanded Accelerations: 0, 0, 0, 0, 0, 0, 0
262, 48148.476779, Actual Angles: 3.1415927410125732, 0.0, -1.5707963705062866, 0.0, 0.0, 0.291456013917923, 0.0; Actual Speeds: 0.0, 0.0, 0.0, 0.0, 0.0, -0.3440000116825104, 0.0; Actual Efforts: -0.000118781223136466, -15.513618469238281, -12.161238670349121, -0.18403993546962738, -0.565728485584259, 0.5030612945556641, 0.0; Actual Accelerations: 0.0, 0.0, 0.0, 0.0, 0.0, 0.0, 0.0; Commanded Angles: 3.141593, 0.0, -1.570796, 0.0, 0.0, 0.2622783766550828, 0.0; Commanded Speeds: 0.0, 0.0, 0.0, 0.0, 0.0, -0.3490658503988659, 0.0; Commanded Accelerations: 0, 0, 0, 0, 0, 0, 0
263, 48148.510606, Actual Angles: 3.1415927410125732, 0.0, -1.5707963705062866, 0.0, 0.0, 0.2789439857006073, 0.0; Actual Speeds: 0.0, 0.0, 0.0, 0.0, 0.0, -0.3440000116825104, 0.0; Actual Efforts: -0.00012987887021154165, -15.51366138458252, -12.161276817321777, -0.1839890480041504, -0.5657364726066589, 0.24616138637065887, 0.0; Actual Accelerations: 0.0, 0.0, 0.0, 0.0, 0.0, 0.0, 0.0; Commanded Angles: 3.141593, 0.0, -1.570796, 0.0, 0.0, 0.24973571389553226, 0.0; Commanded Speeds: 0.0, 0.0, 0.0, 0.0, 0.0, -0.3490658503988659, 0.0; Commanded Accelerations: 0, 0, 0, 0, 0, 0, 0
264, 48148.542861, Actual Angles: 3.1415927410125732, 0.0, -1.5707963705062866, 0.0, 0.0, 0.2678079903125763, 0.0; Actual Speeds: 0.0, 0.0, 0.0, 0.0, 0.0, -0.3440000116825104, 0.0; Actual Efforts: -0.00012108107330277562, -15.513641357421875, -12.161258697509766, -0.18395917117595673, -0.5657326579093933, 0.5683789849281311, 0.0; Actual Accelerations: 0.0, 0.0, 0.0, 0.0, 0.0, 0.0, 0.0; Commanded Angles: 3.141593, 0.0, -1.570796, 0.0, 0.0, 0.24016875513171151, 0.0; Commanded Speeds: 0.0, 0.0, 0.0, 0.0, 0.0, -0.3490658503988659, 0.0; Commanded Accelerations: 0, 0, 0, 0, 0, 0, 0
265, 48148.576948, Actual Angles: 3.1415927410125732, 0.0, -1.5707963705062866, 0.0, 0.0, 0.255295991897583, 0.0; Actual Speeds: 0.0, 0.0, 0.0, 0.0, 0.0, -0.3440000116825104, 0.0; Actual Efforts: -5.9135083574801683e-05, -15.513422966003418, -12.161065101623535, -0.18398460745811462, -0.5656926035881042, 0.5735568404197693, 0.0; Actual Accelerations: 0.0, 0.0, 0.0, 0.0, 0.0, 0.0, 0.0; Commanded Angles: 3.141593, 0.0, -1.570796, 0.0, 0.0, 0.23001351324512487, 0.0; Commanded Speeds: 0.0, 0.0, 0.0, 0.0, 0.0, -0.3490658503988659, 0.0; Commanded Accelerations: 0, 0, 0, 0, 0, 0, 0
266, 48148.609581, Actual Angles: 3.1415927410125732, 0.0, -1.5707963705062866, 0.0, 0.0, 0.244159996509552, 0.0; Actual Speeds: 0.0, 0.0, 0.0, 0.0, 0.0, -0.3440000116825104, 0.0; Actual Efforts: -6.564160867128521e-05, -15.513446807861328, -12.161086082458496, -0.18394362926483154, -0.5656970143318176, 0.40187376737594604, 0.0; Actual Accelerations: 0.0, 0.0, 0.0, 0.0, 0.0, 0.0, 0.0; Commanded Angles: 3.141593, 0.0, -1.570796, 0.0, 0.0, 0.21662082976070393, 0.0; Commanded Speeds: 0.0, 0.0, 0.0, 0.0, 0.0, -0.3490658503988659, 0.0; Commanded Accelerations: 0, 0, 0, 0, 0, 0, 0
267, 48148.643948, Actual Angles: 3.1415927410125732, 0.0, -1.5707963705062866, 0.0, 0.0, 0.233024001121521, 0.0; Actual Speeds: 0.0, 0.0, 0.0, 0.0, 0.0, -0.3440000116825104, 0.0; Actual Efforts: -6.61585436319001e-05, -15.513448715209961, -12.161087989807129, -0.1839105188846588, -0.5656973123550415, 0.4362282156944275, 0.0; Actual Accelerations: 0.0, 0.0, 0.0, 0.0, 0.0, 0.0, 0.0; Commanded Angles: 3.141593, 0.0, -1.570796, 0.0, 0.0, 0.20746267632494864, 0.0; Commanded Speeds: 0.0, 0.0, 0.0, 0.0, 0.0, -0.3490658503988659, 0.0; Commanded Accelerations: 0, 0, 0, 0, 0, 0, 0
268, 48148.676175, Actual Angles: 3.1415927410125732, 0.0, -1.5707963705062866, 0.0, 0.0, 0.22188800573349, 0.0; Actual Speeds: 0.0, 0.0, 0.0, 0.0, 0.0, -0.3440000116825104, 0.0; Actual Efforts: -0.00012126674118917435, -15.513680458068848, -12.161293029785156, -0.1838124841451645, -0.5657398104667664, 0.127125546336174, 0.0; Actual Accelerations: 0.0, 0.0, 0.0, 0.0, 0.0, 0.0, 0.0; Commanded Angles: 3.141593, 0.0, -1.570796, 0.0, 0.0, 0.1943229182762049, 0.0; Commanded Speeds: 0.0, 0.0, 0.0, 0.0, 0.0, -0.3490658503988659, 0.0; Commanded Accelerations: 0, 0, 0, 0, 0, 0, 0
269, 48148.709546, Actual Angles: 3.1415927410125732, 0.0, -1.5707963705062866, 0.0, 0.0, 0.20934399962425232, 0.0; Actual Speeds: 0.0, 0.0, 0.0, 0.0, 0.0, -0.35199999809265137, 0.0; Actual Efforts: 0.0008998713456094265, -15.513482093811035, -12.161083221435547, -0.18392324447631836, -0.5656970143318176, 0.4700472354888916, 0.0; Actual Accelerations: 0.0, 0.0, 0.0, 0.0, 0.0, 0.0, 0.0; Commanded Angles: 3.141593, 0.0, -1.570796, 0.0, 0.0, 0.1795486799771791, 0.0; Commanded Speeds: 0.0, 0.0, 0.0, 0.0, 0.0, -0.3490658503988659, 0.0; Commanded Accelerations: 0, 0, 0, 0, 0, 0, 0
270, 48148.744764, Actual Angles: 3.1415927410125732, 0.0, -1.5707963705062866, 0.0, 0.0, 0.1982080042362213, 0.0; Actual Speeds: 0.0, 0.0, 0.0, 0.0, 0.0, -0.35199999809265137, 0.0; Actual Efforts: -6.68612337904051e-05, -15.513449668884277, -12.161088943481445, -0.18381398916244507, -0.5656975507736206, 0.5062757730484009, 0.0; Actual Accelerations: 0.0, 0.0, 0.0, 0.0, 0.0, 0.0, 0.0; Commanded Angles: 3.141593, 0.0, -1.570796, 0.0, 0.0, 0.1697686660784393, 0.0; Commanded Speeds: 0.0, 0.0, 0.0, 0.0, 0.0, -0.3490658503988659, 0.0; Commanded Accelerations: 0, 0, 0, 0, 0, 0, 0
271, 48148.776715, Actual Angles: 3.1415927410125732, 0.0, -1.5707963705062866, 0.0, 0.0, 0.1870719939470291, 0.0; Actual Speeds: 0.0, 0.0, 0.0, 0.0, 0.0, -0.35199999809265137, 0.0; Actual Efforts: -7.565195119241253e-05, -15.513493537902832, -12.161128044128418, -0.18377473950386047, -0.5657055974006653, 0.2311723679304123, 0.0; Actual Accelerations: 0.0, 0.0, 0.0, 0.0, 0.0, 0.0, 0.0; Commanded Angles: 3.141593, 0.0, -1.570796, 0.0, 0.0, 0.1597306607526862, 0.0; Commanded Speeds: 0.0, 0.0, 0.0, 0.0, 0.0, -0.3490658503988659, 0.0; Commanded Accelerations: 0, 0, 0, 0, 0, 0, 0
272, 48148.809589, Actual Angles: 3.1415927410125732, 0.0, -1.5707963705062866, 0.0, 0.0, 0.17452800273895264, 0.0; Actual Speeds: 0.0, 0.0, 0.0, 0.0, 0.0, -0.35199999809265137, 0.0; Actual Efforts: -6.631120049860328e-05, -15.513449668884277, -12.161088943481445, -0.1837621033191681, -0.5656974911689758, 0.4180247187614441, 0.0; Actual Accelerations: 0.0, 0.0, 0.0, 0.0, 0.0, 0.0, 0.0; Commanded Angles: 3.141593, 0.0, -1.570796, 0.0, 0.0, 0.14927500476534478, 0.0; Commanded Speeds: 0.0, 0.0, 0.0, 0.0, 0.0, -0.3490658503988659, 0.0; Commanded Accelerations: 0, 0, 0, 0, 0, 0, 0
273, 48148.844225, Actual Angles: 3.1415927410125732, 0.0, -1.5707963705062866, 0.0, 0.0, 0.16339200735092163, 0.0; Actual Speeds: 0.0, 0.0, 0.0, 0.0, 0.0, -0.35199999809265137, 0.0; Actual Efforts: -6.407158798538148e-05, -15.513436317443848, -12.161076545715332, -0.18374183773994446, -0.56569504737854, 0.35199305415153503, 0.0; Actual Accelerations: 0.0, 0.0, 0.0, 0.0, 0.0, 0.0, 0.0; Commanded Angles: 3.141593, 0.0, -1.570796, 0.0, 0.0, 0.13324117386716774, 0.0; Commanded Speeds: 0.0, 0.0, 0.0, 0.0, 0.0, -0.3490658503988659, 0.0; Commanded Accelerations: 0, 0, 0, 0, 0, 0, 0
274, 48148.876300, Actual Angles: 3.1415927410125732, 0.0, -1.5707963705062866, 0.0, 0.0, 0.15225599706172943, 0.0; Actual Speeds: 0.0, 0.0, 0.0, 0.0, 0.0, -0.35199999809265137, 0.0; Actual Efforts: -6.642665539402515e-05, -15.513449668884277, -12.161087989807129, -0.1837155818939209, -0.565697431564331, 0.19833502173423767, 0.0; Actual Accelerations: 0.0, 0.0, 0.0, 0.0, 0.0, 0.0, 0.0; Commanded Angles: 3.141593, 0.0, -1.570796, 0.0, 0.0, 0.11937247835684013, 0.0; Commanded Speeds: 0.0, 0.0, 0.0, 0.0, 0.0, -0.3490658503988659, 0.0; Commanded Accelerations: 0, 0, 0, 0, 0, 0, 0
275, 48148.909525, Actual Angles: 3.1415927410125732, 0.0, -1.5707963705062866, 0.0, 0.0, 0.13974399864673615, 0.0; Actual Speeds: 0.0, 0.0, 0.0, 0.0, 0.0, -0.3440000116825104, 0.0; Actual Efforts: -6.240135553525761e-05, -15.513422012329102, -12.161064147949219, -0.1836993545293808, -0.5656923651695251, 0.5405409932136536, 0.0; Actual Accelerations: 0.0, 0.0, 0.0, 0.0, 0.0, 0.0, 0.0; Commanded Angles: 3.141593, 0.0, -1.570796, 0.0, 0.0, 0.10823835180498419, 0.0; Commanded Speeds: 0.0, 0.0, 0.0, 0.0, 0.0, -0.3490658503988659, 0.0; Commanded Accelerations: 0, 0, 0, 0, 0, 0, 0
276, 48148.943444, Actual Angles: 3.1415927410125732, 0.0, -1.5707963705062866, 0.0, 0.0, 0.12860800325870514, 0.0; Actual Speeds: 0.0, 0.0, 0.0, 0.0, 0.0, -0.3440000116825104, 0.0; Actual Efforts: -6.954898708499968e-05, -15.513465881347656, -12.161103248596191, -0.1836673617362976, -0.5657004714012146, 0.48932164907455444, 0.0; Actual Accelerations: 0.0, 0.0, 0.0, 0.0, 0.0, 0.0, 0.0; Commanded Angles: 3.141593, 0.0, -1.570796, 0.0, 0.0, 0.09951784735970094, 0.0; Commanded Speeds: 0.0, 0.0, 0.0, 0.0, 0.0, -0.3490658503988659, 0.0; Commanded Accelerations: 0, 0, 0, 0, 0, 0, 0
277, 48148.976857, Actual Angles: 3.1415927410125732, 0.0, -1.5707963705062866, 0.0, 0.0, 0.11747200042009354, 0.0; Actual Speeds: 0.0, 0.0, 0.0, 0.0, 0.0, -0.3440000116825104, 0.0; Actual Efforts: -3.696963904076256e-05, -15.5132417678833, -12.160903930664062, -0.18370883166790009, -0.5656592845916748, 0.41713228821754456, 0.0; Actual Accelerations: 0.0, 0.0, 0.0, 0.0, 0.0, 0.0, 0.0; Commanded Angles: 3.141593, 0.0, -1.570796, 0.0, 0.0, 0.08775996247279076, 0.0; Commanded Speeds: 0.0, 0.0, 0.0, 0.0, 0.0, -0.3490658503988659, 0.0; Commanded Accelerations: 0, 0, 0, 0, 0, 0, 0
278, 48149.010238, Actual Angles: 3.1415927410125732, 0.0, -1.5707963705062866, 0.0, 0.0, 0.10496000200510025, 0.0; Actual Speeds: 0.0, 0.0, 0.0, 0.0, 0.0, -0.3440000116825104, 0.0; Actual Efforts: -3.831424328382127e-05, -15.513230323791504, -12.160893440246582, -0.18369455635547638, -0.5656572580337524, 0.24982209503650665, 0.0; Actual Accelerations: 0.0, 0.0, 0.0, 0.0, 0.0, 0.0, 0.0; Commanded Angles: 3.141593, 0.0, -1.570796, 0.0, 0.0, 0.07487951811312198, 0.0; Commanded Speeds: 0.0, 0.0, 0.0, 0.0, 0.0, -0.3490658503988659, 0.0; Commanded Accelerations: 0, 0, 0, 0, 0, 0, 0
279, 48149.043305, Actual Angles: 3.1415927410125732, 0.0, -1.5707963705062866, 0.0, 0.0, 0.09382399916648865, 0.0; Actual Speeds: 0.0, 0.0, 0.0, 0.0, 0.0, -0.3440000116825104, 0.0; Actual Efforts: -4.527463170234114e-05, -15.51327133178711, -12.160929679870605, -0.18366789817810059, -0.5656646490097046, 0.026741214096546173, 0.0; Actual Accelerations: 0.0, 0.0, 0.0, 0.0, 0.0, 0.0, 0.0; Commanded Angles: 3.141593, 0.0, -1.570796, 0.0, 0.0, 0.06470522805278488, 0.0; Commanded Speeds: 0.0, 0.0, 0.0, 0.0, 0.0, -0.3490658503988659, 0.0; Commanded Accelerations: 0, 0, 0, 0, 0, 0, 0
280, 48149.076359, Actual Angles: 3.1415927410125732, 0.0, -1.5707963705062866, 0.0, 0.0, 0.08268799632787704, 0.0; Actual Speeds: 0.0, 0.0, 0.0, 0.0, 0.0, -0.35199999809265137, 0.0; Actual Efforts: -4.112086389795877e-05, -15.513203620910645, -12.160869598388672, -0.18366967141628265, -0.5656523704528809, 0.42061272263526917, 0.0; Actual Accelerations: 0.0, 0.0, 0.0, 0.0, 0.0, -8.446243719511116, 0.0; Commanded Angles: 3.141593, 0.0, -1.570796, 0.0, 0.0, 0.0548022173126378, 0.0; Commanded Speeds: 0.0, 0.0, 0.0, 0.0, 0.0, -0.3490658503988659, 0.0; Commanded Accelerations: 0, 0, 0, 0, 0, 0, 0
281, 48149.109744, Actual Angles: 3.1415927410125732, 0.0, -1.5707963705062866, 0.0, 0.0, 0.07014399766921997, 0.0; Actual Speeds: 0.0, 0.0, 0.0, 0.0, 0.0, -0.35199999809265137, 0.0; Actual Efforts: -4.762975368066691e-05, -15.513237953186035, -12.160900115966797, -0.18364761769771576, -0.5656585693359375, 0.33860859274864197, 0.0; Actual Accelerations: 0.0, 0.0, 0.0, 0.0, 0.0, 0.0, 0.0; Commanded Angles: 3.141593, 0.0, -1.570796, 0.0, 0.0, 0.04472468271874469, 0.0; Commanded Speeds: 0.0, 0.0, 0.0, 0.0, 0.0, -0.3490658503988659, 0.0; Commanded Accelerations: 0, 0, 0, 0, 0, 0, 0
282, 48149.144121, Actual Angles: 3.1415927410125732, 0.0, -1.5707963705062866, 0.0, 0.0, 0.059007998555898666, 0.0; Actual Speeds: 0.0, 0.0, 0.0, 0.0, 0.0, -0.35199999809265137, 0.0; Actual Efforts: -5.415497435024008e-05, -15.51329517364502, -12.160951614379883, -0.18362106382846832, -0.5656691789627075, 0.04503396525979042, 0.0; Actual Accelerations: 0.0, 0.0, 0.0, 0.0, 0.0, 0.0, 0.0; Commanded Angles: 3.141593, 0.0, -1.570796, 0.0, 0.0, 0.030775345670325593, 0.0; Commanded Speeds: 0.0, 0.0, 0.0, 0.0, 0.0, -0.3490658503988659, 0.0; Commanded Accelerations: 0, 0, 0, 0, 0, 0, 0
283, 48149.176453, Actual Angles: 3.1415927410125732, 0.0, -1.5707963705062866, 0.0, 0.0, 0.04787199944257736, 0.0; Actual Speeds: 0.0, 0.0, 0.0, 0.0, 0.0, -0.35199999809265137, 0.0; Actual Efforts: -5.312468783813529e-05, -15.513252258300781, -12.160913467407227, -0.18362131714820862, -0.5656612515449524, 0.2313508540391922, 0.0; Actual Accelerations: 0.0, 0.0, 0.0, 0.0, 0.0, 0.0, 0.0; Commanded Angles: 3.141593, 0.0, -1.570796, 0.0, 0.0, 0.01988588076865713, 0.0; Commanded Speeds: 0.0, 0.0, 0.0, 0.0, 0.0, -0.3490658503988659, 0.0; Commanded Accelerations: 0, 0, 0, 0, 0, 0, 0
284, 48149.210423, Actual Angles: 3.1415927410125732, 0.0, -1.5707963705062866, 0.0, 0.0, 0.03532800078392029, 0.0; Actual Speeds: 0.0, 0.0, 0.0, 0.0, 0.0, -0.35199999809265137, 0.0; Actual Efforts: -5.6559376389486715e-05, -15.51327133178711, -12.160929679870605, -0.18360799551010132, -0.5656647086143494, 0.11249350011348724, 0.0; Actual Accelerations: 0.0, 0.0, 0.0, 0.0, 0.0, 0.0, 0.0; Commanded Angles: 3.141593, 0.0, -1.570796, 0.0, 0.0, 0.008877179860330384, 0.0; Commanded Speeds: 0.0, 0.0, 0.0, 0.0, 0.0, -0.3490658503988659, 0.0; Commanded Accelerations: 0, 0, 0, 0, 0, 0, 0
285, 48149.243785, Actual Angles: 3.1415927410125732, 0.0, -1.5707963705062866, 0.0, 0.0, 0.024191999807953835, 0.0; Actual Speeds: 0.0, 0.0, 0.0, 0.0, 0.0, -0.35199999809265137, 0.0; Actual Efforts: -5.738796608056873e-05, -15.513246536254883, -12.160908699035645, -0.18360723555088043, -0.5656602382659912, 0.21341507136821747, 0.0; Actual Accelerations: 0.0, 0.0, 0.0, 0.0, 0.0, 0.0, 0.0; Commanded Angles: 3.141593, 0.0, -1.570796, 0.0, 0.0, -0.003472496958358919, 0.0; Commanded Speeds: 0.0, 0.0, 0.0, 0.0, 0.0, -0.3490658503988659, 0.0; Commanded Accelerations: 0, 0, 0, 0, 0, 0, 0
286, 48149.277035, Actual Angles: 3.1415927410125732, 0.0, -1.5707963705062866, 0.0, 0.0, 0.011680000461637974, 0.0; Actual Speeds: 0.0, 0.0, 0.0, 0.0, 0.0, -0.3440000116825104, 0.0; Actual Efforts: -6.792959902668372e-05, -15.513437271118164, -12.161077499389648, -0.18355214595794678, -0.5656951665878296, 0.49066027998924255, 0.0; Actual Accelerations: 0.0, 0.0, 0.0, 0.0, 0.0, 0.0, 0.0; Commanded Angles: 3.141593, 0.0, -1.570796, 0.0, 0.0, -0.005493813728284016, 0.0; Commanded Speeds: 0.0, 0.0, 0.0, 0.0, 0.0, 0.0, 0.0; Commanded Accelerations: 0, 0, 0, 0, 0, 0, 0
287, 48149.310519, Actual Angles: 3.1415927410125732, 0.0, -1.5707963705062866, 0.0, 0.0, 0.0005440000095404685, 0.0; Actual Speeds: 0.0, 0.0, 0.0, 0.0, 0.0, -0.3440000116825104, 0.0; Actual Efforts: -6.920475425431505e-05, -15.513490676879883, -12.161125183105469, -0.1835346668958664, -0.5657051205635071, 0.4710288941860199, 0.0; Actual Accelerations: 0.0, 0.0, 0.0, 0.0, 0.0, 0.0, 0.0; Commanded Angles: 3.141593, 0.0, -1.570796, 0.0, 0.0, -0.005493813728284016, 0.0; Commanded Speeds: 0.0, 0.0, 0.0, 0.0, 0.0, 0.0, 0.0; Commanded Accelerations: 0, 0, 0, 0, 0, 0, 0
288, 48149.344746, Actual Angles: 3.1415927410125732, 0.0, -1.5707963705062866, 0.0, 0.0, -0.005727999843657017, 0.0; Actual Speeds: 0.0, 0.0, 0.0, 0.0, 0.0, -0.00800000037997961, 0.0; Actual Efforts: -6.795096851419657e-05, -15.51381778717041, -12.161416053771973, -0.1834505945444107, -0.5657652020454407, 0.6898225545883179, 0.0; Actual Accelerations: 0.0, 0.0, 0.0, 0.0, 0.0, 0.0, 0.0; Commanded Angles: 3.141593, 0.0, -1.570796, 0.0, 0.0, -0.005493813728284016, 0.0; Commanded Speeds: 0.0, 0.0, 0.0, 0.0, 0.0, 0.0, 0.0; Commanded Accelerations: 0, 0, 0, 0, 0, 0, 0
289, 48149.376573, Actual Angles: 3.1415927410125732, 0.0, -1.5707963705062866, 0.0, 0.0, -0.005024000070989132, 0.0; Actual Speeds: 0.0, 0.0, 0.0, 0.0, 0.0, -0.00800000037997961, 0.0; Actual Efforts: -5.162622619536705e-05, -15.514817237854004, -12.16230583190918, -0.18320222198963165, -0.5659488439559937, 0.9913235306739807, 0.0; Actual Accelerations: 0.0, 0.0, 0.0, 0.0, 0.0, -45.79043106349864, 0.0; Commanded Angles: 3.141593, 0.0, -1.570796, 0.0, 0.0, -0.005493813728284016, 0.0; Commanded Speeds: 0.0, 0.0, 0.0, 0.0, 0.0, 0.0, 0.0; Commanded Accelerations: 0, 0, 0, 0, 0, 0, 0
290, 48149.409952, Actual Angles: 3.1415927410125732, 0.0, -1.5707963705062866, 0.0, 0.0, -0.0050559998489916325, 0.0; Actual Speeds: 0.0, 0.0, 0.0, 0.0, 0.0, -0.00800000037997961, 0.0; Actual Efforts: -1.8797552911564708e-05, -15.515486717224121, -12.162900924682617, -0.18303969502449036, -0.5660718679428101, 0.532462477684021, 0.0; Actual Accelerations: 0.0, 0.0, 0.0, 0.0, 0.0, 0.0, 0.0; Commanded Angles: 3.141593, 0.0, -1.570796, 0.0, 0.0, -0.005493813728284016, 0.0; Commanded Speeds: 0.0, 0.0, 0.0, 0.0, 0.0, 0.0, 0.0; Commanded Accelerations: 0, 0, 0, 0, 0, 0, 0
291, 48149.443853, Actual Angles: 3.1415927410125732, 0.0, -1.5707963705062866, 0.0, 0.0, -0.0050559998489916325, 0.0; Actual Speeds: 0.0, 0.0, 0.0, 0.0, 0.0, -0.00800000037997961, 0.0; Actual Efforts: -2.6237519250571495e-06, -15.514812469482422, -12.162301063537598, -0.18321122229099274, -0.5659478306770325, 0.11715321987867355, 0.0; Actual Accelerations: 0.0, 0.0, 0.0, 0.0, 0.0, 0.0, 0.0; Commanded Angles: 3.141593, 0.0, -1.570796, 0.0, 0.0, -0.005493813728284016, 0.0; Commanded Speeds: 0.0, 0.0, 0.0, 0.0, 0.0, 0.0, 0.0; Commanded Accelerations: 0, 0, 0, 0, 0, 0, 0
292, 48149.477660, Actual Angles: 3.1415927410125732, 0.0, -1.5707963705062866, 0.0, 0.0, -0.005119999870657921, 0.0; Actual Speeds: 0.0, 0.0, 0.0, 0.0, 0.0, -0.01600000075995922, 0.0; Actual Efforts: 8.606065762251092e-07, -15.514118194580078, -12.161683082580566, -0.18338556587696075, -0.5658203363418579, 0.04548674821853638, 0.0; Actual Accelerations: 0.0, 0.0, 0.0, 0.0, 0.0, 0.0, 0.0; Commanded Angles: 3.141593, 0.0, -1.570796, 0.0, 0.0, -0.005493813728284016, 0.0; Commanded Speeds: 0.0, 0.0, 0.0, 0.0, 0.0, 0.0, 0.0; Commanded Accelerations: 0, 0, 0, 0, 0, 0, 0
293, 48149.510900, Actual Angles: 3.1415927410125732, 0.0, -1.5707963705062866, 0.0, 0.0, -0.005119999870657921, 0.0; Actual Speeds: 0.0, 0.0, 0.0, 0.0, 0.0, -0.01600000075995922, 0.0; Actual Efforts: 1.1256977359153097e-06, -15.513836860656738, -12.161433219909668, -0.18345598876476288, -0.5657686591148376, -0.0474102608859539, 0.0; Actual Accelerations: 0.0, 0.0, 0.0, 0.0, 0.0, 0.0, 0.0; Commanded Angles: 3.141593, 0.0, -1.570796, 0.0, 0.0, -0.005493813728284016, 0.0; Commanded Speeds: 0.0, 0.0, 0.0, 0.0, 0.0, 0.0, 0.0; Commanded Accelerations: 0, 0, 0, 0, 0, 0, 0
294, 48149.543729, Actual Angles: 3.1415927410125732, 0.0, -1.5707963705062866, 0.0, 0.0, -0.005119999870657921, 0.0; Actual Speeds: 0.0, 0.0, 0.0, 0.0, 0.0, -0.01600000075995922, 0.0; Actual Efforts: 8.001537139534776e-07, -15.51366901397705, -12.161283493041992, -0.1834980845451355, -0.565737783908844, -0.19901932775974274, 0.0; Actual Accelerations: 0.0, 0.0, 0.0, 0.0, 0.0, 0.0, 0.0; Commanded Angles: 3.141593, 0.0, -1.570796, 0.0, 0.0, -0.005493813728284016, 0.0; Commanded Speeds: 0.0, 0.0, 0.0, 0.0, 0.0, 0.0, 0.0; Commanded Accelerations: 0, 0, 0, 0, 0, 0, 0
295, 48149.577104, Actual Angles: 3.1415927410125732, 0.0, -1.5707963705062866, 0.0, 0.0, -0.005183999892324209, 0.0; Actual Speeds: 0.0, 0.0, 0.0, 0.0, 0.0, -0.01600000075995922, 0.0; Actual Efforts: 4.4534718313116173e-07, -15.513565063476562, -12.161191940307617, -0.18352389335632324, -0.5657188296318054, 0.011315087787806988, 0.0; Actual Accelerations: 0.0, 0.0, 0.0, 0.0, 0.0, 0.0, 0.0; Commanded Angles: 3.141593, 0.0, -1.570796, 0.0, 0.0, -0.005493813728284016, 0.0; Commanded Speeds: 0.0, 0.0, 0.0, 0.0, 0.0, 0.0, 0.0; Commanded Accelerations: 0, 0, 0, 0, 0, 0, 0
296, 48149.610062, Actual Angles: 3.1415927410125732, 0.0, -1.5707963705062866, 0.0, 0.0, -0.005183999892324209, 0.0; Actual Speeds: 0.0, 0.0, 0.0, 0.0, 0.0, -0.01600000075995922, 0.0; Actual Efforts: 2.43655449594371e-07, -15.513517379760742, -12.161149024963379, -0.18353582918643951, -0.5657100081443787, 0.011303115636110306, 0.0; Actual Accelerations: 0.0, 0.0, 0.0, 0.0, 0.0, 0.0, 0.0; Commanded Angles: 3.141593, 0.0, -1.570796, 0.0, 0.0, -0.005493813728284016, 0.0; Commanded Speeds: 0.0, 0.0, 0.0, 0.0, 0.0, 0.0, 0.0; Commanded Accelerations: 0, 0, 0, 0, 0, 0, 0
297, 48149.643391, Actual Angles: 3.1415927410125732, 0.0, -1.5707963705062866, 0.0, 0.0, -0.005183999892324209, 0.0; Actual Speeds: 0.0, 0.0, 0.0, 0.0, 0.0, -0.01600000075995922, 0.0; Actual Efforts: 1.2511907243606402e-07, -15.5134916305542, -12.161126136779785, -0.18354228138923645, -0.5657052993774414, 0.01129664946347475, 0.0; Actual Accelerations: 0.0, 0.0, 0.0, 0.0, 0.0, 0.0, 0.0; Commanded Angles: 3.141593, 0.0, -1.570796, 0.0, 0.0, -0.005493813728284016, 0.0; Commanded Speeds: 0.0, 0.0, 0.0, 0.0, 0.0, 0.0, 0.0; Commanded Accelerations: 0, 0, 0, 0, 0, 0, 0
298, 48149.677520, Actual Angles: 3.1415927410125732, 0.0, -1.5707963705062866, 0.0, 0.0, -0.005216000135987997, 0.0; Actual Speeds: 0.0, 0.0, 0.0, 0.0, 0.0, -0.00800000037997961, 0.0; Actual Efforts: 8.074482593656285e-08, -15.513482093811035, -12.161117553710938, -0.18354466557502747, -0.5657035112380981, 0.011294253170490265, 0.0; Actual Accelerations: 0.0, 0.0, 0.0, 0.0, 0.0, 0.0, 0.0; Commanded Angles: 3.141593, 0.0, -1.570796, 0.0, 0.0, -0.005493813728284016, 0.0; Commanded Speeds: 0.0, 0.0, 0.0, 0.0, 0.0, 0.0, 0.0; Commanded Accelerations: 0, 0, 0, 0, 0, 0, 0
299, 48149.711311, Actual Angles: 3.1415927410125732, 0.0, -1.5707963705062866, 0.0, 0.0, -0.005216000135987997, 0.0; Actual Speeds: 0.0, 0.0, 0.0, 0.0, 0.0, -0.00800000037997961, 0.0; Actual Efforts: 2.846127067357429e-08, -15.513471603393555, -12.161108016967773, -0.18354728817939758, -0.5657016038894653, 0.011291618458926678, 0.0; Actual Accelerations: 0.0, 0.0, 0.0, 0.0, 0.0, 0.0, 0.0; Commanded Angles: 3.141593, 0.0, -1.570796, 0.0, 0.0, -0.005493813728284016, 0.0; Commanded Speeds: 0.0, 0.0, 0.0, 0.0, 0.0, 0.0, 0.0; Commanded Accelerations: 0, 0, 0, 0, 0, 0, 0
300, 48149.744503, Actual Angles: 3.1415927410125732, 0.0, -1.5707963705062866, 0.0, 0.0, -0.005216000135987997, 0.0; Actual Speeds: 0.0, 0.0, 0.0, 0.0, 0.0, 0.00800000037997961, 0.0; Actual Efforts: 2.4008594223801083e-08, -15.513470649719238, -12.161107063293457, -0.18354752659797668, -0.565701425075531, 0.011291377246379852, 0.0; Actual Accelerations: 0.0, 0.0, 0.0, 0.0, 0.0, 47.96565948285847, 0.0; Commanded Angles: 3.141593, 0.0, -1.570796, 0.0, 0.0, -0.005493813728284016, 0.0; Commanded Speeds: 0.0, 0.0, 0.0, 0.0, 0.0, 0.0, 0.0; Commanded Accelerations: 0, 0, 0, 0, 0, 0, 0
301, 48149.778142, Actual Angles: 3.1415927410125732, 0.0, -1.5707963705062866, 0.0, 0.0, -0.005183999892324209, 0.0; Actual Speeds: 0.0, 0.0, 0.0, 0.0, 0.0, 0.00800000037997961, 0.0; Actual Efforts: 1.9407449869390803e-08, -15.513469696044922, -12.161107063293457, -0.18354777991771698, -0.5657012462615967, 0.011291136965155602, 0.0; Actual Accelerations: 0.0, 0.0, 0.0, 0.0, 0.0, 0.0, 0.0; Commanded Angles: 3.141593, 0.0, -1.570796, 0.0, 0.0, -0.005493813728284016, 0.0; Commanded Speeds: 0.0, 0.0, 0.0, 0.0, 0.0, 0.0, 0.0; Commanded Accelerations: 0, 0, 0, 0, 0, 0, 0
302, 48149.811453, Actual Angles: 3.1415927410125732, 0.0, -1.5707963705062866, 0.0, 0.0, -0.005183999892324209, 0.0; Actual Speeds: 0.0, 0.0, 0.0, 0.0, 0.0, 0.01600000075995922, 0.0; Actual Efforts: 1.962582985015615e-08, -15.513469696044922, -12.161107063293457, -0.18354777991771698, -0.5657012462615967, 0.011291136965155602, 0.0; Actual Accelerations: 0.0, 0.0, 0.0, 0.0, 0.0, 26.650766706174988, 0.0; Commanded Angles: 3.141593, 0.0, -1.570796, 0.0, 0.0, -0.005493813728284016, 0.0; Commanded Speeds: 0.0, 0.0, 0.0, 0.0, 0.0, 0.0, 0.0; Commanded Accelerations: 0, 0, 0, 0, 0, 0, 0
303, 48149.845297, Actual Angles: 3.1415927410125732, 0.0, -1.5707963705062866, 0.0, 0.0, -0.005119999870657921, 0.0; Actual Speeds: 0.0, 0.0, 0.0, 0.0, 0.0, 0.01600000075995922, 0.0; Actual Efforts: 9.842504589130385e-09, -15.513467788696289, -12.161105155944824, -0.18354825675487518, -0.565700888633728, 0.01129065826535225, 0.0; Actual Accelerations: 0.0, 0.0, 0.0, 0.0, 0.0, 0.0, 0.0; Commanded Angles: 3.141593, 0.0, -1.570796, 0.0, 0.0, -0.005493813728284016, 0.0; Commanded Speeds: 0.0, 0.0, 0.0, 0.0, 0.0, 0.0, 0.0; Commanded Accelerations: 0, 0, 0, 0, 0, 0, 0
304, 48149.879326, Actual Angles: 3.1415927410125732, 0.0, -1.5707963705062866, 0.0, 0.0, -0.005119999870657921, 0.0; Actual Speeds: 0.0, 0.0, 0.0, 0.0, 0.0, 0.01600000075995922, 0.0; Actual Efforts: -5.889074384396453e-12, -15.513465881347656, -12.161103248596191, -0.1835487335920334, -0.5657005310058594, 0.011290179565548897, 0.0; Actual Accelerations: 0.0, 0.0, 0.0, 0.0, 0.0, 0.0, 0.0; Commanded Angles: 3.141593, 0.0, -1.570796, 0.0, 0.0, -0.005493813728284016, 0.0; Commanded Speeds: 0.0, 0.0, 0.0, 0.0, 0.0, 0.0, 0.0; Commanded Accelerations: 0, 0, 0, 0, 0, 0, 0
305, 48149.912163, Actual Angles: 3.1415927410125732, 0.0, -1.5707963705062866, 0.0, 0.0, -0.005119999870657921, 0.0; Actual Speeds: 0.0, 0.0, 0.0, 0.0, 0.0, 0.01600000075995922, 0.0; Actual Efforts: 4.9275379332414104e-09, -15.513466835021973, -12.161104202270508, -0.18354849517345428, -0.5657007098197937, 0.011290417984127998, 0.0; Actual Accelerations: 0.0, 0.0, 0.0, 0.0, 0.0, 0.0, 0.0; Commanded Angles: 3.141593, 0.0, -1.570796, 0.0, 0.0, -0.005493813728284016, 0.0; Commanded Speeds: 0.0, 0.0, 0.0, 0.0, 0.0, 0.0, 0.0; Commanded Accelerations: 0, 0, 0, 0, 0, 0, 0
306, 48149.946631, Actual Angles: 3.1415927410125732, 0.0, -1.5707963705062866, 0.0, 0.0, -0.0050559998489916325, 0.0; Actual Speeds: 0.0, 0.0, 0.0, 0.0, 0.0, 0.01600000075995922, 0.0; Actual Efforts: 9.860309901910114e-09, -15.513467788696289, -12.161105155944824, -0.18354825675487518, -0.565700888633728, 0.011290657334029675, 0.0; Actual Accelerations: 0.0, 0.0, 0.0, 0.0, 0.0, 0.0, 0.0; Commanded Angles: 3.141593, 0.0, -1.570796, 0.0, 0.0, -0.005493813728284016, 0.0; Commanded Speeds: 0.0, 0.0, 0.0, 0.0, 0.0, 0.0, 0.0; Commanded Accelerations: 0, 0, 0, 0, 0, 0, 0
307, 48149.980854, Actual Angles: 3.1415927410125732, 0.0, -1.5707963705062866, 0.0, 0.0, -0.0050559998489916325, 0.0; Actual Speeds: 0.0, 0.0, 0.0, 0.0, 0.0, 0.00800000037997961, 0.0; Actual Efforts: 2.4656798751723254e-15, -15.513465881347656, -12.161103248596191, -0.1835487335920334, -0.5657005310058594, 0.011290178634226322, 0.0; Actual Accelerations: 0.0, 0.0, 0.0, 0.0, 0.0, 0.0, 0.0; Commanded Angles: 3.141593, 0.0, -1.570796, 0.0, 0.0, -0.005493813728284016, 0.0; Commanded Speeds: 0.0, 0.0, 0.0, 0.0, 0.0, 0.0, 0.0; Commanded Accelerations: 0, 0, 0, 0, 0, 0, 0
308, 48150.013167, Actual Angles: 3.1415927410125732, 0.0, -1.5707963705062866, 0.0, 0.0, -0.005024000070989132, 0.0; Actual Speeds: 0.0, 0.0, 0.0, 0.0, 0.0, 0.00800000037997961, 0.0; Actual Efforts: 2.4656798751723254e-15, -15.513465881347656, -12.161103248596191, -0.1835487335920334, -0.5657005310058594, 0.011290178634226322, 0.0; Actual Accelerations: 0.0, 0.0, 0.0, 0.0, 0.0, 0.0, 0.0; Commanded Angles: 3.141593, 0.0, -1.570796, 0.0, 0.0, -0.005493813728284016, 0.0; Commanded Speeds: 0.0, 0.0, 0.0, 0.0, 0.0, 0.0, 0.0; Commanded Accelerations: 0, 0, 0, 0, 0, 0, 0
309, 48150.046801, Actual Angles: 3.1415927410125732, 0.0, -1.5707963705062866, 0.0, 0.0, -0.005024000070989132, 0.0; Actual Speeds: 0.0, 0.0, 0.0, 0.0, 0.0, 0.00800000037997961, 0.0; Actual Efforts: 7.465211092494428e-05, -15.513476371765137, -12.161111831665039, -0.18356479704380035, -0.5656998753547668, 0.01128994021564722, 0.0; Actual Accelerations: 0.0, 0.0, 0.0, 0.0, 0.0, 0.0, 0.0; Commanded Angles: 3.141593, 0.0, -1.570796, 0.0, 0.0, -0.005493813728284016, 0.0; Commanded Speeds: 0.0, 0.0, 0.0, 0.0, 0.0, 0.0, 0.0; Commanded Accelerations: 0, 0, 0, 0, 0, 0, 0
310, 48150.080117, Actual Angles: 3.1415927410125732, 0.0, -1.5707963705062866, 0.0, 0.0, -0.005024000070989132, 0.0; Actual Speeds: 0.0, 0.0, 0.0, 0.0, 0.0, 0.00800000037997961, 0.0; Actual Efforts: 7.343175546792313e-12, -15.513465881347656, -12.161103248596191, -0.18354682624340057, -0.5657005310058594, 0.011290178634226322, 0.0; Actual Accelerations: 0.0, 0.0, 0.0, 0.0, 0.0, 0.0, 0.0; Commanded Angles: 3.141593, 0.0, -1.570796, 0.0, 0.0, -0.005493813728284016, 0.0; Commanded Speeds: 0.0, 0.0, 0.0, 0.0, 0.0, 0.0, 0.0; Commanded Accelerations: 0, 0, 0, 0, 0, 0, 0
311, 48150.114077, Actual Angles: 3.1415927410125732, 0.0, -1.5707963705062866, 0.0, 0.0, -0.0050559998489916325, 0.0; Actual Speeds: 0.0, 0.0, 0.0, 0.0, 0.0, -0.00800000037997961, 0.0; Actual Efforts: 2.46630159735561e-15, -15.513465881347656, -12.161103248596191, -0.18354682624340057, -0.5657005310058594, 0.011290178634226322, 0.0; Actual Accelerations: 0.0, 0.0, 0.0, 0.0, 0.0, 0.0, 0.0; Commanded Angles: 3.141593, 0.0, -1.570796, 0.0, 0.0, -0.005493813728284016, 0.0; Commanded Speeds: 0.0, 0.0, 0.0, 0.0, 0.0, 0.0, 0.0; Commanded Accelerations: 0, 0, 0, 0, 0, 0, 0
312, 48150.148072, Actual Angles: 3.1415927410125732, 0.0, -1.5707963705062866, 0.0, 0.0, -0.0050559998489916325, 0.0; Actual Speeds: 0.0, 0.0, 0.0, 0.0, 0.0, -0.00800000037997961, 0.0; Actual Efforts: 2.46630159735561e-15, -15.513465881347656, -12.161103248596191, -0.18354682624340057, -0.5657005310058594, 0.011290178634226322, 0.0; Actual Accelerations: 0.0, 0.0, 0.0, 0.0, 0.0, 0.0, 0.0; Commanded Angles: 3.141593, 0.0, -1.570796, 0.0, 0.0, -0.005493813728284016, 0.0; Commanded Speeds: 0.0, 0.0, 0.0, 0.0, 0.0, 0.0, 0.0; Commanded Accelerations: 0, 0, 0, 0, 0, 0, 0
313, 48150.181264, Actual Angles: 3.1415927410125732, 0.0, -1.5707963705062866, 0.0, 0.0, -0.005119999870657921, 0.0; Actual Speeds: 0.0, 0.0, 0.0, 0.0, 0.0, -0.01600000075995922, 0.0; Actual Efforts: 2.46630159735561e-15, -15.513465881347656, -12.161103248596191, -0.18354682624340057, -0.5657005310058594, 0.011290178634226322, 0.0; Actual Accelerations: 0.0, 0.0, 0.0, 0.0, 0.0, 0.0, 0.0; Commanded Angles: 3.141593, 0.0, -1.570796, 0.0, 0.0, -0.005493813728284016, 0.0; Commanded Speeds: 0.0, 0.0, 0.0, 0.0, 0.0, 0.0, 0.0; Commanded Accelerations: 0, 0, 0, 0, 0, 0, 0
314, 48150.215280, Actual Angles: 3.1415927410125732, 0.0, -1.5707963705062866, 0.0, 0.0, -0.005119999870657921, 0.0; Actual Speeds: 0.0, 0.0, 0.0, 0.0, 0.0, -0.01600000075995922, 0.0; Actual Efforts: 2.46630159735561e-15, -15.513465881347656, -12.161103248596191, -0.18354682624340057, -0.5657005310058594, 0.011290178634226322, 0.0; Actual Accelerations: 0.0, 0.0, 0.0, 0.0, 0.0, 0.0, 0.0; Commanded Angles: 3.141593, 0.0, -1.570796, 0.0, 0.0, -0.005493813728284016, 0.0; Commanded Speeds: 0.0, 0.0, 0.0, 0.0, 0.0, 0.0, 0.0; Commanded Accelerations: 0, 0, 0, 0, 0, 0, 0
315, 48150.248605, Actual Angles: 3.1415927410125732, 0.0, -1.5707963705062866, 0.0, 0.0, -0.005119999870657921, 0.0; Actual Speeds: 0.0, 0.0, 0.0, 0.0, 0.0, -0.01600000075995922, 0.0; Actual Efforts: 2.46630159735561e-15, -15.513465881347656, -12.161103248596191, -0.18354682624340057, -0.5657005310058594, 0.011290178634226322, 0.0; Actual Accelerations: 0.0, 0.0, 0.0, 0.0, 0.0, 0.0, 0.0; Commanded Angles: 3.141593, 0.0, -1.570796, 0.0, 0.0, -0.005493813728284016, 0.0; Commanded Speeds: 0.0, 0.0, 0.0, 0.0, 0.0, 0.0, 0.0; Commanded Accelerations: 0, 0, 0, 0, 0, 0, 0
316, 48150.282047, Actual Angles: 3.1415927410125732, 0.0, -1.5707963705062866, 0.0, 0.0, -0.005183999892324209, 0.0; Actual Speeds: 0.0, 0.0, 0.0, 0.0, 0.0, -0.01600000075995922, 0.0; Actual Efforts: 2.46630159735561e-15, -15.513465881347656, -12.161103248596191, -0.18354682624340057, -0.5657005310058594, 0.011290178634226322, 0.0; Actual Accelerations: 0.0, 0.0, 0.0, 0.0, 0.0, 0.0, 0.0; Commanded Angles: 3.141593, 0.0, -1.570796, 0.0, 0.0, -0.01631506906875047, 0.0; Commanded Speeds: 0.0, 0.0, 0.0, 0.0, 0.0, -0.3490658503988659, 0.0; Commanded Accelerations: 0, 0, 0, 0, 0, 0, 0
317, 48150.315627, Actual Angles: 3.1415927410125732, 0.0, -1.5707963705062866, 0.0, 0.0, -0.005439999978989363, 0.0; Actual Speeds: 0.0, 0.0, 0.0, 0.0, 0.0, -0.06400000303983688, 0.0; Actual Efforts: 2.46630159735561e-15, -15.513465881347656, -12.161103248596191, -0.18354682624340057, -0.5657005310058594, 0.011290178634226322, 0.0; Actual Accelerations: 0.0, 0.0, 0.0, 0.0, 0.0, 0.0, 0.0; Commanded Angles: 3.141593, 0.0, -1.570796, 0.0, 0.0, -0.02790095280509051, 0.0; Commanded Speeds: 0.0, 0.0, 0.0, 0.0, 0.0, -0.3490658503988659, 0.0; Commanded Accelerations: 0, 0, 0, 0, 0, 0, 0
318, 48150.349657, Actual Angles: 3.1415927410125732, 0.0, -1.5707963705062866, 0.0, 0.0, -0.015200000256299973, 0.0; Actual Speeds: 0.0, 0.0, 0.0, 0.0, 0.0, -0.37599998712539673, 0.0; Actual Efforts: -1.7754225609678542e-06, -15.513169288635254, -12.160839080810547, -0.18362100422382355, -0.5656459331512451, -0.8720993399620056, 0.0; Actual Accelerations: 0.0, 0.0, 0.0, 0.0, 0.0, 0.0, 0.0; Commanded Angles: 3.141593, 0.0, -1.570796, 0.0, 0.0, -0.04057421366489363, 0.0; Commanded Speeds: 0.0, 0.0, 0.0, 0.0, 0.0, -0.3490658503988659, 0.0; Commanded Accelerations: 0, 0, 0, 0, 0, 0, 0
319, 48150.382965, Actual Angles: 3.1415927410125732, 0.0, -1.5707963705062866, 0.0, 0.0, -0.026528000831604004, 0.0; Actual Speeds: 0.0, 0.0, 0.0, 0.0, 0.0, -0.3440000116825104, 0.0; Actual Efforts: -1.9424594938755035e-05, -15.511942863464355, -12.159747123718262, -0.18392567336559296, -0.5654205679893494, -0.5218418836593628, 0.0; Actual Accelerations: 0.0, 0.0, 0.0, 0.0, 0.0, 0.0, 0.0; Commanded Angles: 3.141593, 0.0, -1.570796, 0.0, 0.0, -0.05295835968825253, 0.0; Commanded Speeds: 0.0, 0.0, 0.0, 0.0, 0.0, -0.3490658503988659, 0.0; Commanded Accelerations: 0, 0, 0, 0, 0, 0, 0
320, 48150.417639, Actual Angles: 3.1415927410125732, 0.0, -1.5707963705062866, 0.0, 0.0, -0.03903999924659729, 0.0; Actual Speeds: 0.0, 0.0, 0.0, 0.0, 0.0, -0.3440000116825104, 0.0; Actual Efforts: -5.352782682166435e-05, -15.511822700500488, -12.15964126586914, -0.18395183980464935, -0.5653985142707825, -0.0114901727065444, 0.0; Actual Accelerations: 0.0, 0.0, 0.0, 0.0, 0.0, 0.0, 0.0; Commanded Angles: 3.141593, 0.0, -1.570796, 0.0, 0.0, -0.06508869923352113, 0.0; Commanded Speeds: 0.0, 0.0, 0.0, 0.0, 0.0, -0.3490658503988659, 0.0; Commanded Accelerations: 0, 0, 0, 0, 0, 0, 0
321, 48150.450087, Actual Angles: 3.1415927410125732, 0.0, -1.5707963705062866, 0.0, 0.0, -0.050175998359918594, 0.0; Actual Speeds: 0.0, 0.0, 0.0, 0.0, 0.0, -0.3440000116825104, 0.0; Actual Efforts: -6.186062819324434e-05, -15.51266098022461, -12.16038703918457, -0.18374325335025787, -0.5655525326728821, -0.1885097622871399, 0.0; Actual Accelerations: 0.0, 0.0, 0.0, 0.0, 0.0, 0.0, 0.0; Commanded Angles: 3.141593, 0.0, -1.570796, 0.0, 0.0, -0.07456670310471188, 0.0; Commanded Speeds: 0.0, 0.0, 0.0, 0.0, 0.0, -0.3490658503988659, 0.0; Commanded Accelerations: 0, 0, 0, 0, 0, 0, 0
322, 48150.483485, Actual Angles: 3.1415927410125732, 0.0, -1.5707963705062866, 0.0, 0.0, -0.0613120011985302, 0.0; Actual Speeds: 0.0, 0.0, 0.0, 0.0, 0.0, -0.3440000116825104, 0.0; Actual Efforts: -6.298131484072655e-05, -15.513134002685547, -12.160807609558105, -0.18362857401371002, -0.5656394362449646, 0.05278361588716507, 0.0; Actual Accelerations: 0.0, 0.0, 0.0, 0.0, 0.0, 0.0, 0.0; Commanded Angles: 3.141593, 0.0, -1.570796, 0.0, 0.0, -0.08690305398419537, 0.0; Commanded Speeds: 0.0, 0.0, 0.0, 0.0, 0.0, -0.3490658503988659, 0.0; Commanded Accelerations: 0, 0, 0, 0, 0, 0, 0
323, 48150.517211, Actual Angles: 3.1415927410125732, 0.0, -1.5707963705062866, 0.0, 0.0, -0.07385600358247757, 0.0; Actual Speeds: 0.0, 0.0, 0.0, 0.0, 0.0, -0.35199999809265137, 0.0; Actual Efforts: -7.466713577741757e-05, -15.51318073272705, -12.160849571228027, -0.1836213320493698, -0.5656481385231018, 0.24499765038490295, 0.0; Actual Accelerations: 0.0, 0.0, 0.0, 0.0, 0.0, 0.0, 0.0; Commanded Angles: 3.141593, 0.0, -1.570796, 0.0, 0.0, -0.09968381875053911, 0.0; Commanded Speeds: 0.0, 0.0, 0.0, 0.0, 0.0, -0.3490658503988659, 0.0; Commanded Accelerations: 0, 0, 0, 0, 0, 0, 0
324, 48150.550834, Actual Angles: 3.1415927410125732, 0.0, -1.5707963705062866, 0.0, 0.0, -0.08499199897050858, 0.0; Actual Speeds: 0.0, 0.0, 0.0, 0.0, 0.0, -0.35199999809265137, 0.0; Actual Efforts: -7.383342745015398e-05, -15.513303756713867, -12.160959243774414, -0.183597594499588, -0.5656707286834717, 0.015316478908061981, 0.0; Actual Accelerations: 0.0, 0.0, 0.0, 0.0, 0.0, 0.0, 0.0; Commanded Angles: 3.141593, 0.0, -1.570796, 0.0, 0.0, -0.11205928315767066, 0.0; Commanded Speeds: 0.0, 0.0, 0.0, 0.0, 0.0, -0.3490658503988659, 0.0; Commanded Accelerations: 0, 0, 0, 0, 0, 0, 0
325, 48150.584931, Actual Angles: 3.1415927410125732, 0.0, -1.5707963705062866, 0.0, 0.0, -0.09753599762916565, 0.0; Actual Speeds: 0.0, 0.0, 0.0, 0.0, 0.0, -0.35199999809265137, 0.0; Actual Efforts: -7.402171468129382e-05, -15.513360977172852, -12.161009788513184, -0.18359273672103882, -0.5656812787055969, 0.031201500445604324, 0.0; Actual Accelerations: 0.0, 0.0, 0.0, 0.0, 0.0, 0.0, 0.0; Commanded Angles: 3.141593, 0.0, -1.570796, 0.0, 0.0, -0.12277947764854709, 0.0; Commanded Speeds: 0.0, 0.0, 0.0, 0.0, 0.0, -0.3490658503988659, 0.0; Commanded Accelerations: 0, 0, 0, 0, 0, 0, 0
326, 48150.617806, Actual Angles: 3.1415927410125732, 0.0, -1.5707963705062866, 0.0, 0.0, -0.10867200046777725, 0.0; Actual Speeds: 0.0, 0.0, 0.0, 0.0, 0.0, -0.35199999809265137, 0.0; Actual Efforts: -7.503649976570159e-05, -15.513382911682129, -12.161029815673828, -0.1835971623659134, -0.5656853318214417, 0.2964901030063629, 0.0; Actual Accelerations: 0.0, 0.0, 0.0, 0.0, 0.0, 0.0, 0.0; Commanded Angles: 3.141593, 0.0, -1.570796, 0.0, 0.0, -0.1331621174363754, 0.0; Commanded Speeds: 0.0, 0.0, 0.0, 0.0, 0.0, -0.3490658503988659, 0.0; Commanded Accelerations: 0, 0, 0, 0, 0, 0, 0
327, 48150.652248, Actual Angles: 3.1415927410125732, 0.0, -1.5707963705062866, 0.0, 0.0, -0.11980800330638885, 0.0; Actual Speeds: 0.0, 0.0, 0.0, 0.0, 0.0, -0.35199999809265137, 0.0; Actual Efforts: -6.938423030078411e-05, -15.513456344604492, -12.161094665527344, -0.1835910826921463, -0.5656987428665161, 0.2818562686443329, 0.0; Actual Accelerations: 0.0, 0.0, 0.0, 0.0, 0.0, 0.0, 0.0; Commanded Angles: 3.141593, 0.0, -1.570796, 0.0, 0.0, -0.1446329284734438, 0.0; Commanded Speeds: 0.0, 0.0, 0.0, 0.0, 0.0, -0.3490658503988659, 0.0; Commanded Accelerations: 0, 0, 0, 0, 0, 0, 0
328, 48150.685486, Actual Angles: 3.1415927410125732, 0.0, -1.5707963705062866, 0.0, 0.0, -0.13232000172138214, 0.0; Actual Speeds: 0.0, 0.0, 0.0, 0.0, 0.0, -0.3440000116825104, 0.0; Actual Efforts: -6.730781751684844e-05, -15.51347541809082, -12.161111831665039, -0.18360108137130737, -0.5657022595405579, 0.127662792801857, 0.0; Actual Accelerations: 0.0, 0.0, 0.0, 0.0, 0.0, 0.0, 0.0; Commanded Angles: 3.141593, 0.0, -1.570796, 0.0, 0.0, -0.15684772415125242, 0.0; Commanded Speeds: 0.0, 0.0, 0.0, 0.0, 0.0, -0.3490658503988659, 0.0; Commanded Accelerations: 0, 0, 0, 0, 0, 0, 0
329, 48150.720154, Actual Angles: 3.1415927410125732, 0.0, -1.5707963705062866, 0.0, 0.0, -0.14345599710941315, 0.0; Actual Speeds: 0.0, 0.0, 0.0, 0.0, 0.0, -0.3440000116825104, 0.0; Actual Efforts: -6.770020263502374e-05, -15.513473510742188, -12.161109924316406, -0.18361595273017883, -0.5657018423080444, 0.04396306350827217, 0.0; Actual Accelerations: 0.0, 0.0, 0.0, 0.0, 0.0, 0.0, 0.0; Commanded Angles: 3.141593, 0.0, -1.570796, 0.0, 0.0, -0.17203281749419877, 0.0; Commanded Speeds: 0.0, 0.0, 0.0, 0.0, 0.0, -0.3490658503988659, 0.0; Commanded Accelerations: 0, 0, 0, 0, 0, 0, 0
330, 48150.752835, Actual Angles: 3.1415927410125732, 0.0, -1.5707963705062866, 0.0, 0.0, -0.15459200739860535, 0.0; Actual Speeds: 0.0, 0.0, 0.0, 0.0, 0.0, -0.3440000116825104, 0.0; Actual Efforts: -9.288961882703006e-05, -15.51328182220459, -12.16093921661377, -0.18367809057235718, -0.565666675567627, -0.04161073639988899, 0.0; Actual Accelerations: 0.0, 0.0, 0.0, 0.0, 0.0, 0.0, 0.0; Commanded Angles: 3.141593, 0.0, -1.570796, 0.0, 0.0, -0.18153984165229617, 0.0; Commanded Speeds: 0.0, 0.0, 0.0, 0.0, 0.0, -0.3490658503988659, 0.0; Commanded Accelerations: 0, 0, 0, 0, 0, 0, 0
331, 48150.785641, Actual Angles: 3.1415927410125732, 0.0, -1.5707963705062866, 0.0, 0.0, -0.16710400581359863, 0.0; Actual Speeds: 0.0, 0.0, 0.0, 0.0, 0.0, -0.3440000116825104, 0.0; Actual Efforts: -6.905557529535145e-05, -15.51346492767334, -12.161102294921875, -0.1836528182029724, -0.5657004117965698, 0.028258321806788445, 0.0; Actual Accelerations: 0.0, 0.0, 0.0, 0.0, 0.0, 0.0, 0.0; Commanded Angles: 3.141593, 0.0, -1.570796, 0.0, 0.0, -0.19258885896758218, 0.0; Commanded Speeds: 0.0, 0.0, 0.0, 0.0, 0.0, -0.3490658503988659, 0.0; Commanded Accelerations: 0, 0, 0, 0, 0, 0, 0
332, 48150.819453, Actual Angles: 3.1415927410125732, 0.0, -1.5707963705062866, 0.0, 0.0, -0.17824000120162964, 0.0; Actual Speeds: 0.0, 0.0, 0.0, 0.0, 0.0, -0.3440000116825104, 0.0; Actual Efforts: -0.00010136509808944538, -15.513259887695312, -12.160920143127441, -0.1837185174226761, -0.5656627416610718, -0.019748318940401077, 0.0; Actual Accelerations: 0.0, 0.0, 0.0, 0.0, 0.0, 0.0, 0.0; Commanded Angles: 3.141593, 0.0, -1.570796, 0.0, 0.0, -0.20420195901981325, 0.0; Commanded Speeds: 0.0, 0.0, 0.0, 0.0, 0.0, -0.3490658503988659, 0.0; Commanded Accelerations: 0, 0, 0, 0, 0, 0, 0
333, 48150.853024, Actual Angles: 3.1415927410125732, 0.0, -1.5707963705062866, 0.0, 0.0, -0.1907840073108673, 0.0; Actual Speeds: 0.0, 0.0, 0.0, 0.0, 0.0, -0.35199999809265137, 0.0; Actual Efforts: -9.565001528244466e-05, -15.513307571411133, -12.160962104797363, -0.18373005092144012, -0.565671443939209, -0.10808861255645752, 0.0; Actual Accelerations: 0.0, 0.0, 0.0, 0.0, 0.0, 0.0, 0.0; Commanded Angles: 3.141593, 0.0, -1.570796, 0.0, 0.0, -0.21585180348767605, 0.0; Commanded Speeds: 0.0, 0.0, 0.0, 0.0, 0.0, -0.3490658503988659, 0.0; Commanded Accelerations: 0, 0, 0, 0, 0, 0, 0
334, 48150.887516, Actual Angles: 3.1415927410125732, 0.0, -1.5707963705062866, 0.0, 0.0, -0.20192000269889832, 0.0; Actual Speeds: 0.0, 0.0, 0.0, 0.0, 0.0, -0.35199999809265137, 0.0; Actual Efforts: -0.00010877948079723865, -15.5132474899292, -12.160908699035645, -0.18376512825489044, -0.5656604170799255, 0.21680626273155212, 0.0; Actual Accelerations: 0.0, 0.0, 0.0, 0.0, 0.0, 0.0, 0.0; Commanded Angles: 3.141593, 0.0, -1.570796, 0.0, 0.0, -0.2280897013925471, 0.0; Commanded Speeds: 0.0, 0.0, 0.0, 0.0, 0.0, -0.3490658503988659, 0.0; Commanded Accelerations: 0, 0, 0, 0, 0, 0, 0
335, 48150.920522, Actual Angles: 3.1415927410125732, 0.0, -1.5707963705062866, 0.0, 0.0, -0.21305599808692932, 0.0; Actual Speeds: 0.0, 0.0, 0.0, 0.0, 0.0, -0.35199999809265137, 0.0; Actual Efforts: -0.00010523170931264758, -15.513280868530273, -12.160938262939453, -0.18378318846225739, -0.5656665563583374, -0.0044897859916090965, 0.0; Actual Accelerations: 0.0, 0.0, 0.0, 0.0, 0.0, 0.0, 0.0; Commanded Angles: 3.141593, 0.0, -1.570796, 0.0, 0.0, -0.2387271376070028, 0.0; Commanded Speeds: 0.0, 0.0, 0.0, 0.0, 0.0, -0.3490658503988659, 0.0; Commanded Accelerations: 0, 0, 0, 0, 0, 0, 0
336, 48150.954154, Actual Angles: 3.1415927410125732, 0.0, -1.5707963705062866, 0.0, 0.0, -0.225600004196167, 0.0; Actual Speeds: 0.0, 0.0, 0.0, 0.0, 0.0, -0.35199999809265137, 0.0; Actual Efforts: -0.00010723200102802366, -15.513279914855957, -12.160937309265137, -0.18380770087242126, -0.5656663775444031, 0.009519362822175026, 0.0; Actual Accelerations: 0.0, 0.0, 0.0, 0.0, 0.0, 0.0, 0.0; Commanded Angles: 3.141593, 0.0, -1.570796, 0.0, 0.0, -0.25041433456408013, 0.0; Commanded Speeds: 0.0, 0.0, 0.0, 0.0, 0.0, -0.3490658503988659, 0.0; Commanded Accelerations: 0, 0, 0, 0, 0, 0, 0
337, 48150.988675, Actual Angles: 3.1415927410125732, 0.0, -1.5707963705062866, 0.0, 0.0, -0.236735999584198, 0.0; Actual Speeds: 0.0, 0.0, 0.0, 0.0, 0.0, -0.3440000116825104, 0.0; Actual Efforts: -7.306048792088404e-05, -15.513453483581543, -12.161091804504395, -0.18379813432693481, -0.5656982660293579, 0.38759687542915344, 0.0; Actual Accelerations: 0.0, 0.0, 0.0, 0.0, 0.0, 22.060164748141567, 0.0; Commanded Angles: 3.141593, 0.0, -1.570796, 0.0, 0.0, -0.2659228339267567, 0.0; Commanded Speeds: 0.0, 0.0, 0.0, 0.0, 0.0, -0.3490658503988659, 0.0; Commanded Accelerations: 0, 0, 0, 0, 0, 0, 0
338, 48151.021693, Actual Angles: 3.1415927410125732, 0.0, -1.5707963705062866, 0.0, 0.0, -0.24924799799919128, 0.0; Actual Speeds: 0.0, 0.0, 0.0, 0.0, 0.0, -0.3440000116825104, 0.0; Actual Efforts: -6.290319288382307e-05, -15.51349925994873, -12.1611328125, -0.18381553888320923, -0.5657066106796265, 0.20056606829166412, 0.0; Actual Accelerations: 0.0, 0.0, 0.0, 0.0, 0.0, 0.0, 0.0; Commanded Angles: 3.141593, 0.0, -1.570796, 0.0, 0.0, -0.2769147007853065, 0.0; Commanded Speeds: 0.0, 0.0, 0.0, 0.0, 0.0, -0.3490658503988659, 0.0; Commanded Accelerations: 0, 0, 0, 0, 0, 0, 0
339, 48151.056731, Actual Angles: 3.1415927410125732, 0.0, -1.5707963705062866, 0.0, 0.0, -0.2603839933872223, 0.0; Actual Speeds: 0.0, 0.0, 0.0, 0.0, 0.0, -0.3440000116825104, 0.0; Actual Efforts: -1.3204059541749302e-05, -15.513689994812012, -12.161301612854004, -0.18380644917488098, -0.5657416582107544, 0.2625800669193268, 0.0; Actual Accelerations: 0.0, 0.0, 0.0, 0.0, 0.0, 0.0, 0.0; Commanded Angles: 3.141593, 0.0, -1.570796, 0.0, 0.0, -0.28728180295323247, 0.0; Commanded Speeds: 0.0, 0.0, 0.0, 0.0, 0.0, -0.3490658503988659, 0.0; Commanded Accelerations: 0, 0, 0, 0, 0, 0, 0
340, 48151.088532, Actual Angles: 3.1415927410125732, 0.0, -1.5707963705062866, 0.0, 0.0, -0.2715199887752533, 0.0; Actual Speeds: 0.0, 0.0, 0.0, 0.0, 0.0, -0.3440000116825104, 0.0; Actual Efforts: -7.028447726042941e-05, -15.513466835021973, -12.161104202270508, -0.18388532102108002, -0.5657007694244385, 0.21564611792564392, 0.0; Actual Accelerations: 0.0, 0.0, 0.0, 0.0, 0.0, 0.0, 0.0; Commanded Angles: 3.141593, 0.0, -1.570796, 0.0, 0.0, -0.2967194293304752, 0.0; Commanded Speeds: 0.0, 0.0, 0.0, 0.0, 0.0, -0.3490658503988659, 0.0; Commanded Accelerations: 0, 0, 0, 0, 0, 0, 0
341, 48151.122839, Actual Angles: 3.1415927410125732, 0.0, -1.5707963705062866, 0.0, 0.0, -0.2840319871902466, 0.0; Actual Speeds: 0.0, 0.0, 0.0, 0.0, 0.0, -0.3440000116825104, 0.0; Actual Efforts: -6.530402606585994e-05, -15.5134859085083, -12.161120414733887, -0.183912992477417, -0.5657041072845459, -0.006899311672896147, 0.0; Actual Accelerations: 0.0, 0.0, 0.0, 0.0, 0.0, 0.0, 0.0; Commanded Angles: 3.141593, 0.0, -1.570796, 0.0, 0.0, -0.3092522075919476, 0.0; Commanded Speeds: 0.0, 0.0, 0.0, 0.0, 0.0, -0.3490658503988659, 0.0; Commanded Accelerations: 0, 0, 0, 0, 0, 0, 0
342, 48151.155337, Actual Angles: 3.1415927410125732, 0.0, -1.5707963705062866, 0.0, 0.0, -0.2951680123806, 0.0; Actual Speeds: 0.0, 0.0, 0.0, 0.0, 0.0, -0.3440000116825104, 0.0; Actual Efforts: -1.2638262887776364e-05, -15.513666152954102, -12.161280632019043, -0.1839073747396469, -0.5657373070716858, 0.2983623743057251, 0.0; Actual Accelerations: 0.0, 0.0, 0.0, 0.0, 0.0, 0.0, 0.0; Commanded Angles: 3.141593, 0.0, -1.570796, 0.0, 0.0, -0.32239348582337835, 0.0; Commanded Speeds: 0.0, 0.0, 0.0, 0.0, 0.0, -0.3490658503988659, 0.0; Commanded Accelerations: 0, 0, 0, 0, 0, 0, 0
343, 48151.189433, Actual Angles: 3.1415927410125732, 0.0, -1.5707963705062866, 0.0, 0.0, -0.30771198868751526, 0.0; Actual Speeds: 0.0, 0.0, 0.0, 0.0, 0.0, -0.35199999809265137, 0.0; Actual Efforts: -4.4505702589958673e-07, -15.513700485229492, -12.161311149597168, -0.18393895030021667, -0.5657435655593872, -0.005562483333051205, 0.0; Actual Accelerations: 0.0, 0.0, 0.0, 0.0, 0.0, 0.0, 0.0; Commanded Angles: 3.141593, 0.0, -1.570796, 0.0, 0.0, -0.3348802233454819, 0.0; Commanded Speeds: 0.0, 0.0, 0.0, 0.0, 0.0, -0.3490658503988659, 0.0; Commanded Accelerations: 0, 0, 0, 0, 0, 0, 0
344, 48151.223775, Actual Angles: 3.1415927410125732, 0.0, -1.5707963705062866, 0.0, 0.0, -0.31884801387786865, 0.0; Actual Speeds: 0.0, 0.0, 0.0, 0.0, 0.0, -0.35199999809265137, 0.0; Actual Efforts: 7.736395673418883e-06, -15.513715744018555, -12.161325454711914, -0.1839762181043625, -0.5657464265823364, 0.12623313069343567, 0.0; Actual Accelerations: 0.0, 0.0, 0.0, 0.0, 0.0, 0.0, 0.0; Commanded Angles: 3.141593, 0.0, -1.570796, 0.0, 0.0, -0.3440605937752356, 0.0; Commanded Speeds: 0.0, 0.0, 0.0, 0.0, 0.0, -0.3490658503988659, 0.0; Commanded Accelerations: 0, 0, 0, 0, 0, 0, 0
345, 48151.256032, Actual Angles: 3.1415927410125732, 0.0, -1.5707963705062866, 0.0, 0.0, -0.32998400926589966, 0.0; Actual Speeds: 0.0, 0.0, 0.0, 0.0, 0.0, -0.35199999809265137, 0.0; Actual Efforts: 8.922589586290997e-06, -15.513711929321289, -12.161321640014648, -0.1840101182460785, -0.5657457113265991, 0.21180692315101624, 0.0; Actual Accelerations: 0.0, 0.0, 0.0, 0.0, 0.0, 0.0, 0.0; Commanded Angles: 3.141593, 0.0, -1.570796, 0.0, 0.0, -0.35549384497731024, 0.0; Commanded Speeds: 0.0, 0.0, 0.0, 0.0, 0.0, -0.3490658503988659, 0.0; Commanded Accelerations: 0, 0, 0, 0, 0, 0, 0
346, 48151.291334, Actual Angles: 3.1415927410125732, 0.0, -1.5707963705062866, 0.0, 0.0, -0.34252798557281494, 0.0; Actual Speeds: 0.0, 0.0, 0.0, 0.0, 0.0, -0.35199999809265137, 0.0; Actual Efforts: 1.2966484973730985e-05, -15.513714790344238, -12.161324501037598, -0.18405313789844513, -0.5657461881637573, -0.07703789323568344, 0.0; Actual Accelerations: 0.0, 0.0, 0.0, 0.0, 0.0, 0.0, 0.0; Commanded Angles: 3.141593, 0.0, -1.570796, 0.0, 0.0, -0.3680180250495224, 0.0; Commanded Speeds: 0.0, 0.0, 0.0, 0.0, 0.0, -0.3490658503988659, 0.0; Commanded Accelerations: 0, 0, 0, 0, 0, 0, 0
347, 48151.323598, Actual Angles: 3.1415927410125732, 0.0, -1.5707963705062866, 0.0, 0.0, -0.35366401076316833, 0.0; Actual Speeds: 0.0, 0.0, 0.0, 0.0, 0.0, -0.35199999809265137, 0.0; Actual Efforts: 7.089365226420341e-06, -15.513689041137695, -12.161301612854004, -0.18409882485866547, -0.5657415390014648, 0.05859510600566864, 0.0; Actual Accelerations: 0.0, 0.0, 0.0, 0.0, 0.0, 0.0, 0.0; Commanded Angles: 3.141593, 0.0, -1.570796, 0.0, 0.0, -0.37989610133780755, 0.0; Commanded Speeds: 0.0, 0.0, 0.0, 0.0, 0.0, -0.3490658503988659, 0.0; Commanded Accelerations: 0, 0, 0, 0, 0, 0, 0
348, 48151.357198, Actual Angles: 3.1415927410125732, 0.0, -1.5707963705062866, 0.0, 0.0, -0.3661760091781616, 0.0; Actual Speeds: 0.0, 0.0, 0.0, 0.0, 0.0, -0.3440000116825104, 0.0; Actual Efforts: -6.107740045990795e-05, -15.51349925994873, -12.1611328125, -0.1841868758201599, -0.5657066106796265, 0.08117325603961945, 0.0; Actual Accelerations: 0.0, 0.0, 0.0, 0.0, 0.0, 0.0, 0.0; Commanded Angles: 3.141593, 0.0, -1.570796, 0.0, 0.0, -0.3926586996687162, 0.0; Commanded Speeds: 0.0, 0.0, 0.0, 0.0, 0.0, -0.3490658503988659, 0.0; Commanded Accelerations: 0, 0, 0, 0, 0, 0, 0
349, 48151.390684, Actual Angles: 3.1415927410125732, 0.0, -1.5707963705062866, 0.0, 0.0, -0.3773120045661926, 0.0; Actual Speeds: 0.0, 0.0, 0.0, 0.0, 0.0, -0.3440000116825104, 0.0; Actual Efforts: -5.5907319620018825e-05, -15.51351261138916, -12.161144256591797, -0.18422718346118927, -0.5657090544700623, 0.11383212357759476, 0.0; Actual Accelerations: 0.0, 0.0, 0.0, 0.0, 0.0, 0.0, 0.0; Commanded Angles: 3.141593, 0.0, -1.570796, 0.0, 0.0, -0.40459334137857494, 0.0; Commanded Speeds: 0.0, 0.0, 0.0, 0.0, 0.0, -0.3490658503988659, 0.0; Commanded Accelerations: 0, 0, 0, 0, 0, 0, 0
350, 48151.425063, Actual Angles: 3.1415927410125732, 0.0, -1.5707963705062866, 0.0, 0.0, -0.3898240029811859, 0.0; Actual Speeds: 0.0, 0.0, 0.0, 0.0, 0.0, -0.3440000116825104, 0.0; Actual Efforts: -7.354947592830285e-05, -15.513465881347656, -12.161103248596191, -0.18428672850131989, -0.5657004714012146, 0.2673116624355316, 0.0; Actual Accelerations: 0.0, 0.0, 0.0, 0.0, 0.0, 0.0, 0.0; Commanded Angles: 3.141593, 0.0, -1.570796, 0.0, 0.0, -0.417200545368749, 0.0; Commanded Speeds: 0.0, 0.0, 0.0, 0.0, 0.0, -0.3490658503988659, 0.0; Commanded Accelerations: 0, 0, 0, 0, 0, 0, 0
351, 48151.458460, Actual Angles: 3.1415927410125732, 0.0, -1.5707963705062866, 0.0, 0.0, -0.4009599983692169, 0.0; Actual Speeds: 0.0, 0.0, 0.0, 0.0, 0.0, -0.3440000116825104, 0.0; Actual Efforts: -6.977280281716958e-05, -15.513476371765137, -12.161111831665039, -0.18433023989200592, -0.5657024383544922, 0.09839510917663574, 0.0; Actual Accelerations: 0.0, 0.0, 0.0, 0.0, 0.0, 0.0, 0.0; Commanded Angles: 3.141593, 0.0, -1.570796, 0.0, 0.0, -0.42755550074245807, 0.0; Commanded Speeds: 0.0, 0.0, 0.0, 0.0, 0.0, -0.3490658503988659, 0.0; Commanded Accelerations: 0, 0, 0, 0, 0, 0, 0
352, 48151.491457, Actual Angles: 3.1415927410125732, 0.0, -1.5707963705062866, 0.0, 0.0, -0.4120959937572479, 0.0; Actual Speeds: 0.0, 0.0, 0.0, 0.0, 0.0, -0.3440000116825104, 0.0; Actual Efforts: -6.471208325820044e-05, -15.51348876953125, -12.161123275756836, -0.18437470495700836, -0.5657047033309937, 0.011839646846055984, 0.0; Actual Accelerations: 0.0, 0.0, 0.0, 0.0, 0.0, 0.0, 0.0; Commanded Angles: 3.141593, 0.0, -1.570796, 0.0, 0.0, -0.43797516280130144, 0.0; Commanded Speeds: 0.0, 0.0, 0.0, 0.0, 0.0, -0.3490658503988659, 0.0; Commanded Accelerations: 0, 0, 0, 0, 0, 0, 0
353, 48151.524985, Actual Angles: 3.1415927410125732, 0.0, -1.5707963705062866, 0.0, 0.0, -0.4246399998664856, 0.0; Actual Speeds: 0.0, 0.0, 0.0, 0.0, 0.0, -0.35199999809265137, 0.0; Actual Efforts: -7.750572694931179e-05, -15.513459205627441, -12.161097526550293, -0.18443511426448822, -0.5656993389129639, 0.4387269914150238, 0.0; Actual Accelerations: 0.0, 0.0, 0.0, 0.0, 0.0, 0.0, 0.0; Commanded Angles: 3.141593, 0.0, -1.570796, 0.0, 0.0, -0.44839348724252315, 0.0; Commanded Speeds: 0.0, 0.0, 0.0, 0.0, 0.0, -0.3490658503988659, 0.0; Commanded Accelerations: 0, 0, 0, 0, 0, 0, 0
354, 48151.558509, Actual Angles: 3.1415927410125732, 0.0, -1.5707963705062866, 0.0, 0.0, -0.4357759952545166, 0.0; Actual Speeds: 0.0, 0.0, 0.0, 0.0, 0.0, -0.35199999809265137, 0.0; Actual Efforts: -6.368517642840743e-05, -15.5134916305542, -12.161126136779785, -0.18447820842266083, -0.5657052993774414, 0.302112340927124, 0.0; Actual Accelerations: 0.0, 0.0, 0.0, 0.0, 0.0, 0.0, 0.0; Commanded Angles: 3.141593, 0.0, -1.570796, 0.0, 0.0, -0.4620303733561065, 0.0; Commanded Speeds: 0.0, 0.0, 0.0, 0.0, 0.0, -0.3490658503988659, 0.0; Commanded Accelerations: 0, 0, 0, 0, 0, 0, 0
355, 48151.592946, Actual Angles: 3.1415927410125732, 0.0, -1.5707963705062866, 0.0, 0.0, -0.4469119906425476, 0.0; Actual Speeds: 0.0, 0.0, 0.0, 0.0, 0.0, -0.35199999809265137, 0.0; Actual Efforts: -6.940355524420738e-05, -15.51347827911377, -12.161114692687988, -0.1845381259918213, -0.5657028555870056, 0.1816486269235611, 0.0; Actual Accelerations: 0.0, 0.0, 0.0, 0.0, 0.0, 0.0, 0.0; Commanded Angles: 3.141593, 0.0, -1.570796, 0.0, 0.0, -0.4740856888747361, 0.0; Commanded Speeds: 0.0, 0.0, 0.0, 0.0, 0.0, -0.3490658503988659, 0.0; Commanded Accelerations: 0, 0, 0, 0, 0, 0, 0
356, 48151.625642, Actual Angles: 3.1415927410125732, 0.0, -1.5707963705062866, 0.0, 0.0, -0.4594559967517853, 0.0; Actual Speeds: 0.0, 0.0, 0.0, 0.0, 0.0, -0.35199999809265137, 0.0; Actual Efforts: -6.967571971472353e-05, -15.51347827911377, -12.161114692687988, -0.1845906376838684, -0.5657028555870056, 0.14782960712909698, 0.0; Actual Accelerations: 0.0, 0.0, 0.0, 0.0, 0.0, 0.0, 0.0; Commanded Angles: 3.141593, 0.0, -1.570796, 0.0, 0.0, -0.48622338568138496, 0.0; Commanded Speeds: 0.0, 0.0, 0.0, 0.0, 0.0, -0.3490658503988659, 0.0; Commanded Accelerations: 0, 0, 0, 0, 0, 0, 0
357, 48151.659745, Actual Angles: 3.1415927410125732, 0.0, -1.5707963705062866, 0.0, 0.0, -0.4705919921398163, 0.0; Actual Speeds: 0.0, 0.0, 0.0, 0.0, 0.0, -0.35199999809265137, 0.0; Actual Efforts: -5.1567119953688234e-05, -15.513516426086426, -12.161148071289062, -0.18463663756847382, -0.5657098293304443, -0.04045059531927109, 0.0; Actual Accelerations: 0.0, 0.0, 0.0, 0.0, 0.0, 0.0, 0.0; Commanded Angles: 3.141593, 0.0, -1.570796, 0.0, 0.0, -0.4974707216193423, 0.0; Commanded Speeds: 0.0, 0.0, 0.0, 0.0, 0.0, -0.3490658503988659, 0.0; Commanded Accelerations: 0, 0, 0, 0, 0, 0, 0
358, 48151.692891, Actual Angles: 3.1415927410125732, 0.0, -1.5707963705062866, 0.0, 0.0, -0.48310399055480957, 0.0; Actual Speeds: 0.0, 0.0, 0.0, 0.0, 0.0, -0.3440000116825104, 0.0; Actual Efforts: -0.00016502177459187806, -15.513286590576172, -12.160943031311035, -0.1847449541091919, -0.5656675696372986, 0.33477118611335754, 0.0; Actual Accelerations: 0.0, 0.0, 0.0, 0.0, 0.0, 0.0, 0.0; Commanded Angles: 3.141593, 0.0, -1.570796, 0.0, 0.0, -0.5090143771154365, 0.0; Commanded Speeds: 0.0, 0.0, 0.0, 0.0, 0.0, -0.3490658503988659, 0.0; Commanded Accelerations: 0, 0, 0, 0, 0, 0, 0
359, 48151.726774, Actual Angles: 3.1415927410125732, 0.0, -1.5707963705062866, 0.0, 0.0, -0.4942399859428406, 0.0; Actual Speeds: 0.0, 0.0, 0.0, 0.0, 0.0, -0.3440000116825104, 0.0; Actual Efforts: -0.00016129744471982121, -15.513299942016602, -12.160955429077148, -0.18479859828948975, -0.5656701326370239, 0.2185910940170288, 0.0; Actual Accelerations: 0.0, 0.0, 0.0, 0.0, 0.0, 0.0, 0.0; Commanded Angles: 3.141593, 0.0, -1.570796, 0.0, 0.0, -0.5201295364746927, 0.0; Commanded Speeds: 0.0, 0.0, 0.0, 0.0, 0.0, -0.3490658503988659, 0.0; Commanded Accelerations: 0, 0, 0, 0, 0, 0, 0
360, 48151.760776, Actual Angles: 3.1415927410125732, 0.0, -1.5707963705062866, 0.0, 0.0, -0.5053759813308716, 0.0; Actual Speeds: 0.0, 0.0, 0.0, 0.0, 0.0, -0.3440000116825104, 0.0; Actual Efforts: -0.00013937790936324745, -15.513346672058105, -12.16099739074707, -0.18485379219055176, -0.5656787157058716, -0.03937969356775284, 0.0; Actual Accelerations: 0.0, 0.0, 0.0, 0.0, 0.0, 0.0, 0.0; Commanded Angles: 3.141593, 0.0, -1.570796, 0.0, 0.0, -0.5334644977325291, 0.0; Commanded Speeds: 0.0, 0.0, 0.0, 0.0, 0.0, -0.3490658503988659, 0.0; Commanded Accelerations: 0, 0, 0, 0, 0, 0, 0
361, 48151.793574, Actual Angles: 3.1415927410125732, 0.0, -1.5707963705062866, 0.0, 0.0, -0.5178880095481873, 0.0; Actual Speeds: 0.0, 0.0, 0.0, 0.0, 0.0, -0.3440000116825104, 0.0; Actual Efforts: -0.0001528314605820924, -15.513325691223145, -12.160978317260742, -0.18491703271865845, -0.5656748414039612, 0.09562861174345016, 0.0; Actual Accelerations: 0.0, 0.0, 0.0, 0.0, 0.0, 0.0, 0.0; Commanded Angles: 3.141593, 0.0, -1.570796, 0.0, 0.0, -0.5439951997334574, 0.0; Commanded Speeds: 0.0, 0.0, 0.0, 0.0, 0.0, -0.3490658503988659, 0.0; Commanded Accelerations: 0, 0, 0, 0, 0, 0, 0
362, 48151.828746, Actual Angles: 3.1415927410125732, 0.0, -1.5707963705062866, 0.0, 0.0, -0.5290240049362183, 0.0; Actual Speeds: 0.0, 0.0, 0.0, 0.0, 0.0, -0.35199999809265137, 0.0; Actual Efforts: -4.947006891597994e-05, -15.513517379760742, -12.161149024963379, -0.18494628369808197, -0.5657100677490234, -0.02305026166141033, 0.0; Actual Accelerations: 0.0, 0.0, 0.0, 0.0, 0.0, 0.0, 0.0; Commanded Angles: 3.141593, 0.0, -1.570796, 0.0, 0.0, -0.5561702347176128, 0.0; Commanded Speeds: 0.0, 0.0, 0.0, 0.0, 0.0, -0.3490658503988659, 0.0; Commanded Accelerations: 0, 0, 0, 0, 0, 0, 0
363, 48151.860878, Actual Angles: 3.1415927410125732, 0.0, -1.5707963705062866, 0.0, 0.0, -0.5401600003242493, 0.0; Actual Speeds: 0.0, 0.0, 0.0, 0.0, 0.0, -0.35199999809265137, 0.0; Actual Efforts: -0.00016987937851808965, -15.5133056640625, -12.16096019744873, -0.18505024909973145, -0.5656710863113403, 0.011482680216431618, 0.0; Actual Accelerations: 0.0, 0.0, 0.0, 0.0, 0.0, 0.0, 0.0; Commanded Angles: 3.141593, 0.0, -1.570796, 0.0, 0.0, -0.5676864937785675, 0.0; Commanded Speeds: 0.0, 0.0, 0.0, 0.0, 0.0, -0.3490658503988659, 0.0; Commanded Accelerations: 0, 0, 0, 0, 0, 0, 0
364, 48151.895286, Actual Angles: 3.1415927410125732, 0.0, -1.5707963705062866, 0.0, 0.0, -0.5527039766311646, 0.0; Actual Speeds: 0.0, 0.0, 0.0, 0.0, 0.0, -0.35199999809265137, 0.0; Actual Efforts: -0.00017438379290979356, -15.513303756713867, -12.160958290100098, -0.18511365354061127, -0.5656706690788269, 0.20038758218288422, 0.0; Actual Accelerations: 0.0, 0.0, 0.0, 0.0, 0.0, 0.0, 0.0; Commanded Angles: 3.141593, 0.0, -1.570796, 0.0, 0.0, -0.5800239770277583, 0.0; Commanded Speeds: 0.0, 0.0, 0.0, 0.0, 0.0, -0.3490658503988659, 0.0; Commanded Accelerations: 0, 0, 0, 0, 0, 0, 0
365, 48151.928407, Actual Angles: 3.1415927410125732, 0.0, -1.5707963705062866, 0.0, 0.0, -0.5652480125427246, 0.0; Actual Speeds: 0.0, 0.0, 0.0, 0.0, 0.0, -0.35199999809265137, 0.0; Actual Efforts: -4.8978155973600224e-05, -15.513518333435059, -12.161149024963379, -0.1851431429386139, -0.5657101273536682, 0.2848012447357178, 0.0; Actual Accelerations: 0.0, 0.0, 0.0, 0.0, 0.0, 0.0, 0.0; Commanded Angles: 3.141593, 0.0, -1.570796, 0.0, 0.0, -0.5922160467760836, 0.0; Commanded Speeds: 0.0, 0.0, 0.0, 0.0, 0.0, -0.3490658503988659, 0.0; Commanded Accelerations: 0, 0, 0, 0, 0, 0, 0
366, 48151.962493, Actual Angles: 3.1415927410125732, 0.0, -1.5707963705062866, 0.0, 0.0, -0.5763840079307556, 0.0; Actual Speeds: 0.0, 0.0, 0.0, 0.0, 0.0, -0.35199999809265137, 0.0; Actual Efforts: -6.0296180890873075e-05, -15.51349925994873, -12.161131858825684, -0.1852123737335205, -0.5657066106796265, 0.18209482729434967, 0.0; Actual Accelerations: 0.0, 0.0, 0.0, 0.0, 0.0, 0.0, 0.0; Commanded Angles: 3.141593, 0.0, -1.570796, 0.0, 0.0, -0.6042628454370945, 0.0; Commanded Speeds: 0.0, 0.0, 0.0, 0.0, 0.0, -0.3490658503988659, 0.0; Commanded Accelerations: 0, 0, 0, 0, 0, 0, 0
367, 48151.995331, Actual Angles: 3.1415927410125732, 0.0, -1.5707963705062866, 0.0, 0.0, -0.5875200033187866, 0.0; Actual Speeds: 0.0, 0.0, 0.0, 0.0, 0.0, -0.35199999809265137, 0.0; Actual Efforts: -6.65474435663782e-05, -15.51348876953125, -12.161123275756836, -0.1852809339761734, -0.5657048225402832, 0.14809733629226685, 0.0; Actual Accelerations: 0.0, 0.0, 0.0, 0.0, 0.0, 0.0, 0.0; Commanded Angles: 3.141593, 0.0, -1.570796, 0.0, 0.0, -0.6148051196711638, 0.0; Commanded Speeds: 0.0, 0.0, 0.0, 0.0, 0.0, -0.3490658503988659, 0.0; Commanded Accelerations: 0, 0, 0, 0, 0, 0, 0
368, 48152.029666, Actual Angles: 3.1415927410125732, 0.0, -1.5707963705062866, 0.0, 0.0, -0.6000319719314575, 0.0; Actual Speeds: 0.0, 0.0, 0.0, 0.0, 0.0, -0.3440000116825104, 0.0; Actual Efforts: 6.174715235829353e-05, -15.513681411743164, -12.161294937133789, -0.18531900644302368, -0.565740168094635, -0.04312964156270027, 0.0; Actual Accelerations: 0.0, 0.0, 0.0, 0.0, 0.0, 0.0, 0.0; Commanded Angles: 3.141593, 0.0, -1.570796, 0.0, 0.0, -0.6297562530211183, 0.0; Commanded Speeds: 0.0, 0.0, 0.0, 0.0, 0.0, -0.3490658503988659, 0.0; Commanded Accelerations: 0, 0, 0, 0, 0, 0, 0
369, 48152.062605, Actual Angles: 3.1415927410125732, 0.0, -1.5707963705062866, 0.0, 0.0, -0.6111680269241333, 0.0; Actual Speeds: 0.0, 0.0, 0.0, 0.0, 0.0, -0.3440000116825104, 0.0; Actual Efforts: 4.313191311666742e-05, -15.513649940490723, -12.161266326904297, -0.1853947639465332, -0.5657343864440918, 0.28221142292022705, 0.0; Actual Accelerations: 0.0, 0.0, 0.0, 0.0, 0.0, 0.0, 0.0; Commanded Angles: 3.141593, 0.0, -1.570796, 0.0, 0.0, -0.6402336610459484, 0.0; Commanded Speeds: 0.0, 0.0, 0.0, 0.0, 0.0, -0.3490658503988659, 0.0; Commanded Accelerations: 0, 0, 0, 0, 0, 0, 0
370, 48152.096244, Actual Angles: 3.1415927410125732, 0.0, -1.5707963705062866, 0.0, 0.0, -0.6223040223121643, 0.0; Actual Speeds: 0.0, 0.0, 0.0, 0.0, 0.0, -0.3440000116825104, 0.0; Actual Efforts: 6.489034421974793e-05, -15.513678550720215, -12.16129207611084, -0.18545958399772644, -0.5657396912574768, 0.01246254239231348, 0.0; Actual Accelerations: 0.0, 0.0, 0.0, 0.0, 0.0, 0.0, 0.0; Commanded Angles: 3.141593, 0.0, -1.570796, 0.0, 0.0, -0.6501391571366045, 0.0; Commanded Speeds: 0.0, 0.0, 0.0, 0.0, 0.0, -0.3490658503988659, 0.0; Commanded Accelerations: 0, 0, 0, 0, 0, 0, 0
371, 48152.130257, Actual Angles: 3.1415927410125732, 0.0, -1.5707963705062866, 0.0, 0.0, -0.6348159909248352, 0.0; Actual Speeds: 0.0, 0.0, 0.0, 0.0, 0.0, -0.3440000116825104, 0.0; Actual Efforts: 8.506244193995371e-05, -15.513701438903809, -12.1613130569458, -0.18553508818149567, -0.5657439231872559, -0.02608627639710903, 0.0; Actual Accelerations: 0.0, 0.0, 0.0, 0.0, 0.0, 0.0, 0.0; Commanded Angles: 3.141593, 0.0, -1.570796, 0.0, 0.0, -0.6603784683916849, 0.0; Commanded Speeds: 0.0, 0.0, 0.0, 0.0, 0.0, -0.3490658503988659, 0.0; Commanded Accelerations: 0, 0, 0, 0, 0, 0, 0
372, 48152.163096, Actual Angles: 3.1415927410125732, 0.0, -1.5707963705062866, 0.0, 0.0, -0.6459519863128662, 0.0; Actual Speeds: 0.0, 0.0, 0.0, 0.0, 0.0, -0.3440000116825104, 0.0; Actual Efforts: 7.714685489190742e-05, -15.513686180114746, -12.161298751831055, -0.1856110692024231, -0.5657410025596619, -0.026354001834988594, 0.0; Actual Accelerations: 0.0, 0.0, 0.0, 0.0, 0.0, 0.0, 0.0; Commanded Angles: 3.141593, 0.0, -1.570796, 0.0, 0.0, -0.6716172878199747, 0.0; Commanded Speeds: 0.0, 0.0, 0.0, 0.0, 0.0, -0.3490658503988659, 0.0; Commanded Accelerations: 0, 0, 0, 0, 0, 0, 0
373, 48152.197522, Actual Angles: 3.1415927410125732, 0.0, -1.5707963705062866, 0.0, 0.0, -0.6584960222244263, 0.0; Actual Speeds: 0.0, 0.0, 0.0, 0.0, 0.0, -0.35199999809265137, 0.0; Actual Efforts: -4.587908915709704e-05, -15.513519287109375, -12.161149978637695, -0.18572935461997986, -0.5657103061676025, -0.05695851147174835, 0.0; Actual Accelerations: 0.0, 0.0, 0.0, 0.0, 0.0, 0.0, 0.0; Commanded Angles: 3.141593, 0.0, -1.570796, 0.0, 0.0, -0.6863383064926656, 0.0; Commanded Speeds: 0.0, 0.0, 0.0, 0.0, 0.0, -0.3490658503988659, 0.0; Commanded Accelerations: 0, 0, 0, 0, 0, 0, 0
374, 48152.232174, Actual Angles: 3.1415927410125732, 0.0, -1.5707963705062866, 0.0, 0.0, -0.6696320176124573, 0.0; Actual Speeds: 0.0, 0.0, 0.0, 0.0, 0.0, -0.35199999809265137, 0.0; Actual Efforts: -6.614003359572962e-05, -15.5134916305542, -12.161126136779785, -0.18581001460552216, -0.5657053589820862, 0.14782960712909698, 0.0; Actual Accelerations: 0.0, 0.0, 0.0, 0.0, 0.0, 0.0, 0.0; Commanded Angles: 3.141593, 0.0, -1.570796, 0.0, 0.0, -0.6976926443759375, 0.0; Commanded Speeds: 0.0, 0.0, 0.0, 0.0, 0.0, -0.3490658503988659, 0.0; Commanded Accelerations: 0, 0, 0, 0, 0, 0, 0
375, 48152.264495, Actual Angles: 3.1415927410125732, 0.0, -1.5707963705062866, 0.0, 0.0, -0.6807680130004883, 0.0; Actual Speeds: 0.0, 0.0, 0.0, 0.0, 0.0, -0.35199999809265137, 0.0; Actual Efforts: -6.151961133582518e-05, -15.51349925994873, -12.1611328125, -0.18589437007904053, -0.5657066702842712, -0.035453058779239655, 0.0; Actual Accelerations: 0.0, 0.0, 0.0, 0.0, 0.0, 0.0, 0.0; Commanded Angles: 3.141593, 0.0, -1.570796, 0.0, 0.0, -0.7094330159314425, 0.0; Commanded Speeds: 0.0, 0.0, 0.0, 0.0, 0.0, -0.3490658503988659, 0.0; Commanded Accelerations: 0, 0, 0, 0, 0, 0, 0
376, 48152.297624, Actual Angles: 3.1415927410125732, 0.0, -1.5707963705062866, 0.0, 0.0, -0.6933119893074036, 0.0; Actual Speeds: 0.0, 0.0, 0.0, 0.0, 0.0, -0.35199999809265137, 0.0; Actual Efforts: -2.5116318283835426e-05, -15.513544082641602, -12.161172866821289, -0.1859630048274994, -0.5657150149345398, -0.03946893662214279, 0.0; Actual Accelerations: 0.0, 0.0, 0.0, 0.0, 0.0, 0.0, 0.0; Commanded Angles: 3.141593, 0.0, -1.570796, 0.0, 0.0, -0.7208754245282922, 0.0; Commanded Speeds: 0.0, 0.0, 0.0, 0.0, 0.0, -0.3490658503988659, 0.0; Commanded Accelerations: 0, 0, 0, 0, 0, 0, 0
377, 48152.332693, Actual Angles: 3.1415927410125732, 0.0, -1.5707963705062866, 0.0, 0.0, -0.7044479846954346, 0.0; Actual Speeds: 0.0, 0.0, 0.0, 0.0, 0.0, -0.3440000116825104, 0.0; Actual Efforts: -4.9336911615682766e-05, -15.513513565063477, -12.161145210266113, -0.18605723977088928, -0.5657093524932861, 0.07849600166082382, 0.0; Actual Accelerations: 0.0, 0.0, 0.0, 0.0, 0.0, 19.552554737775804, 0.0; Commanded Angles: 3.141593, 0.0, -1.570796, 0.0, 0.0, -0.7308863039469998, 0.0; Commanded Speeds: 0.0, 0.0, 0.0, 0.0, 0.0, -0.3490658503988659, 0.0; Commanded Accelerations: 0, 0, 0, 0, 0, 0, 0
378, 48152.364710, Actual Angles: 3.1415927410125732, 0.0, -1.5707963705062866, 0.0, 0.0, -0.7155839800834656, 0.0; Actual Speeds: 0.0, 0.0, 0.0, 0.0, 0.0, -0.3440000116825104, 0.0; Actual Efforts: -5.9293197409715503e-05, -15.51350212097168, -12.161134719848633, -0.18613937497138977, -0.5657071471214294, -0.005292961373925209, 0.0; Actual Accelerations: 0.0, 0.0, 0.0, 0.0, 0.0, 21.062683906535923, 0.0; Commanded Angles: 3.141593, 0.0, -1.570796, 0.0, 0.0, -0.743086861231087, 0.0; Commanded Speeds: 0.0, 0.0, 0.0, 0.0, 0.0, -0.3490658503988659, 0.0; Commanded Accelerations: 0, 0, 0, 0, 0, 0, 0
379, 48152.398644, Actual Angles: 3.1415927410125732, 0.0, -1.5707963705062866, 0.0, 0.0, -0.7280960083007812, 0.0; Actual Speeds: 0.0, 0.0, 0.0, 0.0, 0.0, -0.3440000116825104, 0.0; Actual Efforts: -5.887369115953334e-05, -15.51350212097168, -12.16113567352295, -0.18622024357318878, -0.565707266330719, -0.03937969356775284, 0.0; Actual Accelerations: 0.0, 0.0, 0.0, 0.0, 0.0, 0.0, 0.0; Commanded Angles: 3.141593, 0.0, -1.570796, 0.0, 0.0, -0.7572723256211892, 0.0; Commanded Speeds: 0.0, 0.0, 0.0, 0.0, 0.0, -0.3490658503988659, 0.0; Commanded Accelerations: 0, 0, 0, 0, 0, 0, 0
380, 48152.432902, Actual Angles: 3.1415927410125732, 0.0, -1.5707963705062866, 0.0, 0.0, -0.7406079769134521, 0.0; Actual Speeds: 0.0, 0.0, 0.0, 0.0, 0.0, -0.3440000116825104, 0.0; Actual Efforts: -6.320216198218986e-05, -15.513498306274414, -12.161131858825684, -0.1863134503364563, -0.5657065510749817, 0.42186209559440613, 0.0; Actual Accelerations: 0.0, 0.0, 0.0, 0.0, 0.0, 0.0, 0.0; Commanded Angles: 3.141593, 0.0, -1.570796, 0.0, 0.0, -0.7749190083004815, 0.0; Commanded Speeds: 0.0, 0.0, 0.0, 0.0, 0.0, -0.3490658503988659, 0.0; Commanded Accelerations: 0, 0, 0, 0, 0, 0, 0
381, 48152.468103, Actual Angles: 3.1415927410125732, 0.0, -1.5707963705062866, 0.0, 0.0, -0.7517439723014832, 0.0; Actual Speeds: 0.0, 0.0, 0.0, 0.0, 0.0, -0.3440000116825104, 0.0; Actual Efforts: -4.742961755255237e-05, -15.513516426086426, -12.161148071289062, -0.18639320135116577, -0.5657097697257996, 0.26784712076187134, 0.0; Actual Accelerations: 0.0, 0.0, 0.0, 0.0, 0.0, 0.0, 0.0; Commanded Angles: 3.141593, 0.0, -1.570796, 0.0, 0.0, -0.7877714184841603, 0.0; Commanded Speeds: 0.0, 0.0, 0.0, 0.0, 0.0, -0.3490658503988659, 0.0; Commanded Accelerations: 0, 0, 0, 0, 0, 0, 0
382, 48152.502290, Actual Angles: 3.1415927410125732, 0.0, -1.5707963705062866, 0.0, 0.0, -0.7642880082130432, 0.0; Actual Speeds: 0.0, 0.0, 0.0, 0.0, 0.0, -0.35199999809265137, 0.0; Actual Efforts: -0.00021024991292506456, -15.513337135314941, -12.160988807678223, -0.18652258813381195, -0.5656769275665283, 0.13042928278446198, 0.0; Actual Accelerations: 0.0, 0.0, 0.0, 0.0, 0.0, 0.0, 0.0; Commanded Angles: 3.141593, 0.0, -1.570796, 0.0, 0.0, -0.7972936720359879, 0.0; Commanded Speeds: 0.0, 0.0, 0.0, 0.0, 0.0, -0.3490658503988659, 0.0; Commanded Accelerations: 0, 0, 0, 0, 0, 0, 0
383, 48152.535891, Actual Angles: 3.1415927410125732, 0.0, -1.5707963705062866, 0.0, 0.0, -0.7754240036010742, 0.0; Actual Speeds: 0.0, 0.0, 0.0, 0.0, 0.0, -0.35199999809265137, 0.0; Actual Efforts: -0.00021043734159320593, -15.513340950012207, -12.160991668701172, -0.1866072565317154, -0.5656776428222656, 0.01237509772181511, 0.0; Actual Accelerations: 0.0, 0.0, 0.0, 0.0, 0.0, 0.0, 0.0; Commanded Angles: 3.141593, 0.0, -1.570796, 0.0, 0.0, -0.8051494346022534, 0.0; Commanded Speeds: 0.0, 0.0, 0.0, 0.0, 0.0, -0.3490658503988659, 0.0; Commanded Accelerations: 0, 0, 0, 0, 0, 0, 0
384, 48152.566571, Actual Angles: 3.1415927410125732, 0.0, -1.5707963705062866, 0.0, 0.0, -0.7865599989891052, 0.0; Actual Speeds: 0.0, 0.0, 0.0, 0.0, 0.0, -0.35199999809265137, 0.0; Actual Efforts: -0.00019257771782577038, -15.513362884521484, -12.161011695861816, -0.1866893619298935, -0.5656816959381104, -0.15814781188964844, 0.0; Actual Accelerations: 0.0, 0.0, 0.0, 0.0, 0.0, 0.0, 0.0; Commanded Angles: 3.141593, 0.0, -1.570796, 0.0, 0.0, -0.8130754163042212, 0.0; Commanded Speeds: 0.0, 0.0, 0.0, 0.0, 0.0, -0.3490658503988659, 0.0; Commanded Accelerations: 0, 0, 0, 0, 0, 0, 0
385, 48152.601732, Actual Angles: 3.1415927410125732, 0.0, -1.5707963705062866, 0.0, 0.0, -0.7991039752960205, 0.0; Actual Speeds: 0.0, 0.0, 0.0, 0.0, 0.0, -0.35199999809265137, 0.0; Actual Efforts: -0.0002203942567575723, -15.513339042663574, -12.160990715026855, -0.18679282069206238, -0.5656773447990417, 0.25312402844429016, 0.0; Actual Accelerations: 0.0, 0.0, 0.0, 0.0, 0.0, 0.0, 0.0; Commanded Angles: 3.141593, 0.0, -1.570796, 0.0, 0.0, -0.8267552085453354, 0.0; Commanded Speeds: 0.0, 0.0, 0.0, 0.0, 0.0, -0.3490658503988659, 0.0; Commanded Accelerations: 0, 0, 0, 0, 0, 0, 0
386, 48152.633820, Actual Angles: 3.1415927410125732, 0.0, -1.5707963705062866, 0.0, 0.0, -0.8102399706840515, 0.0; Actual Speeds: 0.0, 0.0, 0.0, 0.0, 0.0, -0.35199999809265137, 0.0; Actual Efforts: -0.00019122783851344138, -15.513372421264648, -12.161019325256348, -0.18687495589256287, -0.5656833648681641, 0.133106529712677, 0.0; Actual Accelerations: 0.0, 0.0, 0.0, 0.0, 0.0, 0.0, 0.0; Commanded Angles: 3.141593, 0.0, -1.570796, 0.0, 0.0, -0.837300529075184, 0.0; Commanded Speeds: 0.0, 0.0, 0.0, 0.0, 0.0, -0.3490658503988659, 0.0; Commanded Accelerations: 0, 0, 0, 0, 0, 0, 0
387, 48152.667451, Actual Angles: 3.1415927410125732, 0.0, -1.5707963705062866, 0.0, 0.0, -0.8213760256767273, 0.0; Actual Speeds: 0.0, 0.0, 0.0, 0.0, 0.0, -0.35199999809265137, 0.0; Actual Efforts: -0.00018226107931695879, -15.513382911682129, -12.161029815673828, -0.18696218729019165, -0.5656853914260864, -0.14226458966732025, 0.0; Actual Accelerations: 0.0, 0.0, 0.0, 0.0, 0.0, 0.0, 0.0; Commanded Angles: 3.141593, 0.0, -1.570796, 0.0, 0.0, -0.848606350646763, 0.0; Commanded Speeds: 0.0, 0.0, 0.0, 0.0, 0.0, -0.3490658503988659, 0.0; Commanded Accelerations: 0, 0, 0, 0, 0, 0, 0
388, 48152.700748, Actual Angles: 3.1415927410125732, 0.0, -1.5707963705062866, 0.0, 0.0, -0.8325120210647583, 0.0; Actual Speeds: 0.0, 0.0, 0.0, 0.0, 0.0, -0.3440000116825104, 0.0; Actual Efforts: -2.9701574021601118e-05, -15.513531684875488, -12.161161422729492, -0.1870342344045639, -0.5657127499580383, -0.07453732937574387, 0.0; Actual Accelerations: 0.0, 0.0, 0.0, 0.0, 0.0, 18.249309714991465, 0.0; Commanded Angles: 3.141593, 0.0, -1.570796, 0.0, 0.0, -0.8616139076840416, 0.0; Commanded Speeds: 0.0, 0.0, 0.0, 0.0, 0.0, -0.3490658503988659, 0.0; Commanded Accelerations: 0, 0, 0, 0, 0, 0, 0
389, 48152.734797, Actual Angles: 3.1415927410125732, 0.0, -1.5707963705062866, 0.0, 0.0, -0.8450239896774292, 0.0; Actual Speeds: 0.0, 0.0, 0.0, 0.0, 0.0, -0.3440000116825104, 0.0; Actual Efforts: 0.00013075560855213553, -15.513676643371582, -12.161290168762207, -0.18710772693157196, -0.5657392740249634, -0.21463420987129211, 0.0; Actual Accelerations: 0.0, 0.0, 0.0, 0.0, 0.0, 0.0, 0.0; Commanded Angles: 3.141593, 0.0, -1.570796, 0.0, 0.0, -0.8745763860080555, 0.0; Commanded Speeds: 0.0, 0.0, 0.0, 0.0, 0.0, -0.3490658503988659, 0.0; Commanded Accelerations: 0, 0, 0, 0, 0, 0, 0
390, 48152.768339, Actual Angles: 3.1415927410125732, 0.0, -1.5707963705062866, 0.0, 0.0, -0.8561599850654602, 0.0; Actual Speeds: 0.0, 0.0, 0.0, 0.0, 0.0, -0.3440000116825104, 0.0; Actual Efforts: -5.946209421381354e-05, -15.513504981994629, -12.161137580871582, -0.18723507225513458, -0.5657076835632324, 0.02923998050391674, 0.0; Actual Accelerations: 0.0, 0.0, 0.0, 0.0, 0.0, 0.0, 0.0; Commanded Angles: 3.141593, 0.0, -1.570796, 0.0, 0.0, -0.8844894627624131, 0.0; Commanded Speeds: 0.0, 0.0, 0.0, 0.0, 0.0, -0.3490658503988659, 0.0; Commanded Accelerations: 0, 0, 0, 0, 0, 0, 0
391, 48152.802443, Actual Angles: 3.1415927410125732, 0.0, -1.5707963705062866, 0.0, 0.0, -0.8686720132827759, 0.0; Actual Speeds: 0.0, 0.0, 0.0, 0.0, 0.0, -0.3440000116825104, 0.0; Actual Efforts: -4.147587242187001e-05, -15.513521194458008, -12.161152839660645, -0.18732565641403198, -0.5657107830047607, -0.06945054978132248, 0.0; Actual Accelerations: 0.0, 0.0, 0.0, 0.0, 0.0, 0.0, 0.0; Commanded Angles: 3.141593, 0.0, -1.570796, 0.0, 0.0, -0.8975447112719482, 0.0; Commanded Speeds: 0.0, 0.0, 0.0, 0.0, 0.0, -0.3490658503988659, 0.0; Commanded Accelerations: 0, 0, 0, 0, 0, 0, 0
392, 48152.836723, Actual Angles: 3.1415927410125732, 0.0, -1.5707963705062866, 0.0, 0.0, -0.8798080086708069, 0.0; Actual Speeds: 0.0, 0.0, 0.0, 0.0, 0.0, -0.35199999809265137, 0.0; Actual Efforts: 0.00015934003749862313, -15.513690948486328, -12.161303520202637, -0.18739758431911469, -0.5657419562339783, -0.05865589901804924, 0.0; Actual Accelerations: 0.0, 0.0, 0.0, 0.0, 0.0, 0.0, 0.0; Commanded Angles: 3.141593, 0.0, -1.570796, 0.0, 0.0, -0.9081745846266183, 0.0; Commanded Speeds: 0.0, 0.0, 0.0, 0.0, 0.0, -0.3490658503988659, 0.0; Commanded Accelerations: 0, 0, 0, 0, 0, 0, 0
393, 48152.869227, Actual Angles: 3.1415927410125732, 0.0, -1.5707963705062866, 0.0, 0.0, -0.8923519849777222, 0.0; Actual Speeds: 0.0, 0.0, 0.0, 0.0, 0.0, -0.35199999809265137, 0.0; Actual Efforts: 0.00012768656597472727, -15.513660430908203, -12.161275863647461, -0.18749940395355225, -0.5657362341880798, 0.10963596403598785, 0.0; Actual Accelerations: 0.0, 0.0, 0.0, 0.0, 0.0, 0.0, 0.0; Commanded Angles: 3.141593, 0.0, -1.570796, 0.0, 0.0, -0.9192935215781473, 0.0; Commanded Speeds: 0.0, 0.0, 0.0, 0.0, 0.0, -0.3490658503988659, 0.0; Commanded Accelerations: 0, 0, 0, 0, 0, 0, 0
394, 48152.902620, Actual Angles: 3.1415927410125732, 0.0, -1.5707963705062866, 0.0, 0.0, -0.9034879803657532, 0.0; Actual Speeds: 0.0, 0.0, 0.0, 0.0, 0.0, -0.35199999809265137, 0.0; Actual Efforts: 0.00011434513726271689, -15.513646125793457, -12.161263465881348, -0.18759851157665253, -0.5657336711883545, -0.07650244235992432, 0.0; Actual Accelerations: 0.0, 0.0, 0.0, 0.0, 0.0, 0.0, 0.0; Commanded Angles: 3.141593, 0.0, -1.570796, 0.0, 0.0, -0.9332052258386919, 0.0; Commanded Speeds: 0.0, 0.0, 0.0, 0.0, 0.0, -0.3490658503988659, 0.0; Commanded Accelerations: 0, 0, 0, 0, 0, 0, 0
395, 48152.936894, Actual Angles: 3.1415927410125732, 0.0, -1.5707963705062866, 0.0, 0.0, -0.9160320162773132, 0.0; Actual Speeds: 0.0, 0.0, 0.0, 0.0, 0.0, -0.35199999809265137, 0.0; Actual Efforts: 0.00011060327960876748, -15.513639450073242, -12.16125774383545, -0.187708780169487, -0.5657325387001038, -0.07623472064733505, 0.0; Actual Accelerations: 0.0, 0.0, 0.0, 0.0, 0.0, 0.0, 0.0; Commanded Angles: 3.141593, 0.0, -1.570796, 0.0, 0.0, -0.9432099166720008, 0.0; Commanded Speeds: 0.0, 0.0, 0.0, 0.0, 0.0, -0.3490658503988659, 0.0; Commanded Accelerations: 0, 0, 0, 0, 0, 0, 0
396, 48152.969760, Actual Angles: 3.1415927410125732, 0.0, -1.5707963705062866, 0.0, 0.0, -0.9271680116653442, 0.0; Actual Speeds: 0.0, 0.0, 0.0, 0.0, 0.0, -0.35199999809265137, 0.0; Actual Efforts: 0.00011375164467608556, -15.513639450073242, -12.16125774383545, -0.18780745565891266, -0.5657325387001038, 0.028613490983843803, 0.0; Actual Accelerations: 0.0, 0.0, 0.0, 0.0, 0.0, 0.0, 0.0; Commanded Angles: 3.141593, 0.0, -1.570796, 0.0, 0.0, -0.9543246843806574, 0.0; Commanded Speeds: 0.0, 0.0, 0.0, 0.0, 0.0, -0.3490658503988659, 0.0; Commanded Accelerations: 0, 0, 0, 0, 0, 0, 0
397, 48153.003185, Actual Angles: 3.1415927410125732, 0.0, -1.5707963705062866, 0.0, 0.0, -0.9383040070533752, 0.0; Actual Speeds: 0.0, 0.0, 0.0, 0.0, 0.0, -0.35199999809265137, 0.0; Actual Efforts: 0.0001308859937125817, -15.513649940490723, -12.161267280578613, -0.1879045069217682, -0.5657344460487366, 0.1464891880750656, 0.0; Actual Accelerations: 0.0, 0.0, 0.0, 0.0, 0.0, 0.0, 0.0; Commanded Angles: 3.141593, 0.0, -1.570796, 0.0, 0.0, -0.9661990574264334, 0.0; Commanded Speeds: 0.0, 0.0, 0.0, 0.0, 0.0, -0.3490658503988659, 0.0; Commanded Accelerations: 0, 0, 0, 0, 0, 0, 0
398, 48153.036767, Actual Angles: 3.1415927410125732, 0.0, -1.5707963705062866, 0.0, 0.0, -0.9494400024414062, 0.0; Actual Speeds: 0.0, 0.0, 0.0, 0.0, 0.0, -0.3440000116825104, 0.0; Actual Efforts: 0.00011719785834429786, -15.513636589050293, -12.1612548828125, -0.18801932036876678, -0.565731942653656, 0.06091539189219475, 0.0; Actual Accelerations: 0.0, 0.0, 0.0, 0.0, 0.0, 0.0, 0.0; Commanded Angles: 3.141593, 0.0, -1.570796, 0.0, 0.0, -0.978058950526839, 0.0; Commanded Speeds: 0.0, 0.0, 0.0, 0.0, 0.0, -0.3490658503988659, 0.0; Commanded Accelerations: 0, 0, 0, 0, 0, 0, 0
399, 48153.070669, Actual Angles: 3.1415927410125732, 0.0, -1.5707963705062866, 0.0, 0.0, -0.9619519710540771, 0.0; Actual Speeds: 0.0, 0.0, 0.0, 0.0, 0.0, -0.3440000116825104, 0.0; Actual Efforts: -4.507517587626353e-05, -15.513518333435059, -12.161149024963379, -0.1881491094827652, -0.5657101273536682, -0.005025235936045647, 0.0; Actual Accelerations: 0.0, 0.0, 0.0, 0.0, 0.0, 0.0, 0.0; Commanded Angles: 3.141593, 0.0, -1.570796, 0.0, 0.0, -0.9890756331746217, 0.0; Commanded Speeds: 0.0, 0.0, 0.0, 0.0, 0.0, -0.3490658503988659, 0.0; Commanded Accelerations: 0, 0, 0, 0, 0, 0, 0
400, 48153.105272, Actual Angles: 3.1415927410125732, 0.0, -1.5707963705062866, 0.0, 0.0, -0.9744639992713928, 0.0; Actual Speeds: 0.0, 0.0, 0.0, 0.0, 0.0, -0.3440000116825104, 0.0; Actual Efforts: -2.4004051738302223e-05, -15.513532638549805, -12.161162376403809, -0.18825989961624146, -0.5657128691673279, -0.1769760102033615, 0.0; Actual Accelerations: 0.0, 0.0, 0.0, 0.0, 0.0, 0.0, 0.0; Commanded Angles: 3.141593, 0.0, -1.570796, 0.0, 0.0, -1.001724453491299, 0.0; Commanded Speeds: 0.0, 0.0, 0.0, 0.0, 0.0, -0.3490658503988659, 0.0; Commanded Accelerations: 0, 0, 0, 0, 0, 0, 0
401, 48153.138218, Actual Angles: 3.1415927410125732, 0.0, -1.5707963705062866, 0.0, 0.0, -0.9855999946594238, 0.0; Actual Speeds: 0.0, 0.0, 0.0, 0.0, 0.0, -0.3440000116825104, 0.0; Actual Efforts: -6.363185093505308e-05, -15.513505935668945, -12.161138534545898, -0.18836915493011475, -0.5657078623771667, 0.09901979565620422, 0.0; Actual Accelerations: 0.0, 0.0, 0.0, 0.0, 0.0, 0.0, 0.0; Commanded Angles: 3.141593, 0.0, -1.570796, 0.0, 0.0, -1.0132322990183038, 0.0; Commanded Speeds: 0.0, 0.0, 0.0, 0.0, 0.0, -0.3490658503988659, 0.0; Commanded Accelerations: 0, 0, 0, 0, 0, 0, 0
402, 48153.171282, Actual Angles: 3.1415927410125732, 0.0, -1.5707963705062866, 0.0, 0.0, -0.9967359900474548, 0.0; Actual Speeds: 0.0, 0.0, 0.0, 0.0, 0.0, -0.3440000116825104, 0.0; Actual Efforts: -3.7159254134166986e-05, -15.513524055480957, -12.161154747009277, -0.18846887350082397, -0.5657113194465637, -0.05321035906672478, 0.0; Actual Accelerations: 0.0, 0.0, 0.0, 0.0, 0.0, 0.0, 0.0; Commanded Angles: 3.141593, 0.0, -1.570796, 0.0, 0.0, -1.025542554433663, 0.0; Commanded Speeds: 0.0, 0.0, 0.0, 0.0, 0.0, -0.3490658503988659, 0.0; Commanded Accelerations: 0, 0, 0, 0, 0, 0, 0
403, 48153.206571, Actual Angles: 3.1415927410125732, 0.0, -1.5707963705062866, 0.0, 0.0, -1.0092799663543701, 0.0; Actual Speeds: 0.0, 0.0, 0.0, 0.0, 0.0, -0.35199999809265137, 0.0; Actual Efforts: -9.910505468724295e-06, -15.513541221618652, -12.16117000579834, -0.18858197331428528, -0.5657145380973816, -0.19178833067417145, 0.0; Actual Accelerations: 0.0, 0.0, 0.0, 0.0, 0.0, 0.0, 0.0; Commanded Angles: 3.141593, 0.0, -1.570796, 0.0, 0.0, -1.0363690527429954, 0.0; Commanded Speeds: 0.0, 0.0, 0.0, 0.0, 0.0, -0.3490658503988659, 0.0; Commanded Accelerations: 0, 0, 0, 0, 0, 0, 0
404, 48153.239345, Actual Angles: 3.1415927410125732, 0.0, -1.5707963705062866, 0.0, 0.0, -1.020416021347046, 0.0; Actual Speeds: 0.0, 0.0, 0.0, 0.0, 0.0, -0.35199999809265137, 0.0; Actual Efforts: -2.6639647330739535e-05, -15.513529777526855, -12.161160469055176, -0.18868960440158844, -0.5657123923301697, -0.20972411334514618, 0.0; Actual Accelerations: 0.0, 0.0, 0.0, 0.0, 0.0, 0.0, 0.0; Commanded Angles: 3.141593, 0.0, -1.570796, 0.0, 0.0, -1.0471101014765025, 0.0; Commanded Speeds: 0.0, 0.0, 0.0, 0.0, 0.0, -0.3490658503988659, 0.0; Commanded Accelerations: 0, 0, 0, 0, 0, 0, 0
405, 48153.271840, Actual Angles: 3.1415927410125732, 0.0, -1.5707963705062866, 0.0, 0.0, -1.0315519571304321, 0.0; Actual Speeds: 0.0, 0.0, 0.0, 0.0, 0.0, -0.35199999809265137, 0.0; Actual Efforts: -3.80599703930784e-05, -15.51352310180664, -12.161153793334961, -0.18879716098308563, -0.5657110810279846, -0.05695851147174835, 0.0; Actual Accelerations: 0.0, 0.0, 0.0, 0.0, 0.0, 0.0, 0.0; Commanded Angles: 3.141593, 0.0, -1.570796, 0.0, 0.0, -1.0602699873604766, 0.0; Commanded Speeds: 0.0, 0.0, 0.0, 0.0, 0.0, -0.3490658503988659, 0.0; Commanded Accelerations: 0, 0, 0, 0, 0, 0, 0
406, 48153.306441, Actual Angles: 3.1415927410125732, 0.0, -1.5707963705062866, 0.0, 0.0, -1.0440959930419922, 0.0; Actual Speeds: 0.0, 0.0, 0.0, 0.0, 0.0, -0.35199999809265137, 0.0; Actual Efforts: -4.632228228729218e-05, -15.513517379760742, -12.161149024963379, -0.1889178603887558, -0.5657101273536682, -0.12459652870893478, 0.0; Actual Accelerations: 0.0, 0.0, 0.0, 0.0, 0.0, 0.0, 0.0; Commanded Angles: 3.141593, 0.0, -1.570796, 0.0, 0.0, -1.071726956538436, 0.0; Commanded Speeds: 0.0, 0.0, 0.0, 0.0, 0.0, -0.3490658503988659, 0.0; Commanded Accelerations: 0, 0, 0, 0, 0, 0, 0
407, 48153.339433, Actual Angles: 3.1415927410125732, 0.0, -1.5707963705062866, 0.0, 0.0, -1.055232048034668, 0.0; Actual Speeds: 0.0, 0.0, 0.0, 0.0, 0.0, -0.35199999809265137, 0.0; Actual Efforts: -5.916115696891211e-05, -15.513510704040527, -12.16114330291748, -0.189027801156044, -0.5657088756561279, 0.15059611201286316, 0.0; Actual Accelerations: 0.0, 0.0, 0.0, 0.0, 0.0, 0.0, 0.0; Commanded Angles: 3.141593, 0.0, -1.570796, 0.0, 0.0, -1.0831932831271205, 0.0; Commanded Speeds: 0.0, 0.0, 0.0, 0.0, 0.0, -0.3490658503988659, 0.0; Commanded Accelerations: 0, 0, 0, 0, 0, 0, 0
408, 48153.372853, Actual Angles: 3.1415927410125732, 0.0, -1.5707963705062866, 0.0, 0.0, -1.0663679838180542, 0.0; Actual Speeds: 0.0, 0.0, 0.0, 0.0, 0.0, -0.3440000116825104, 0.0; Actual Efforts: -0.0002004978305194527, -15.513428688049316, -12.161069869995117, -0.18916793167591095, -0.565693736076355, 0.08081629127264023, 0.0; Actual Accelerations: 0.0, 0.0, 0.0, 0.0, 0.0, 0.0, 0.0; Commanded Angles: 3.141593, 0.0, -1.570796, 0.0, 0.0, -1.0950673647042488, 0.0; Commanded Speeds: 0.0, 0.0, 0.0, 0.0, 0.0, -0.3490658503988659, 0.0; Commanded Accelerations: 0, 0, 0, 0, 0, 0, 0
409, 48153.406492, Actual Angles: 3.1415927410125732, 0.0, -1.5707963705062866, 0.0, 0.0, -1.078879952430725, 0.0; Actual Speeds: 0.0, 0.0, 0.0, 0.0, 0.0, -0.3440000116825104, 0.0; Actual Efforts: -0.0002249089884571731, -15.51341724395752, -12.161059379577637, -0.18928012251853943, -0.5656916499137878, 0.04556941241025925, 0.0; Actual Accelerations: 0.0, 0.0, 0.0, 0.0, 0.0, 0.0, 0.0; Commanded Angles: 3.141593, 0.0, -1.570796, 0.0, 0.0, -1.1103157391491383, 0.0; Commanded Speeds: 0.0, 0.0, 0.0, 0.0, 0.0, -0.3490658503988659, 0.0; Commanded Accelerations: 0, 0, 0, 0, 0, 0, 0
410, 48153.440749, Actual Angles: 3.1415927410125732, 0.0, -1.5707963705062866, 0.0, 0.0, -1.0900160074234009, 0.0; Actual Speeds: 0.0, 0.0, 0.0, 0.0, 0.0, -0.3440000116825104, 0.0; Actual Efforts: -0.00024570367531850934, -15.513408660888672, -12.161052703857422, -0.18940559029579163, -0.5656901597976685, -0.020729977637529373, 0.0; Actual Accelerations: 0.0, 0.0, 0.0, 0.0, 0.0, 0.0, 0.0; Commanded Angles: 3.141593, 0.0, -1.570796, 0.0, 0.0, -1.121003388835504, 0.0; Commanded Speeds: 0.0, 0.0, 0.0, 0.0, 0.0, -0.3490658503988659, 0.0; Commanded Accelerations: 0, 0, 0, 0, 0, 0, 0
411, 48153.474564, Actual Angles: 3.1415927410125732, 0.0, -1.5707963705062866, 0.0, 0.0, -1.1025279760360718, 0.0; Actual Speeds: 0.0, 0.0, 0.0, 0.0, 0.0, -0.3440000116825104, 0.0; Actual Efforts: -0.00022513291332870722, -15.513422966003418, -12.161065101623535, -0.18951286375522614, -0.565692663192749, -0.15832629799842834, 0.0; Actual Accelerations: 0.0, 0.0, 0.0, 0.0, 0.0, 0.0, 0.0; Commanded Angles: 3.141593, 0.0, -1.570796, 0.0, 0.0, -1.1310906061641506, 0.0; Commanded Speeds: 0.0, 0.0, 0.0, 0.0, 0.0, -0.3490658503988659, 0.0; Commanded Accelerations: 0, 0, 0, 0, 0, 0, 0
412, 48153.508503, Actual Angles: 3.1415927410125732, 0.0, -1.5707963705062866, 0.0, 0.0, -1.1136640310287476, 0.0; Actual Speeds: 0.0, 0.0, 0.0, 0.0, 0.0, -0.35199999809265137, 0.0; Actual Efforts: -0.000247916643274948, -15.51341438293457, -12.161057472229004, -0.1896405965089798, -0.5656911730766296, 0.13301728665828705, 0.0; Actual Accelerations: 0.0, 0.0, 0.0, 0.0, 0.0, -4.660103916894254, 0.0; Commanded Angles: 3.141593, 0.0, -1.570796, 0.0, 0.0, -1.1431404319252194, 0.0; Commanded Speeds: 0.0, 0.0, 0.0, 0.0, 0.0, -0.3490658503988659, 0.0; Commanded Accelerations: 0, 0, 0, 0, 0, 0, 0
413, 48153.540830, Actual Angles: 3.1415927410125732, 0.0, -1.5707963705062866, 0.0, 0.0, -1.1247999668121338, 0.0; Actual Speeds: 0.0, 0.0, 0.0, 0.0, 0.0, -0.35199999809265137, 0.0; Actual Efforts: -0.00022297461691778153, -15.51343059539795, -12.16107177734375, -0.1897493451833725, -0.5656940937042236, 0.04931756481528282, 0.0; Actual Accelerations: 0.0, 0.0, 0.0, 0.0, 0.0, 0.0, 0.0; Commanded Angles: 3.141593, 0.0, -1.570796, 0.0, 0.0, -1.1533001254486626, 0.0; Commanded Speeds: 0.0, 0.0, 0.0, 0.0, 0.0, -0.3490658503988659, 0.0; Commanded Accelerations: 0, 0, 0, 0, 0, 0, 0
414, 48153.576547, Actual Angles: 3.1415927410125732, 0.0, -1.5707963705062866, 0.0, 0.0, -1.1373440027236938, 0.0; Actual Speeds: 0.0, 0.0, 0.0, 0.0, 0.0, -0.35199999809265137, 0.0; Actual Efforts: -1.635042099223938e-05, -15.513534545898438, -12.161163330078125, -0.18984965980052948, -0.5657131671905518, -0.12486425042152405, 0.0; Actual Accelerations: 0.0, 0.0, 0.0, 0.0, 0.0, 0.0, 0.0; Commanded Angles: 3.141593, 0.0, -1.570796, 0.0, 0.0, -1.166096742341978, 0.0; Commanded Speeds: 0.0, 0.0, 0.0, 0.0, 0.0, -0.3490658503988659, 0.0; Commanded Accelerations: 0, 0, 0, 0, 0, 0, 0
415, 48153.608073, Actual Angles: 3.1415927410125732, 0.0, -1.5707963705062866, 0.0, 0.0, -1.1484800577163696, 0.0; Actual Speeds: 0.0, 0.0, 0.0, 0.0, 0.0, -0.35199999809265137, 0.0; Actual Efforts: -0.00020957215747330338, -15.51344108581543, -12.161081314086914, -0.18997269868850708, -0.5656960606575012, -0.1595756709575653, 0.0; Actual Accelerations: 0.0, 0.0, 0.0, 0.0, 0.0, 0.0, 0.0; Commanded Angles: 3.141593, 0.0, -1.570796, 0.0, 0.0, -1.1787465023447805, 0.0; Commanded Speeds: 0.0, 0.0, 0.0, 0.0, 0.0, -0.3490658503988659, 0.0; Commanded Accelerations: 0, 0, 0, 0, 0, 0, 0
416, 48153.641484, Actual Angles: 3.1415927410125732, 0.0, -1.5707963705062866, 0.0, 0.0, -1.1610239744186401, 0.0; Actual Speeds: 0.0, 0.0, 0.0, 0.0, 0.0, -0.35199999809265137, 0.0; Actual Efforts: -7.904130143288057e-06, -15.513537406921387, -12.16116714477539, -0.19007575511932373, -0.5657138228416443, -0.29431626200675964, 0.0; Actual Accelerations: 0.0, 0.0, 0.0, 0.0, 0.0, 0.0, 0.0; Commanded Angles: 3.141593, 0.0, -1.570796, 0.0, 0.0, -1.1897011409808786, 0.0; Commanded Speeds: 0.0, 0.0, 0.0, 0.0, 0.0, -0.3490658503988659, 0.0; Commanded Accelerations: 0, 0, 0, 0, 0, 0, 0
417, 48153.676744, Actual Angles: 3.1415927410125732, 0.0, -1.5707963705062866, 0.0, 0.0, -1.172160029411316, 0.0; Actual Speeds: 0.0, 0.0, 0.0, 0.0, 0.0, -0.3440000116825104, 0.0; Actual Efforts: 0.00016585677803959697, -15.513612747192383, -12.161233901977539, -0.19018444418907166, -0.5657275915145874, 0.027007142081856728, 0.0; Actual Accelerations: 0.0, 0.0, 0.0, 0.0, 0.0, 0.0, 0.0; Commanded Angles: 3.141593, 0.0, -1.570796, 0.0, 0.0, -1.201101852264995, 0.0; Commanded Speeds: 0.0, 0.0, 0.0, 0.0, 0.0, -0.3490658503988659, 0.0; Commanded Accelerations: 0, 0, 0, 0, 0, 0, 0
418, 48153.708440, Actual Angles: 3.1415927410125732, 0.0, -1.5707963705062866, 0.0, 0.0, -1.1832959651947021, 0.0; Actual Speeds: 0.0, 0.0, 0.0, 0.0, 0.0, -0.3440000116825104, 0.0; Actual Efforts: 0.0001770290546119213, -15.513615608215332, -12.161235809326172, -0.19029870629310608, -0.5657280087471008, -0.05624637380242348, 0.0; Actual Accelerations: 0.0, 0.0, 0.0, 0.0, 0.0, 24.381430850208094, 0.0; Commanded Angles: 3.141593, 0.0, -1.570796, 0.0, 0.0, -1.2107511521729406, 0.0; Commanded Speeds: 0.0, 0.0, 0.0, 0.0, 0.0, -0.3490658503988659, 0.0; Commanded Accelerations: 0, 0, 0, 0, 0, 0, 0
419, 48153.741885, Actual Angles: 3.1415927410125732, 0.0, -1.5707963705062866, 0.0, 0.0, -1.1958080530166626, 0.0; Actual Speeds: 0.0, 0.0, 0.0, 0.0, 0.0, -0.3440000116825104, 0.0; Actual Efforts: 0.00021940590522717685, -15.513629913330078, -12.161249160766602, -0.19040964543819427, -0.5657306909561157, -0.26371175050735474, 0.0; Actual Accelerations: 0.0, 0.0, 0.0, 0.0, 0.0, 0.0, 0.0; Commanded Angles: 3.141593, 0.0, -1.570796, 0.0, 0.0, -1.2264834669739835, 0.0; Commanded Speeds: 0.0, 0.0, 0.0, 0.0, 0.0, -0.3490658503988659, 0.0; Commanded Accelerations: 0, 0, 0, 0, 0, 0, 0
420, 48153.776157, Actual Angles: 3.1415927410125732, 0.0, -1.5707963705062866, 0.0, 0.0, -1.2069439888000488, 0.0; Actual Speeds: 0.0, 0.0, 0.0, 0.0, 0.0, -0.3440000116825104, 0.0; Actual Efforts: 0.00017873919568955898, -15.513609886169434, -12.16123104095459, -0.19053098559379578, -0.5657270550727844, -0.009132151491940022, 0.0; Actual Accelerations: 0.0, 0.0, 0.0, 0.0, 0.0, 0.0, 0.0; Commanded Angles: 3.141593, 0.0, -1.570796, 0.0, 0.0, -1.238097861360764, 0.0; Commanded Speeds: 0.0, 0.0, 0.0, 0.0, 0.0, -0.3490658503988659, 0.0; Commanded Accelerations: 0, 0, 0, 0, 0, 0, 0
421, 48153.808899, Actual Angles: 3.1415927410125732, 0.0, -1.5707963705062866, 0.0, 0.0, -1.2180800437927246, 0.0; Actual Speeds: 0.0, 0.0, 0.0, 0.0, 0.0, -0.3440000116825104, 0.0; Actual Efforts: 0.0001680117129581049, -15.513603210449219, -12.161225318908691, -0.1906632035970688, -0.5657258033752441, -0.160648375749588, 0.0; Actual Accelerations: 0.0, 0.0, 0.0, 0.0, 0.0, 0.0, 0.0; Commanded Angles: 3.141593, 0.0, -1.570796, 0.0, 0.0, -1.2482500555521479, 0.0; Commanded Speeds: 0.0, 0.0, 0.0, 0.0, 0.0, -0.3490658503988659, 0.0; Commanded Accelerations: 0, 0, 0, 0, 0, 0, 0
422, 48153.842127, Actual Angles: 3.1415927410125732, 0.0, -1.5707963705062866, 0.0, 0.0, -1.2305920124053955, 0.0; Actual Speeds: 0.0, 0.0, 0.0, 0.0, 0.0, -0.3440000116825104, 0.0; Actual Efforts: 0.00017399313219357282, -15.513603210449219, -12.161224365234375, -0.1907801777124405, -0.5657257437705994, -0.14378349483013153, 0.0; Actual Accelerations: 0.0, 0.0, 0.0, 0.0, 0.0, 0.0, 0.0; Commanded Angles: 3.141593, 0.0, -1.570796, 0.0, 0.0, -1.2594147246689225, 0.0; Commanded Speeds: 0.0, 0.0, 0.0, 0.0, 0.0, -0.3490658503988659, 0.0; Commanded Accelerations: 0, 0, 0, 0, 0, 0, 0
423, 48153.875257, Actual Angles: 3.1415927410125732, 0.0, -1.5707963705062866, 0.0, 0.0, -1.2417279481887817, 0.0; Actual Speeds: 0.0, 0.0, 0.0, 0.0, 0.0, -0.3440000116825104, 0.0; Actual Efforts: 0.00016642782429698855, -15.51359748840332, -12.16122055053711, -0.1908995360136032, -0.5657248497009277, 0.12971355020999908, 0.0; Actual Accelerations: 0.0, 0.0, 0.0, 0.0, 0.0, 0.0, 0.0; Commanded Angles: 3.141593, 0.0, -1.570796, 0.0, 0.0, -1.2735348676689215, 0.0; Commanded Speeds: 0.0, 0.0, 0.0, 0.0, 0.0, -0.3490658503988659, 0.0; Commanded Accelerations: 0, 0, 0, 0, 0, 0, 0
424, 48153.908838, Actual Angles: 3.1415927410125732, 0.0, -1.5707963705062866, 0.0, 0.0, -1.2528640031814575, 0.0; Actual Speeds: 0.0, 0.0, 0.0, 0.0, 0.0, -0.35199999809265137, 0.0; Actual Efforts: 0.00018341261602472514, -15.513601303100586, -12.161223411560059, -0.1910305917263031, -0.5657254457473755, 0.21359175443649292, 0.0; Actual Accelerations: 0.0, 0.0, 0.0, 0.0, 0.0, -3.7826729691849406, 0.0; Commanded Angles: 3.141593, 0.0, -1.570796, 0.0, 0.0, -1.2814454475382304, 0.0; Commanded Speeds: 0.0, 0.0, 0.0, 0.0, 0.0, -0.3490658503988659, 0.0; Commanded Accelerations: 0, 0, 0, 0, 0, 0, 0
425, 48153.941939, Actual Angles: 3.1415927410125732, 0.0, -1.5707963705062866, 0.0, 0.0, -1.2654080390930176, 0.0; Actual Speeds: 0.0, 0.0, 0.0, 0.0, 0.0, -0.35199999809265137, 0.0; Actual Efforts: 0.00015053390234243125, -15.51358699798584, -12.161211013793945, -0.19115301966667175, -0.5657228827476501, 0.010231499560177326, 0.0; Actual Accelerations: 0.0, 0.0, 0.0, 0.0, 0.0, 0.0, 0.0; Commanded Angles: 3.141593, 0.0, -1.570796, 0.0, 0.0, -1.2964811728079682, 0.0; Commanded Speeds: 0.0, 0.0, 0.0, 0.0, 0.0, -0.3490658503988659, 0.0; Commanded Accelerations: 0, 0, 0, 0, 0, 0, 0
426, 48153.976733, Actual Angles: 3.1415927410125732, 0.0, -1.5707963705062866, 0.0, 0.0, -1.277951955795288, 0.0; Actual Speeds: 0.0, 0.0, 0.0, 0.0, 0.0, -0.35199999809265137, 0.0; Actual Efforts: -4.8611429519951344e-05, -15.513522148132324, -12.161152839660645, -0.19131255149841309, -0.5657109618186951, -0.0721278041601181, 0.0; Actual Accelerations: 0.0, 0.0, 0.0, 0.0, 0.0, 0.0, 0.0; Commanded Angles: 3.141593, 0.0, -1.570796, 0.0, 0.0, -1.308205992431863, 0.0; Commanded Speeds: 0.0, 0.0, 0.0, 0.0, 0.0, -0.3490658503988659, 0.0; Commanded Accelerations: 0, 0, 0, 0, 0, 0, 0
427, 48154.009211, Actual Angles: 3.1415927410125732, 0.0, -1.5707963705062866, 0.0, 0.0, -1.2890880107879639, 0.0; Actual Speeds: 0.0, 0.0, 0.0, 0.0, 0.0, -0.35199999809265137, 0.0; Actual Efforts: -2.242836490040645e-05, -15.513530731201172, -12.161160469055176, -0.1914294809103012, -0.565712571144104, -0.20856398344039917, 0.0; Actual Accelerations: 0.0, 0.0, 0.0, 0.0, 0.0, 0.0, 0.0; Commanded Angles: 3.141593, 0.0, -1.570796, 0.0, 0.0, -1.3171799521964815, 0.0; Commanded Speeds: 0.0, 0.0, 0.0, 0.0, 0.0, -0.3490658503988659, 0.0; Commanded Accelerations: 0, 0, 0, 0, 0, 0, 0
428, 48154.042160, Actual Angles: 3.1415927410125732, 0.0, -1.5707963705062866, 0.0, 0.0, -1.30022394657135, 0.0; Actual Speeds: 0.0, 0.0, 0.0, 0.0, 0.0, -0.35199999809265137, 0.0; Actual Efforts: -3.733089761226438e-05, -15.513526916503906, -12.16115665435791, -0.1915517896413803, -0.5657117962837219, 0.08144097775220871, 0.0; Actual Accelerations: 0.0, 0.0, 0.0, 0.0, 0.0, 0.0, 0.0; Commanded Angles: 3.141593, 0.0, -1.570796, 0.0, 0.0, -1.3287295254044675, 0.0; Commanded Speeds: 0.0, 0.0, 0.0, 0.0, 0.0, -0.3490658503988659, 0.0; Commanded Accelerations: 0, 0, 0, 0, 0, 0, 0
429, 48154.075735, Actual Angles: 3.1415927410125732, 0.0, -1.5707963705062866, 0.0, 0.0, -1.3113600015640259, 0.0; Actual Speeds: 0.0, 0.0, 0.0, 0.0, 0.0, -0.35199999809265137, 0.0; Actual Efforts: -2.7538817448657937e-05, -15.513529777526855, -12.16115951538086, -0.19167166948318481, -0.5657123923301697, -0.08667240291833878, 0.0; Actual Accelerations: 0.0, 0.0, 0.0, 0.0, 0.0, 0.0, 0.0; Commanded Angles: 3.141593, 0.0, -1.570796, 0.0, 0.0, -1.3398499661316505, 0.0; Commanded Speeds: 0.0, 0.0, 0.0, 0.0, 0.0, -0.3490658503988659, 0.0; Commanded Accelerations: 0, 0, 0, 0, 0, 0, 0
430, 48154.108795, Actual Angles: 3.1415927410125732, 0.0, -1.5707963705062866, 0.0, 0.0, -1.3224960565567017, 0.0; Actual Speeds: 0.0, 0.0, 0.0, 0.0, 0.0, -0.3440000116825104, 0.0; Actual Efforts: 1.9447499653324485e-05, -15.513542175292969, -12.161170959472656, -0.19180215895175934, -0.5657147169113159, -0.25987255573272705, 0.0; Actual Accelerations: 0.0, 0.0, 0.0, 0.0, 0.0, 0.0, 0.0; Commanded Angles: 3.141593, 0.0, -1.570796, 0.0, 0.0, -1.3518595805542657, 0.0; Commanded Speeds: 0.0, 0.0, 0.0, 0.0, 0.0, -0.3490658503988659, 0.0; Commanded Accelerations: 0, 0, 0, 0, 0, 0, 0
431, 48154.142226, Actual Angles: 3.1415927410125732, 0.0, -1.5707963705062866, 0.0, 0.0, -1.3350080251693726, 0.0; Actual Speeds: 0.0, 0.0, 0.0, 0.0, 0.0, -0.3440000116825104, 0.0; Actual Efforts: 1.575793430674821e-05, -15.513541221618652, -12.16117000579834, -0.1919238269329071, -0.5657143592834473, -0.24506023526191711, 0.0; Actual Accelerations: 0.0, 0.0, 0.0, 0.0, 0.0, 0.0, 0.0; Commanded Angles: 3.141593, 0.0, -1.570796, 0.0, 0.0, -1.3633068411652856, 0.0; Commanded Speeds: 0.0, 0.0, 0.0, 0.0, 0.0, -0.3490658503988659, 0.0; Commanded Accelerations: 0, 0, 0, 0, 0, 0, 0
432, 48154.175576, Actual Angles: 3.1415927410125732, 0.0, -1.5707963705062866, 0.0, 0.0, -1.3461439609527588, 0.0; Actual Speeds: 0.0, 0.0, 0.0, 0.0, 0.0, -0.3440000116825104, 0.0; Actual Efforts: -2.7967378628090955e-05, -15.513529777526855, -12.16115951538086, -0.1920502632856369, -0.5657123327255249, -0.2256965935230255, 0.0; Actual Accelerations: 0.0, 0.0, 0.0, 0.0, 0.0, 0.0, 0.0; Commanded Angles: 3.141593, 0.0, -1.570796, 0.0, 0.0, -1.3765663661507397, 0.0; Commanded Speeds: 0.0, 0.0, 0.0, 0.0, 0.0, -0.3490658503988659, 0.0; Commanded Accelerations: 0, 0, 0, 0, 0, 0, 0
433, 48154.209542, Actual Angles: 3.1415927410125732, 0.0, -1.5707963705062866, 0.0, 0.0, -1.3586560487747192, 0.0; Actual Speeds: 0.0, 0.0, 0.0, 0.0, 0.0, -0.3440000116825104, 0.0; Actual Efforts: -2.5350384021294303e-05, -15.513530731201172, -12.161160469055176, -0.19218696653842926, -0.5657125115394592, -0.05517367646098137, 0.0; Actual Accelerations: 0.0, 0.0, 0.0, 0.0, 0.0, 0.0, 0.0; Commanded Angles: 3.141593, 0.0, -1.570796, 0.0, 0.0, -1.3876785738111739, 0.0; Commanded Speeds: 0.0, 0.0, 0.0, 0.0, 0.0, -0.3490658503988659, 0.0; Commanded Accelerations: 0, 0, 0, 0, 0, 0, 0
434, 48154.242325, Actual Angles: 3.1415927410125732, 0.0, -1.5707963705062866, 0.0, 0.0, -1.3697919845581055, 0.0; Actual Speeds: 0.0, 0.0, 0.0, 0.0, 0.0, -0.3440000116825104, 0.0; Actual Efforts: -3.495060809655115e-05, -15.513528823852539, -12.161158561706543, -0.19231095910072327, -0.5657121539115906, -0.03607775270938873, 0.0; Actual Accelerations: 0.0, 0.0, 0.0, 0.0, 0.0, 0.0, 0.0; Commanded Angles: 3.141593, 0.0, -1.570796, 0.0, 0.0, -1.3983777475585142, 0.0; Commanded Speeds: 0.0, 0.0, 0.0, 0.0, 0.0, -0.3490658503988659, 0.0; Commanded Accelerations: 0, 0, 0, 0, 0, 0, 0
435, 48154.276151, Actual Angles: 3.1415927410125732, 0.0, -1.5707963705062866, 0.0, 0.0, -1.3809280395507812, 0.0; Actual Speeds: 0.0, 0.0, 0.0, 0.0, 0.0, -0.3440000116825104, 0.0; Actual Efforts: -9.009901077661198e-06, -15.513534545898438, -12.161164283752441, -0.19243136048316956, -0.5657132267951965, 0.014070689678192139, 0.0; Actual Accelerations: 0.0, 0.0, 0.0, 0.0, 0.0, 0.0, 0.0; Commanded Angles: 3.141593, 0.0, -1.570796, 0.0, 0.0, -1.4096378764103015, 0.0; Commanded Speeds: 0.0, 0.0, 0.0, 0.0, 0.0, -0.3490658503988659, 0.0; Commanded Accelerations: 0, 0, 0, 0, 0, 0, 0
436, 48154.309210, Actual Angles: 3.1415927410125732, 0.0, -1.5707963705062866, 0.0, 0.0, -1.3934719562530518, 0.0; Actual Speeds: 0.0, 0.0, 0.0, 0.0, 0.0, -0.35199999809265137, 0.0; Actual Efforts: -1.5549627278232947e-05, -15.513532638549805, -12.161162376403809, -0.19256959855556488, -0.5657128691673279, -0.02322874404489994, 0.0; Actual Accelerations: 0.0, 0.0, 0.0, 0.0, 0.0, 0.0, 0.0; Commanded Angles: 3.141593, 0.0, -1.570796, 0.0, 0.0, -1.422049681714034, 0.0; Commanded Speeds: 0.0, 0.0, 0.0, 0.0, 0.0, -0.3490658503988659, 0.0; Commanded Accelerations: 0, 0, 0, 0, 0, 0, 0
437, 48154.343110, Actual Angles: 3.1415927410125732, 0.0, -1.5707963705062866, 0.0, 0.0, -1.4046080112457275, 0.0; Actual Speeds: 0.0, 0.0, 0.0, 0.0, 0.0, -0.35199999809265137, 0.0; Actual Efforts: -3.83136939490214e-05, -15.513528823852539, -12.161158561706543, -0.19269534945487976, -0.5657120943069458, -0.004846752621233463, 0.0; Actual Accelerations: 0.0, 0.0, 0.0, 0.0, 0.0, 0.0, 0.0; Commanded Angles: 3.141593, 0.0, -1.570796, 0.0, 0.0, -1.4334093906756353, 0.0; Commanded Speeds: 0.0, 0.0, 0.0, 0.0, 0.0, -0.3490658503988659, 0.0; Commanded Accelerations: 0, 0, 0, 0, 0, 0, 0
438, 48154.375794, Actual Angles: 3.1415927410125732, 0.0, -1.5707963705062866, 0.0, 0.0, -1.4157439470291138, 0.0; Actual Speeds: 0.0, 0.0, 0.0, 0.0, 0.0, -0.35199999809265137, 0.0; Actual Efforts: -1.22300443763379e-05, -15.513533592224121, -12.161163330078125, -0.19281639158725739, -0.5657130479812622, -0.1572553962469101, 0.0; Actual Accelerations: 0.0, 0.0, 0.0, 0.0, 0.0, 0.0, 0.0; Commanded Angles: 3.141593, 0.0, -1.570796, 0.0, 0.0, -1.4450318086906007, 0.0; Commanded Speeds: 0.0, 0.0, 0.0, 0.0, 0.0, -0.3490658503988659, 0.0; Commanded Accelerations: 0, 0, 0, 0, 0, 0, 0
439, 48154.409115, Actual Angles: 3.1415927410125732, 0.0, -1.5707963705062866, 0.0, 0.0, -1.4282879829406738, 0.0; Actual Speeds: 0.0, 0.0, 0.0, 0.0, 0.0, -0.35199999809265137, 0.0; Actual Efforts: -0.0002555622486397624, -15.513492584228516, -12.161127090454102, -0.19297945499420166, -0.5657055377960205, 0.09893055260181427, 0.0; Actual Accelerations: 0.0, 0.0, 0.0, 0.0, 0.0, 0.0, 0.0; Commanded Angles: 3.141593, 0.0, -1.570796, 0.0, 0.0, -1.457118536646574, 0.0; Commanded Speeds: 0.0, 0.0, 0.0, 0.0, 0.0, -0.3490658503988659, 0.0; Commanded Accelerations: 0, 0, 0, 0, 0, 0, 0
440, 48154.443146, Actual Angles: 3.1415927410125732, 0.0, -1.5707963705062866, 0.0, 0.0, -1.4394240379333496, 0.0; Actual Speeds: 0.0, 0.0, 0.0, 0.0, 0.0, -0.35199999809265137, 0.0; Actual Efforts: -0.00022219268430490047, -15.513501167297363, -12.161133766174316, -0.19310033321380615, -0.5657070279121399, -0.10487590730190277, 0.0; Actual Accelerations: 0.0, 0.0, 0.0, 0.0, 0.0, 0.0, 0.0; Commanded Angles: 3.141593, 0.0, -1.570796, 0.0, 0.0, -1.4708642621889958, 0.0; Commanded Speeds: 0.0, 0.0, 0.0, 0.0, 0.0, -0.3490658503988659, 0.0; Commanded Accelerations: 0, 0, 0, 0, 0, 0, 0
441, 48154.475914, Actual Angles: 3.1415927410125732, 0.0, -1.5707963705062866, 0.0, 0.0, -1.4505599737167358, 0.0; Actual Speeds: 0.0, 0.0, 0.0, 0.0, 0.0, -0.35199999809265137, 0.0; Actual Efforts: -0.00018955978157464415, -15.513507843017578, -12.161139488220215, -0.19322142004966736, -0.5657082200050354, -0.210081085562706, 0.0; Actual Accelerations: 0.0, 0.0, 0.0, 0.0, 0.0, 0.0, 0.0; Commanded Angles: 3.141593, 0.0, -1.570796, 0.0, 0.0, -1.4817723113568362, 0.0; Commanded Speeds: 0.0, 0.0, 0.0, 0.0, 0.0, -0.3490658503988659, 0.0; Commanded Accelerations: 0, 0, 0, 0, 0, 0, 0
442, 48154.509207, Actual Angles: 3.1415927410125732, 0.0, -1.5707963705062866, 0.0, 0.0, -1.4630719423294067, 0.0; Actual Speeds: 0.0, 0.0, 0.0, 0.0, 0.0, -0.3440000116825104, 0.0; Actual Efforts: -0.00022031919797882438, -15.513505935668945, -12.161138534545898, -0.19336417317390442, -0.5657079219818115, -0.22605355083942413, 0.0; Actual Accelerations: 0.0, 0.0, 0.0, 0.0, 0.0, 0.0, 0.0; Commanded Angles: 3.141593, 0.0, -1.570796, 0.0, 0.0, -1.4898042698007805, 0.0; Commanded Speeds: 0.0, 0.0, 0.0, 0.0, 0.0, 0.0, 0.0; Commanded Accelerations: 0, 0, 0, 0, 0, 0, 0
443, 48154.543884, Actual Angles: 3.1415927410125732, 0.0, -1.5707963705062866, 0.0, 0.0, -1.4742079973220825, 0.0; Actual Speeds: 0.0, 0.0, 0.0, 0.0, 0.0, -0.3440000116825104, 0.0; Actual Efforts: -0.00020374589075800031, -15.513510704040527, -12.161142349243164, -0.19348745048046112, -0.5657087564468384, -0.41192424297332764, 0.0; Actual Accelerations: 0.0, 0.0, 0.0, 0.0, 0.0, 0.0, 0.0; Commanded Angles: 3.141593, 0.0, -1.570796, 0.0, 0.0, -1.4898042698007805, 0.0; Commanded Speeds: 0.0, 0.0, 0.0, 0.0, 0.0, 0.0, 0.0; Commanded Accelerations: 0, 0, 0, 0, 0, 0, 0
444, 48154.576055, Actual Angles: 3.1415927410125732, 0.0, -1.5707963705062866, 0.0, 0.0, -1.484320044517517, 0.0; Actual Speeds: 0.0, 0.0, 0.0, 0.0, 0.0, -0.23199999332427979, 0.0; Actual Efforts: -0.00021558919979725033, -15.513510704040527, -12.16114330291748, -0.19361351430416107, -0.5657089352607727, -0.22578582167625427, 0.0; Actual Accelerations: 0.0, 0.0, 0.0, 0.0, 0.0, 0.0, 0.0; Commanded Angles: 3.141593, 0.0, -1.570796, 0.0, 0.0, -1.4898042698007805, 0.0; Commanded Speeds: 0.0, 0.0, 0.0, 0.0, 0.0, 0.0, 0.0; Commanded Accelerations: 0, 0, 0, 0, 0, 0, 0
445, 48154.609410, Actual Angles: 3.1415927410125732, 0.0, -1.5707963705062866, 0.0, 0.0, -1.4855680465698242, 0.0; Actual Speeds: 0.0, 0.0, 0.0, 0.0, 0.0, 0.03999999910593033, 0.0; Actual Efforts: 0.0003498472215142101, -15.513561248779297, -12.161188125610352, -0.19368617236614227, -0.5657181143760681, 0.37715020775794983, 0.0; Actual Accelerations: 0.0, 0.0, 0.0, 0.0, 0.0, 0.0, 0.0; Commanded Angles: 3.141593, 0.0, -1.570796, 0.0, 0.0, -1.4898042698007805, 0.0; Commanded Speeds: 0.0, 0.0, 0.0, 0.0, 0.0, 0.0, 0.0; Commanded Accelerations: 0, 0, 0, 0, 0, 0, 0
446, 48154.642574, Actual Angles: 3.1415927410125732, 0.0, -1.5707963705062866, 0.0, 0.0, -1.4858880043029785, 0.0; Actual Speeds: 0.0, 0.0, 0.0, 0.0, 0.0, -0.00800000037997961, 0.0; Actual Efforts: 0.0015389351174235344, -15.513642311096191, -12.161259651184082, -0.1936437338590622, -0.5657329559326172, 0.38738784193992615, 0.0; Actual Accelerations: 0.0, 0.0, 0.0, 0.0, 0.0, 0.0, 0.0; Commanded Angles: 3.141593, 0.0, -1.570796, 0.0, 0.0, -1.4898042698007805, 0.0; Commanded Speeds: 0.0, 0.0, 0.0, 0.0, 0.0, 0.0, 0.0; Commanded Accelerations: 0, 0, 0, 0, 0, 0, 0
447, 48154.676271, Actual Angles: 3.1415927410125732, 0.0, -1.5707963705062866, 0.0, 0.0, -1.4858880043029785, 0.0; Actual Speeds: 0.0, 0.0, 0.0, 0.0, 0.0, 0.0, 0.0; Actual Efforts: 0.0014843048993498087, -15.513609886169434, -12.16123104095459, -0.19368921220302582, -0.565727174282074, 0.11136509478092194, 0.0; Actual Accelerations: 0.0, 0.0, 0.0, 0.0, 0.0, 0.0, 0.0; Commanded Angles: 3.141593, 0.0, -1.570796, 0.0, 0.0, -1.4898042698007805, 0.0; Commanded Speeds: 0.0, 0.0, 0.0, 0.0, 0.0, 0.0, 0.0; Commanded Accelerations: 0, 0, 0, 0, 0, 0, 0
448, 48154.709638, Actual Angles: 3.1415927410125732, 0.0, -1.5707963705062866, 0.0, 0.0, -1.4858880043029785, 0.0; Actual Speeds: 0.0, 0.0, 0.0, 0.0, 0.0, 0.0, 0.0; Actual Efforts: 0.0008672741241753101, -15.513545036315918, -12.161173820495605, -0.19377094507217407, -0.5657151937484741, -0.5073900818824768, 0.0; Actual Accelerations: 0.0, 0.0, 0.0, 0.0, 0.0, 0.0, 0.0; Commanded Angles: 3.141593, 0.0, -1.570796, 0.0, 0.0, -1.4898042698007805, 0.0; Commanded Speeds: 0.0, 0.0, 0.0, 0.0, 0.0, 0.0, 0.0; Commanded Accelerations: 0, 0, 0, 0, 0, 0, 0
449, 48154.743211, Actual Angles: 3.1415927410125732, 0.0, -1.5707963705062866, 0.0, 0.0, -1.4858880043029785, 0.0; Actual Speeds: 0.0, 0.0, 0.0, 0.0, 0.0, 0.0, 0.0; Actual Efforts: 0.0004532475722953677, -15.513505935668945, -12.161139488220215, -0.19382189214229584, -0.5657080411911011, -0.42039743065834045, 0.0; Actual Accelerations: 0.0, 0.0, 0.0, 0.0, 0.0, 0.0, 0.0; Commanded Angles: 3.141593, 0.0, -1.570796, 0.0, 0.0, -1.4898042698007805, 0.0; Commanded Speeds: 0.0, 0.0, 0.0, 0.0, 0.0, 0.0, 0.0; Commanded Accelerations: 0, 0, 0, 0, 0, 0, 0
450, 48154.776169, Actual Angles: 3.1415927410125732, 0.0, -1.5707963705062866, 0.0, 0.0, -1.4858880043029785, 0.0; Actual Speeds: 0.0, 0.0, 0.0, 0.0, 0.0, 0.0, 0.0; Actual Efforts: 0.00026284053456038237, -15.51348876953125, -12.161123275756836, -0.19384662806987762, -0.565704882144928, -0.3463393747806549, 0.0; Actual Accelerations: 0.0, 0.0, 0.0, 0.0, 0.0, 0.0, 0.0; Commanded Angles: 3.141593, 0.0, -1.570796, 0.0, 0.0, -1.4898042698007805, 0.0; Commanded Speeds: 0.0, 0.0, 0.0, 0.0, 0.0, 0.0, 0.0; Commanded Accelerations: 0, 0, 0, 0, 0, 0, 0
451, 48154.809917, Actual Angles: 3.1415927410125732, 0.0, -1.5707963705062866, 0.0, 0.0, -1.4858880043029785, 0.0; Actual Speeds: 0.0, 0.0, 0.0, 0.0, 0.0, 0.0, 0.0; Actual Efforts: 0.00016190932365134358, -15.513480186462402, -12.161115646362305, -0.19386015832424164, -0.5657032132148743, -0.3264438807964325, 0.0; Actual Accelerations: 0.0, 0.0, 0.0, 0.0, 0.0, 0.0, 0.0; Commanded Angles: 3.141593, 0.0, -1.570796, 0.0, 0.0, -1.4898042698007805, 0.0; Commanded Speeds: 0.0, 0.0, 0.0, 0.0, 0.0, 0.0, 0.0; Commanded Accelerations: 0, 0, 0, 0, 0, 0, 0
452, 48154.842771, Actual Angles: 3.1415927410125732, 0.0, -1.5707963705062866, 0.0, 0.0, -1.4858880043029785, 0.0; Actual Speeds: 0.0, 0.0, 0.0, 0.0, 0.0, 0.0, 0.0; Actual Efforts: 8.286246884381399e-05, -15.513473510742188, -12.161109924316406, -0.19386957585811615, -0.565701961517334, 0.0009803989669308066, 0.0; Actual Accelerations: 0.0, 0.0, 0.0, 0.0, 0.0, 0.0, 0.0; Commanded Angles: 3.141593, 0.0, -1.570796, 0.0, 0.0, -1.4898042698007805, 0.0; Commanded Speeds: 0.0, 0.0, 0.0, 0.0, 0.0, 0.0, 0.0; Commanded Accelerations: 0, 0, 0, 0, 0, 0, 0
453, 48154.876364, Actual Angles: 3.1415927410125732, 0.0, -1.5707963705062866, 0.0, 0.0, -1.4858880043029785, 0.0; Actual Speeds: 0.0, 0.0, 0.0, 0.0, 0.0, 0.0, 0.0; Actual Efforts: 4.190810795989819e-05, -15.513469696044922, -12.16110610961914, -0.19387434422969818, -0.5657013654708862, 0.0009692234452813864, 0.0; Actual Accelerations: 0.0, 0.0, 0.0, 0.0, 0.0, 0.0, 0.0; Commanded Angles: 3.141593, 0.0, -1.570796, 0.0, 0.0, -1.4898042698007805, 0.0; Commanded Speeds: 0.0, 0.0, 0.0, 0.0, 0.0, 0.0, 0.0; Commanded Accelerations: 0, 0, 0, 0, 0, 0, 0
454, 48154.909542, Actual Angles: 3.1415927410125732, 0.0, -1.5707963705062866, 0.0, 0.0, -1.4858880043029785, 0.0; Actual Speeds: 0.0, 0.0, 0.0, 0.0, 0.0, 0.0, 0.0; Actual Efforts: 2.571658478700556e-05, -15.513468742370605, -12.161105155944824, -0.19387628138065338, -0.5657010674476624, 0.0009647450060583651, 0.0; Actual Accelerations: 0.0, 0.0, 0.0, 0.0, 0.0, 0.0, 0.0; Commanded Angles: 3.141593, 0.0, -1.570796, 0.0, 0.0, -1.4898042698007805, 0.0; Commanded Speeds: 0.0, 0.0, 0.0, 0.0, 0.0, 0.0, 0.0; Commanded Accelerations: 0, 0, 0, 0, 0, 0, 0
455, 48154.943397, Actual Angles: 3.1415927410125732, 0.0, -1.5707963705062866, 0.0, 0.0, -1.4858880043029785, 0.0; Actual Speeds: 0.0, 0.0, 0.0, 0.0, 0.0, 0.0, 0.0; Actual Efforts: 1.619199974811636e-05, -15.513467788696289, -12.161104202270508, -0.19387738406658173, -0.5657009482383728, 0.0009621576173231006, 0.0; Actual Accelerations: 0.0, 0.0, 0.0, 0.0, 0.0, 0.0, 0.0; Commanded Angles: 3.141593, 0.0, -1.570796, 0.0, 0.0, -1.4898042698007805, 0.0; Commanded Speeds: 0.0, 0.0, 0.0, 0.0, 0.0, 0.0, 0.0; Commanded Accelerations: 0, 0, 0, 0, 0, 0, 0
456, 48154.976368, Actual Angles: 3.1415927410125732, 0.0, -1.5707963705062866, 0.0, 0.0, -1.4858880043029785, 0.0; Actual Speeds: 0.0, 0.0, 0.0, 0.0, 0.0, 0.0, 0.0; Actual Efforts: 5.7148304222209845e-06, -15.513466835021973, -12.161104202270508, -0.19387847185134888, -0.5657007694244385, 0.0009594171424396336, 0.0; Actual Accelerations: 0.0, 0.0, 0.0, 0.0, 0.0, 0.0, 0.0; Commanded Angles: 3.141593, 0.0, -1.570796, 0.0, 0.0, -1.4898042698007805, 0.0; Commanded Speeds: 0.0, 0.0, 0.0, 0.0, 0.0, 0.0, 0.0; Commanded Accelerations: 0, 0, 0, 0, 0, 0, 0
457, 48155.009835, Actual Angles: 3.1415927410125732, 0.0, -1.5707963705062866, 0.0, 0.0, -1.4858880043029785, 0.0; Actual Speeds: 0.0, 0.0, 0.0, 0.0, 0.0, 0.0, 0.0; Actual Efforts: 1.9049446109420387e-06, -15.513466835021973, -12.161103248596191, -0.1938789039850235, -0.5657007098197937, 0.000958395132329315, 0.0; Actual Accelerations: 0.0, 0.0, 0.0, 0.0, 0.0, 0.0, 0.0; Commanded Angles: 3.141593, 0.0, -1.570796, 0.0, 0.0, -1.4898042698007805, 0.0; Commanded Speeds: 0.0, 0.0, 0.0, 0.0, 0.0, 0.0, 0.0; Commanded Accelerations: 0, 0, 0, 0, 0, 0, 0
458, 48155.044951, Actual Angles: 3.1415927410125732, 0.0, -1.5707963705062866, 0.0, 0.0, -1.4858880043029785, 0.0; Actual Speeds: 0.0, 0.0, 0.0, 0.0, 0.0, 0.0, 0.0; Actual Efforts: 9.524723623144382e-07, -15.513465881347656, -12.161103248596191, -0.19387905299663544, -0.5657007098197937, 0.000958091055508703, 0.0; Actual Accelerations: 0.0, 0.0, 0.0, 0.0, 0.0, 0.0, 0.0; Commanded Angles: 3.141593, 0.0, -1.570796, 0.0, 0.0, -1.4898042698007805, 0.0; Commanded Speeds: 0.0, 0.0, 0.0, 0.0, 0.0, 0.0, 0.0; Commanded Accelerations: 0, 0, 0, 0, 0, 0, 0
459, 48155.076621, Actual Angles: 3.1415927410125732, 0.0, -1.5707963705062866, 0.0, 0.0, -1.4858880043029785, 0.0; Actual Speeds: 0.0, 0.0, 0.0, 0.0, 0.0, 0.0, 0.0; Actual Efforts: 1.9049474531129817e-06, -15.513466835021973, -12.161103248596191, -0.19387896358966827, -0.5657007098197937, 0.0009583304054103792, 0.0; Actual Accelerations: 0.0, 0.0, 0.0, 0.0, 0.0, 0.0, 0.0; Commanded Angles: 3.141593, 0.0, -1.570796, 0.0, 0.0, -1.4898042698007805, 0.0; Commanded Speeds: 0.0, 0.0, 0.0, 0.0, 0.0, 0.0, 0.0; Commanded Accelerations: 0, 0, 0, 0, 0, 0, 0
460, 48155.109634, Actual Angles: 3.1415927410125732, 0.0, -1.5707963705062866, 0.0, 0.0, -1.4858880043029785, 0.0; Actual Speeds: 0.0, 0.0, 0.0, 0.0, 0.0, 0.0, 0.0; Actual Efforts: 9.524737833999097e-07, -15.513465881347656, -12.161103248596191, -0.19387905299663544, -0.5657007098197937, 0.000958091055508703, 0.0; Actual Accelerations: 0.0, 0.0, 0.0, 0.0, 0.0, 0.0, 0.0; Commanded Angles: 3.141593, 0.0, -1.570796, 0.0, 0.0, -1.4898042698007805, 0.0; Commanded Speeds: 0.0, 0.0, 0.0, 0.0, 0.0, 0.0, 0.0; Commanded Accelerations: 0, 0, 0, 0, 0, 0, 0
461, 48155.143780, Actual Angles: 3.1415927410125732, 0.0, -1.5707963705062866, 0.0, 0.0, -1.4858880043029785, 0.0; Actual Speeds: 0.0, 0.0, 0.0, 0.0, 0.0, 0.0, 0.0; Actual Efforts: 2.4593889614730677e-15, -15.513465881347656, -12.161103248596191, -0.1938791424036026, -0.5657007098197937, 0.0009578517638146877, 0.0; Actual Accelerations: 0.0, 0.0, 0.0, 0.0, 0.0, 0.0, 0.0; Commanded Angles: 3.141593, 0.0, -1.570796, 0.0, 0.0, -1.4898042698007805, 0.0; Commanded Speeds: 0.0, 0.0, 0.0, 0.0, 0.0, 0.0, 0.0; Commanded Accelerations: 0, 0, 0, 0, 0, 0, 0
462, 48155.176556, Actual Angles: 3.1415927410125732, 0.0, -1.5707963705062866, 0.0, 0.0, -1.4858880043029785, 0.0; Actual Speeds: 0.0, 0.0, 0.0, 0.0, 0.0, 0.0, 0.0; Actual Efforts: 2.4593889614730677e-15, -15.513465881347656, -12.161103248596191, -0.1938791424036026, -0.5657007098197937, 0.0009578517638146877, 0.0; Actual Accelerations: 0.0, 0.0, 0.0, 0.0, 0.0, 0.0, 0.0; Commanded Angles: 3.141593, 0.0, -1.570796, 0.0, 0.0, -1.4898042698007805, 0.0; Commanded Speeds: 0.0, 0.0, 0.0, 0.0, 0.0, 0.0, 0.0; Commanded Accelerations: 0, 0, 0, 0, 0, 0, 0
463, 48155.209696, Actual Angles: 3.1415927410125732, 0.0, -1.5707963705062866, 0.0, 0.0, -1.4858880043029785, 0.0; Actual Speeds: 0.0, 0.0, 0.0, 0.0, 0.0, 0.0, 0.0; Actual Efforts: 2.4593889614730677e-15, -15.513465881347656, -12.161103248596191, -0.1938791424036026, -0.5657007098197937, 0.0009578517638146877, 0.0; Actual Accelerations: 0.0, 0.0, 0.0, 0.0, 0.0, 0.0, 0.0; Commanded Angles: 3.141593, 0.0, -1.570796, 0.0, 0.0, -1.4898042698007805, 0.0; Commanded Speeds: 0.0, 0.0, 0.0, 0.0, 0.0, 0.0, 0.0; Commanded Accelerations: 0, 0, 0, 0, 0, 0, 0
464, 48155.243700, Actual Angles: 3.1415927410125732, 0.0, -1.5707963705062866, 0.0, 0.0, -1.4858880043029785, 0.0; Actual Speeds: 0.0, 0.0, 0.0, 0.0, 0.0, 0.0, 0.0; Actual Efforts: 2.4593889614730677e-15, -15.513465881347656, -12.161103248596191, -0.1938791424036026, -0.5657007098197937, 0.0009578517638146877, 0.0; Actual Accelerations: 0.0, 0.0, 0.0, 0.0, 0.0, 0.0, 0.0; Commanded Angles: 3.141593, 0.0, -1.570796, 0.0, 0.0, -1.4898042698007805, 0.0; Commanded Speeds: 0.0, 0.0, 0.0, 0.0, 0.0, 0.0, 0.0; Commanded Accelerations: 0, 0, 0, 0, 0, 0, 0
465, 48155.276384, Actual Angles: 3.1415927410125732, 0.0, -1.5707963705062866, 0.0, 0.0, -1.4858880043029785, 0.0; Actual Speeds: 0.0, 0.0, 0.0, 0.0, 0.0, 0.0, 0.0; Actual Efforts: 2.4593889614730677e-15, -15.513465881347656, -12.161103248596191, -0.1938791424036026, -0.5657007098197937, 0.0009578517638146877, 0.0; Actual Accelerations: 0.0, 0.0, 0.0, 0.0, 0.0, 0.0, 0.0; Commanded Angles: 3.141593, 0.0, -1.570796, 0.0, 0.0, -1.4898042698007805, 0.0; Commanded Speeds: 0.0, 0.0, 0.0, 0.0, 0.0, 0.0, 0.0; Commanded Accelerations: 0, 0, 0, 0, 0, 0, 0
466, 48155.309731, Actual Angles: 3.1415927410125732, 0.0, -1.5707963705062866, 0.0, 0.0, -1.4858880043029785, 0.0; Actual Speeds: 0.0, 0.0, 0.0, 0.0, 0.0, 0.0, 0.0; Actual Efforts: 2.4593889614730677e-15, -15.513465881347656, -12.161103248596191, -0.1938791424036026, -0.5657007098197937, 0.0009578517638146877, 0.0; Actual Accelerations: 0.0, 0.0, 0.0, 0.0, 0.0, 0.0, 0.0; Commanded Angles: 3.141593, 0.0, -1.570796, 0.0, 0.0, -1.4898042698007805, 0.0; Commanded Speeds: 0.0, 0.0, 0.0, 0.0, 0.0, 0.0, 0.0; Commanded Accelerations: 0, 0, 0, 0, 0, 0, 0
467, 48155.343512, Actual Angles: 3.1415927410125732, 0.0, -1.5707963705062866, 0.0, 0.0, -1.4858880043029785, 0.0; Actual Speeds: 0.0, 0.0, 0.0, 0.0, 0.0, 0.0, 0.0; Actual Efforts: 2.4593889614730677e-15, -15.513465881347656, -12.161103248596191, -0.1938791424036026, -0.5657007098197937, 0.0009578517638146877, 0.0; Actual Accelerations: 0.0, 0.0, 0.0, 0.0, 0.0, 0.0, 0.0; Commanded Angles: 3.141593, 0.0, -1.570796, 0.0, 0.0, -1.4898042698007805, 0.0; Commanded Speeds: 0.0, 0.0, 0.0, 0.0, 0.0, 0.0, 0.0; Commanded Accelerations: 0, 0, 0, 0, 0, 0, 0
468, 48155.376922, Actual Angles: 3.1415927410125732, 0.0, -1.5707963705062866, 0.0, 0.0, -1.4858880043029785, 0.0; Actual Speeds: 0.0, 0.0, 0.0, 0.0, 0.0, 0.0, 0.0; Actual Efforts: 2.4593889614730677e-15, -15.513465881347656, -12.161103248596191, -0.1938791424036026, -0.5657007098197937, 0.0009578517638146877, 0.0; Actual Accelerations: 0.0, 0.0, 0.0, 0.0, 0.0, 0.0, 0.0; Commanded Angles: 3.141593, 0.0, -1.570796, 0.0, 0.0, -1.4898042698007805, 0.0; Commanded Speeds: 0.0, 0.0, 0.0, 0.0, 0.0, 0.0, 0.0; Commanded Accelerations: 0, 0, 0, 0, 0, 0, 0
469, 48155.410505, Actual Angles: 3.1415927410125732, 0.0, -1.5707963705062866, 0.0, 0.0, -1.4858880043029785, 0.0; Actual Speeds: 0.0, 0.0, 0.0, 0.0, 0.0, 0.0, 0.0; Actual Efforts: 2.4593889614730677e-15, -15.513465881347656, -12.161103248596191, -0.1938791424036026, -0.5657007098197937, 0.0009578517638146877, 0.0; Actual Accelerations: 0.0, 0.0, 0.0, 0.0, 0.0, 0.0, 0.0; Commanded Angles: 3.141593, 0.0, -1.570796, 0.0, 0.0, -1.4898042698007805, 0.0; Commanded Speeds: 0.0, 0.0, 0.0, 0.0, 0.0, 0.0, 0.0; Commanded Accelerations: 0, 0, 0, 0, 0, 0, 0
470, 48155.444648, Actual Angles: 3.1415927410125732, 0.0, -1.5707963705062866, 0.0, 0.0, -1.4858880043029785, 0.0; Actual Speeds: 0.0, 0.0, 0.0, 0.0, 0.0, 0.0, 0.0; Actual Efforts: 2.4593889614730677e-15, -15.513465881347656, -12.161103248596191, -0.1938791424036026, -0.5657007098197937, 0.0009578517638146877, 0.0; Actual Accelerations: 0.0, 0.0, 0.0, 0.0, 0.0, 0.0, 0.0; Commanded Angles: 3.141593, 0.0, -1.570796, 0.0, 0.0, -1.4898042698007805, 0.0; Commanded Speeds: 0.0, 0.0, 0.0, 0.0, 0.0, 0.0, 0.0; Commanded Accelerations: 0, 0, 0, 0, 0, 0, 0
471, 48155.476949, Actual Angles: 3.1415927410125732, 0.0, -1.5707963705062866, 0.0, 0.0, -1.4858880043029785, 0.0; Actual Speeds: 0.0, 0.0, 0.0, 0.0, 0.0, 0.0, 0.0; Actual Efforts: 2.4593889614730677e-15, -15.513465881347656, -12.161103248596191, -0.1938791424036026, -0.5657007098197937, 0.0009578517638146877, 0.0; Actual Accelerations: 0.0, 0.0, 0.0, 0.0, 0.0, 0.0, 0.0; Commanded Angles: 3.141593, 0.0, -1.570796, 0.0, 0.0, -1.4898042698007805, 0.0; Commanded Speeds: 0.0, 0.0, 0.0, 0.0, 0.0, 0.0, 0.0; Commanded Accelerations: 0, 0, 0, 0, 0, 0, 0
472, 48155.510420, Actual Angles: 3.1415927410125732, 0.0, -1.5707963705062866, 0.0, 0.0, -1.4858880043029785, 0.0; Actual Speeds: 0.0, 0.0, 0.0, 0.0, 0.0, 0.0, 0.0; Actual Efforts: 2.4593889614730677e-15, -15.513465881347656, -12.161103248596191, -0.1938791424036026, -0.5657007098197937, 0.0009578517638146877, 0.0; Actual Accelerations: 0.0, 0.0, 0.0, 0.0, 0.0, 0.0, 0.0; Commanded Angles: 3.141593, 0.0, -1.570796, 0.0, 0.0, -1.4871464181864655, 0.0; Commanded Speeds: 0.0, 0.0, 0.0, 0.0, 0.0, 0.3490658503988659, 0.0; Commanded Accelerations: 0, 0, 0, 0, 0, 0, 0
473, 48155.543196, Actual Angles: 3.1415927410125732, 0.0, -1.5707963705062866, 0.0, 0.0, -1.4858880043029785, 0.0; Actual Speeds: 0.0, 0.0, 0.0, 0.0, 0.0, 0.0, 0.0; Actual Efforts: 2.4593889614730677e-15, -15.513465881347656, -12.161103248596191, -0.1938791424036026, -0.5657007098197937, 0.0009578517638146877, 0.0; Actual Accelerations: 0.0, 0.0, 0.0, 0.0, 0.0, 0.0, 0.0; Commanded Angles: 3.141593, 0.0, -1.570796, 0.0, 0.0, -1.4761220749402235, 0.0; Commanded Speeds: 0.0, 0.0, 0.0, 0.0, 0.0, 0.3490658503988659, 0.0; Commanded Accelerations: 0, 0, 0, 0, 0, 0, 0
474, 48155.577790, Actual Angles: 3.1415927410125732, 0.0, -1.5707963705062866, 0.0, 0.0, -1.484768033027649, 0.0; Actual Speeds: 0.0, 0.0, 0.0, 0.0, 0.0, 0.11999999731779099, 0.0; Actual Efforts: 2.4593889614730677e-15, -15.513465881347656, -12.161103248596191, -0.1938791424036026, -0.5657007098197937, 0.0009578517638146877, 0.0; Actual Accelerations: 0.0, 0.0, 0.0, 0.0, 0.0, 0.0, 0.0; Commanded Angles: 3.141593, 0.0, -1.570796, 0.0, 0.0, -1.4649158530246718, 0.0; Commanded Speeds: 0.0, 0.0, 0.0, 0.0, 0.0, 0.3490658503988659, 0.0; Commanded Accelerations: 0, 0, 0, 0, 0, 0, 0
475, 48155.610109, Actual Angles: 3.1415927410125732, 0.0, -1.5707963705062866, 0.0, 0.0, -1.4749120473861694, 0.0; Actual Speeds: 0.0, 0.0, 0.0, 0.0, 0.0, 0.3919999897480011, 0.0; Actual Efforts: 0.00031810248037800193, -15.513493537902832, -12.161128044128418, -0.193841814994812, -0.5657057166099548, -0.9079625010490417, 0.0; Actual Accelerations: 0.0, 0.0, 0.0, 0.0, 0.0, 0.0, 0.0; Commanded Angles: 3.141593, 0.0, -1.570796, 0.0, 0.0, -1.4538632801225524, 0.0; Commanded Speeds: 0.0, 0.0, 0.0, 0.0, 0.0, 0.3490658503988659, 0.0; Commanded Accelerations: 0, 0, 0, 0, 0, 0, 0
476, 48155.643407, Actual Angles: 3.1415927410125732, 0.0, -1.5707963705062866, 0.0, 0.0, -1.4637759923934937, 0.0; Actual Speeds: 0.0, 0.0, 0.0, 0.0, 0.0, 0.328000009059906, 0.0; Actual Efforts: 0.0016428329981863499, -15.513619422912598, -12.161239624023438, -0.19366659224033356, -0.5657287836074829, -0.3639940917491913, 0.0; Actual Accelerations: 0.0, 0.0, 0.0, 0.0, 0.0, 0.0, 0.0; Commanded Angles: 3.141593, 0.0, -1.570796, 0.0, 0.0, -1.441404035026889, 0.0; Commanded Speeds: 0.0, 0.0, 0.0, 0.0, 0.0, 0.3490658503988659, 0.0; Commanded Accelerations: 0, 0, 0, 0, 0, 0, 0
477, 48155.676593, Actual Angles: 3.1415927410125732, 0.0, -1.5707963705062866, 0.0, 0.0, -1.4526400566101074, 0.0; Actual Speeds: 0.0, 0.0, 0.0, 0.0, 0.0, 0.3440000116825104, 0.0; Actual Efforts: 0.0016832356341183186, -15.513657569885254, -12.161273956298828, -0.19356630742549896, -0.5657358169555664, -0.2838318645954132, 0.0; Actual Accelerations: 0.0, 0.0, 0.0, 0.0, 0.0, 0.0, 0.0; Commanded Angles: 3.141593, 0.0, -1.570796, 0.0, 0.0, -1.4286024778033457, 0.0; Commanded Speeds: 0.0, 0.0, 0.0, 0.0, 0.0, 0.3490658503988659, 0.0; Commanded Accelerations: 0, 0, 0, 0, 0, 0, 0
478, 48155.710214, Actual Angles: 3.1415927410125732, 0.0, -1.5707963705062866, 0.0, 0.0, -1.440127968788147, 0.0; Actual Speeds: 0.0, 0.0, 0.0, 0.0, 0.0, 0.3440000116825104, 0.0; Actual Efforts: 0.0009277461795136333, -15.513608932495117, -12.16123104095459, -0.19353224337100983, -0.5657269954681396, -0.5341653823852539, 0.0; Actual Accelerations: 0.0, 0.0, 0.0, 0.0, 0.0, 0.0, 0.0; Commanded Angles: 3.141593, 0.0, -1.570796, 0.0, 0.0, -1.416823428357386, 0.0; Commanded Speeds: 0.0, 0.0, 0.0, 0.0, 0.0, 0.3490658503988659, 0.0; Commanded Accelerations: 0, 0, 0, 0, 0, 0, 0
479, 48155.743509, Actual Angles: 3.1415927410125732, 0.0, -1.5707963705062866, 0.0, 0.0, -1.4289920330047607, 0.0; Actual Speeds: 0.0, 0.0, 0.0, 0.0, 0.0, 0.3440000116825104, 0.0; Actual Efforts: 0.0004835108120460063, -15.513577461242676, -12.161202430725098, -0.19346001744270325, -0.5657211542129517, -0.45280721783638, 0.0; Actual Accelerations: 0.0, 0.0, 0.0, 0.0, 0.0, 0.0, 0.0; Commanded Angles: 3.141593, 0.0, -1.570796, 0.0, 0.0, -1.4073027110422467, 0.0; Commanded Speeds: 0.0, 0.0, 0.0, 0.0, 0.0, 0.3490658503988659, 0.0; Commanded Accelerations: 0, 0, 0, 0, 0, 0, 0
480, 48155.778127, Actual Angles: 3.1415927410125732, 0.0, -1.5707963705062866, 0.0, 0.0, -1.4164479970932007, 0.0; Actual Speeds: 0.0, 0.0, 0.0, 0.0, 0.0, 0.35199999809265137, 0.0; Actual Efforts: 7.294191891560331e-05, -15.513535499572754, -12.161164283752441, -0.19336435198783875, -0.5657133460044861, -0.931206464767456, 0.0; Actual Accelerations: 0.0, 0.0, 0.0, 0.0, 0.0, 0.0, 0.0; Commanded Angles: 3.141593, 0.0, -1.570796, 0.0, 0.0, -1.3911708177711237, 0.0; Commanded Speeds: 0.0, 0.0, 0.0, 0.0, 0.0, 0.3490658503988659, 0.0; Commanded Accelerations: 0, 0, 0, 0, 0, 0, 0
481, 48155.810736, Actual Angles: 3.1415927410125732, 0.0, -1.5707963705062866, 0.0, 0.0, -1.405311942100525, 0.0; Actual Speeds: 0.0, 0.0, 0.0, 0.0, 0.0, 0.35199999809265137, 0.0; Actual Efforts: -8.53660239954479e-05, -15.513516426086426, -12.161148071289062, -0.1932573765516281, -0.5657099485397339, -0.8345733284950256, 0.0; Actual Accelerations: 0.0, 0.0, 0.0, 0.0, 0.0, 0.0, 0.0; Commanded Angles: 3.141593, 0.0, -1.570796, 0.0, 0.0, -1.381249641641934, 0.0; Commanded Speeds: 0.0, 0.0, 0.0, 0.0, 0.0, 0.3490658503988659, 0.0; Commanded Accelerations: 0, 0, 0, 0, 0, 0, 0
482, 48155.843485, Actual Angles: 3.1415927410125732, 0.0, -1.5707963705062866, 0.0, 0.0, -1.3941760063171387, 0.0; Actual Speeds: 0.0, 0.0, 0.0, 0.0, 0.0, 0.35199999809265137, 0.0; Actual Efforts: 6.745178689016029e-05, -15.513544082641602, -12.161171913146973, -0.19311948120594025, -0.5657148957252502, -0.7960048317909241, 0.0; Actual Accelerations: 0.0, 0.0, 0.0, 0.0, 0.0, 0.0, 0.0; Commanded Angles: 3.141593, 0.0, -1.570796, 0.0, 0.0, -1.369499476347687, 0.0; Commanded Speeds: 0.0, 0.0, 0.0, 0.0, 0.0, 0.3490658503988659, 0.0; Commanded Accelerations: 0, 0, 0, 0, 0, 0, 0
483, 48155.877117, Actual Angles: 3.1415927410125732, 0.0, -1.5707963705062866, 0.0, 0.0, -1.3816319704055786, 0.0; Actual Speeds: 0.0, 0.0, 0.0, 0.0, 0.0, 0.35199999809265137, 0.0; Actual Efforts: -0.0001586736470926553, -15.513505935668945, -12.161138534545898, -0.19300244748592377, -0.5657079219818115, -1.108735203742981, 0.0; Actual Accelerations: 0.0, 0.0, 0.0, 0.0, 0.0, 0.0, 0.0; Commanded Angles: 3.141593, 0.0, -1.570796, 0.0, 0.0, -1.3569511835047323, 0.0; Commanded Speeds: 0.0, 0.0, 0.0, 0.0, 0.0, 0.3490658503988659, 0.0; Commanded Accelerations: 0, 0, 0, 0, 0, 0, 0
484, 48155.910254, Actual Angles: 3.1415927410125732, 0.0, -1.5707963705062866, 0.0, 0.0, -1.3704960346221924, 0.0; Actual Speeds: 0.0, 0.0, 0.0, 0.0, 0.0, 0.35199999809265137, 0.0; Actual Efforts: -0.00024287166888825595, -15.51348876953125, -12.161123275756836, -0.19288748502731323, -0.565704882144928, -0.5831573605537415, 0.0; Actual Accelerations: 0.0, 0.0, 0.0, 0.0, 0.0, 0.0, 0.0; Commanded Angles: 3.141593, 0.0, -1.570796, 0.0, 0.0, -1.3474300326502646, 0.0; Commanded Speeds: 0.0, 0.0, 0.0, 0.0, 0.0, 0.3490658503988659, 0.0; Commanded Accelerations: 0, 0, 0, 0, 0, 0, 0
485, 48155.943618, Actual Angles: 3.1415927410125732, 0.0, -1.5707963705062866, 0.0, 0.0, -1.3593599796295166, 0.0; Actual Speeds: 0.0, 0.0, 0.0, 0.0, 0.0, 0.35199999809265137, 0.0; Actual Efforts: -0.00022617587819695473, -15.513489723205566, -12.161124229431152, -0.19276240468025208, -0.5657049417495728, -0.683915913105011, 0.0; Actual Accelerations: 0.0, 0.0, 0.0, 0.0, 0.0, 0.0, 0.0; Commanded Angles: 3.141593, 0.0, -1.570796, 0.0, 0.0, -1.3379121473083264, 0.0; Commanded Speeds: 0.0, 0.0, 0.0, 0.0, 0.0, 0.3490658503988659, 0.0; Commanded Accelerations: 0, 0, 0, 0, 0, 0, 0
486, 48155.976996, Actual Angles: 3.1415927410125732, 0.0, -1.5707963705062866, 0.0, 0.0, -1.3468480110168457, 0.0; Actual Speeds: 0.0, 0.0, 0.0, 0.0, 0.0, 0.3440000116825104, 0.0; Actual Efforts: -0.0002059771795757115, -15.5134916305542, -12.161126136779785, -0.19262202084064484, -0.5657052993774414, -0.7227427363395691, 0.0; Actual Accelerations: 0.0, 0.0, 0.0, 0.0, 0.0, 0.0, 0.0; Commanded Angles: 3.141593, 0.0, -1.570796, 0.0, 0.0, -1.3249966368429336, 0.0; Commanded Speeds: 0.0, 0.0, 0.0, 0.0, 0.0, 0.3490658503988659, 0.0; Commanded Accelerations: 0, 0, 0, 0, 0, 0, 0
487, 48156.010856, Actual Angles: 3.1415927410125732, 0.0, -1.5707963705062866, 0.0, 0.0, -1.33571195602417, 0.0; Actual Speeds: 0.0, 0.0, 0.0, 0.0, 0.0, 0.3440000116825104, 0.0; Actual Efforts: -0.00026971710030920804, -15.51347541809082, -12.161110877990723, -0.19250555336475372, -0.5657023191452026, -0.4990893602371216, 0.0; Actual Accelerations: 0.0, 0.0, 0.0, 0.0, 0.0, 0.0, 0.0; Commanded Angles: 3.141593, 0.0, -1.570796, 0.0, 0.0, -1.3109123903781712, 0.0; Commanded Speeds: 0.0, 0.0, 0.0, 0.0, 0.0, 0.3490658503988659, 0.0; Commanded Accelerations: 0, 0, 0, 0, 0, 0, 0
488, 48156.044179, Actual Angles: 3.1415927410125732, 0.0, -1.5707963705062866, 0.0, 0.0, -1.3245760202407837, 0.0; Actual Speeds: 0.0, 0.0, 0.0, 0.0, 0.0, 0.3440000116825104, 0.0; Actual Efforts: -0.0002223202318418771, -15.513483047485352, -12.161118507385254, -0.19237741827964783, -0.565703809261322, -0.7220401167869568, 0.0; Actual Accelerations: 0.0, 0.0, 0.0, 0.0, 0.0, 0.0, 0.0; Commanded Angles: 3.141593, 0.0, -1.570796, 0.0, 0.0, -1.3004890634758792, 0.0; Commanded Speeds: 0.0, 0.0, 0.0, 0.0, 0.0, 0.3490658503988659, 0.0; Commanded Accelerations: 0, 0, 0, 0, 0, 0, 0
489, 48156.077563, Actual Angles: 3.1415927410125732, 0.0, -1.5707963705062866, 0.0, 0.0, -1.3120640516281128, 0.0; Actual Speeds: 0.0, 0.0, 0.0, 0.0, 0.0, 0.3440000116825104, 0.0; Actual Efforts: -3.9139667933341116e-05, -15.513525009155273, -12.161155700683594, -0.19221675395965576, -0.5657100081443787, -0.6579977869987488, 0.0; Actual Accelerations: 0.0, 0.0, 0.0, 0.0, 0.0, 0.0, 0.0; Commanded Angles: 3.141593, 0.0, -1.570796, 0.0, 0.0, -1.2864764467198608, 0.0; Commanded Speeds: 0.0, 0.0, 0.0, 0.0, 0.0, 0.3490658503988659, 0.0; Commanded Accelerations: 0, 0, 0, 0, 0, 0, 0
490, 48156.110435, Actual Angles: 3.1415927410125732, 0.0, -1.5707963705062866, 0.0, 0.0, -1.300927996635437, 0.0; Actual Speeds: 0.0, 0.0, 0.0, 0.0, 0.0, 0.3440000116825104, 0.0; Actual Efforts: -4.434786387719214e-05, -15.513401985168457, -12.161087036132812, -0.19209590554237366, -0.565689742565155, -0.43302690982818604, 0.0; Actual Accelerations: 0.0, 0.0, 0.0, 0.0, 0.0, 0.0, 0.0; Commanded Angles: 3.141593, 0.0, -1.570796, 0.0, 0.0, -1.2779204489821803, 0.0; Commanded Speeds: 0.0, 0.0, 0.0, 0.0, 0.0, 0.3490658503988659, 0.0; Commanded Accelerations: 0, 0, 0, 0, 0, 0, 0
491, 48156.144233, Actual Angles: 3.1415927410125732, 0.0, -1.5707963705062866, 0.0, 0.0, -1.2897919416427612, 0.0; Actual Speeds: 0.0, 0.0, 0.0, 0.0, 0.0, 0.3440000116825104, 0.0; Actual Efforts: -0.000191387691302225, -15.513482093811035, -12.161117553710938, -0.1919928640127182, -0.5657020211219788, -0.7743077874183655, 0.0; Actual Accelerations: 0.0, 0.0, 0.0, 0.0, 0.0, 0.0, 0.0; Commanded Angles: 3.141593, 0.0, -1.570796, 0.0, 0.0, -1.2665677963856152, 0.0; Commanded Speeds: 0.0, 0.0, 0.0, 0.0, 0.0, 0.3490658503988659, 0.0; Commanded Accelerations: 0, 0, 0, 0, 0, 0, 0
492, 48156.177650, Actual Angles: 3.1415927410125732, 0.0, -1.5707963705062866, 0.0, 0.0, -1.2772480249404907, 0.0; Actual Speeds: 0.0, 0.0, 0.0, 0.0, 0.0, 0.35199999809265137, 0.0; Actual Efforts: -3.2052648748504e-05, -15.513526916503906, -12.16115665435791, -0.1918354332447052, -0.5657102465629578, -0.6587004065513611, 0.0; Actual Accelerations: 0.0, 0.0, 0.0, 0.0, 0.0, 0.0, 0.0; Commanded Angles: 3.141593, 0.0, -1.570796, 0.0, 0.0, -1.253180812099859, 0.0; Commanded Speeds: 0.0, 0.0, 0.0, 0.0, 0.0, 0.3490658503988659, 0.0; Commanded Accelerations: 0, 0, 0, 0, 0, 0, 0
493, 48156.212719, Actual Angles: 3.1415927410125732, 0.0, -1.5707963705062866, 0.0, 0.0, -1.266111969947815, 0.0; Actual Speeds: 0.0, 0.0, 0.0, 0.0, 0.0, 0.35199999809265137, 0.0; Actual Efforts: -6.1414366427925415e-06, -15.513533592224121, -12.161163330078125, -0.191696897149086, -0.5657115578651428, -0.7591077089309692, 0.0; Actual Accelerations: 0.0, 0.0, 0.0, 0.0, 0.0, 0.0, 0.0; Commanded Angles: 3.141593, 0.0, -1.570796, 0.0, 0.0, -1.2428777806210527, 0.0; Commanded Speeds: 0.0, 0.0, 0.0, 0.0, 0.0, 0.3490658503988659, 0.0; Commanded Accelerations: 0, 0, 0, 0, 0, 0, 0
494, 48156.245146, Actual Angles: 3.1415927410125732, 0.0, -1.5707963705062866, 0.0, 0.0, -1.2535680532455444, 0.0; Actual Speeds: 0.0, 0.0, 0.0, 0.0, 0.0, 0.35199999809265137, 0.0; Actual Efforts: 3.0394319310289575e-06, -15.513537406921387, -12.161166191101074, -0.19157473742961884, -0.5657121539115906, -0.8294713497161865, 0.0; Actual Accelerations: 0.0, 0.0, 0.0, 0.0, 0.0, 0.0, 0.0; Commanded Angles: 3.141593, 0.0, -1.570796, 0.0, 0.0, -1.2311106821414712, 0.0; Commanded Speeds: 0.0, 0.0, 0.0, 0.0, 0.0, 0.3490658503988659, 0.0; Commanded Accelerations: 0, 0, 0, 0, 0, 0, 0
495, 48156.278872, Actual Angles: 3.1415927410125732, 0.0, -1.5707963705062866, 0.0, 0.0, -1.2424319982528687, 0.0; Actual Speeds: 0.0, 0.0, 0.0, 0.0, 0.0, 0.35199999809265137, 0.0; Actual Efforts: -4.59646362287458e-05, -15.513521194458008, -12.161151885986328, -0.19146005809307098, -0.5657092928886414, -0.5380014181137085, 0.0; Actual Accelerations: 0.0, 0.0, 0.0, 0.0, 0.0, 0.0, 0.0; Commanded Angles: 3.141593, 0.0, -1.570796, 0.0, 0.0, -1.2180764459992486, 0.0; Commanded Speeds: 0.0, 0.0, 0.0, 0.0, 0.0, 0.3490658503988659, 0.0; Commanded Accelerations: 0, 0, 0, 0, 0, 0, 0
496, 48156.312292, Actual Angles: 3.1415927410125732, 0.0, -1.5707963705062866, 0.0, 0.0, -1.2312959432601929, 0.0; Actual Speeds: 0.0, 0.0, 0.0, 0.0, 0.0, 0.35199999809265137, 0.0; Actual Efforts: 1.7008425857056864e-05, -15.513542175292969, -12.16117000579834, -0.1913331300020218, -0.5657130479812622, -0.8774352669715881, 0.0; Actual Accelerations: 0.0, 0.0, 0.0, 0.0, 0.0, 0.0, 0.0; Commanded Angles: 3.141593, 0.0, -1.570796, 0.0, 0.0, -1.2091310188796363, 0.0; Commanded Speeds: 0.0, 0.0, 0.0, 0.0, 0.0, 0.3490658503988659, 0.0; Commanded Accelerations: 0, 0, 0, 0, 0, 0, 0
497, 48156.345543, Actual Angles: 3.1415927410125732, 0.0, -1.5707963705062866, 0.0, 0.0, -1.218783974647522, 0.0; Actual Speeds: 0.0, 0.0, 0.0, 0.0, 0.0, 0.3440000116825104, 0.0; Actual Efforts: -5.8253108363715e-06, -15.513535499572754, -12.161164283752441, -0.1912015676498413, -0.5657117962837219, -0.7616548538208008, 0.0; Actual Accelerations: 0.0, 0.0, 0.0, 0.0, 0.0, 0.0, 0.0; Commanded Angles: 3.141593, 0.0, -1.570796, 0.0, 0.0, -1.194940275564884, 0.0; Commanded Speeds: 0.0, 0.0, 0.0, 0.0, 0.0, 0.3490658503988659, 0.0; Commanded Accelerations: 0, 0, 0, 0, 0, 0, 0
498, 48156.380473, Actual Angles: 3.1415927410125732, 0.0, -1.5707963705062866, 0.0, 0.0, -1.2076480388641357, 0.0; Actual Speeds: 0.0, 0.0, 0.0, 0.0, 0.0, 0.3440000116825104, 0.0; Actual Efforts: 0.0001880852651083842, -15.513603210449219, -12.161225318908691, -0.19104716181755066, -0.5657243728637695, -0.6575586199760437, 0.0; Actual Accelerations: 0.0, 0.0, 0.0, 0.0, 0.0, 0.0, 0.0; Commanded Angles: 3.141593, 0.0, -1.570796, 0.0, 0.0, -1.184293973426842, 0.0; Commanded Speeds: 0.0, 0.0, 0.0, 0.0, 0.0, 0.3490658503988659, 0.0; Commanded Accelerations: 0, 0, 0, 0, 0, 0, 0
499, 48156.413034, Actual Angles: 3.1415927410125732, 0.0, -1.5707963705062866, 0.0, 0.0, -1.1951359510421753, 0.0; Actual Speeds: 0.0, 0.0, 0.0, 0.0, 0.0, 0.3440000116825104, 0.0; Actual Efforts: 0.0002060885017272085, -15.5136137008667, -12.161233901977539, -0.1909257471561432, -0.5657261610031128, -0.9491163492202759, 0.0; Actual Accelerations: 0.0, 0.0, 0.0, 0.0, 0.0, 0.0, 0.0; Commanded Angles: 3.141593, 0.0, -1.570796, 0.0, 0.0, -1.1709207828254882, 0.0; Commanded Speeds: 0.0, 0.0, 0.0, 0.0, 0.0, 0.3490658503988659, 0.0; Commanded Accelerations: 0, 0, 0, 0, 0, 0, 0
500, 48156.446911, Actual Angles: 3.1415927410125732, 0.0, -1.5707963705062866, 0.0, 0.0, -1.184000015258789, 0.0; Actual Speeds: 0.0, 0.0, 0.0, 0.0, 0.0, 0.3440000116825104, 0.0; Actual Efforts: 0.00015540437016170472, -15.513596534729004, -12.161218643188477, -0.19081349670886993, -0.5657230615615845, -0.6581734418869019, 0.0; Actual Accelerations: 0.0, 0.0, 0.0, 0.0, 0.0, 0.0, 0.0; Commanded Angles: 3.141593, 0.0, -1.570796, 0.0, 0.0, -1.1607367744225654, 0.0; Commanded Speeds: 0.0, 0.0, 0.0, 0.0, 0.0, 0.3490658503988659, 0.0; Commanded Accelerations: 0, 0, 0, 0, 0, 0, 0
501, 48156.480514, Actual Angles: 3.1415927410125732, 0.0, -1.5707963705062866, 0.0, 0.0, -1.1728639602661133, 0.0; Actual Speeds: 0.0, 0.0, 0.0, 0.0, 0.0, 0.35199999809265137, 0.0; Actual Efforts: 0.0001699869317235425, -15.513604164123535, -12.161226272583008, -0.19068044424057007, -0.5657244920730591, -0.5524084568023682, 0.0; Actual Accelerations: 0.0, 0.0, 0.0, 0.0, 0.0, 23.502482658816643, 0.0; Commanded Angles: 3.141593, 0.0, -1.570796, 0.0, 0.0, -1.1488179844917268, 0.0; Commanded Speeds: 0.0, 0.0, 0.0, 0.0, 0.0, 0.3490658503988659, 0.0; Commanded Accelerations: 0, 0, 0, 0, 0, 0, 0
502, 48156.514493, Actual Angles: 3.1415927410125732, 0.0, -1.5707963705062866, 0.0, 0.0, -1.1603200435638428, 0.0; Actual Speeds: 0.0, 0.0, 0.0, 0.0, 0.0, 0.35199999809265137, 0.0; Actual Efforts: 0.00017978707910515368, -15.51361083984375, -12.161231994628906, -0.19056203961372375, -0.5657257437705994, -0.5549555420875549, 0.0; Actual Accelerations: 0.0, 0.0, 0.0, 0.0, 0.0, 0.0, 0.0; Commanded Angles: 3.141593, 0.0, -1.570796, 0.0, 0.0, -1.1370862167130165, 0.0; Commanded Speeds: 0.0, 0.0, 0.0, 0.0, 0.0, 0.3490658503988659, 0.0; Commanded Accelerations: 0, 0, 0, 0, 0, 0, 0
503, 48156.547284, Actual Angles: 3.1415927410125732, 0.0, -1.5707963705062866, 0.0, 0.0, -1.149183988571167, 0.0; Actual Speeds: 0.0, 0.0, 0.0, 0.0, 0.0, 0.35199999809265137, 0.0; Actual Efforts: 0.0001359248999506235, -15.513594627380371, -12.16121768951416, -0.19045066833496094, -0.5657228231430054, -0.46851611137390137, 0.0; Actual Accelerations: 0.0, 0.0, 0.0, 0.0, 0.0, 0.0, 0.0; Commanded Angles: 3.141593, 0.0, -1.570796, 0.0, 0.0, -1.1257861906793523, 0.0; Commanded Speeds: 0.0, 0.0, 0.0, 0.0, 0.0, 0.3490658503988659, 0.0; Commanded Accelerations: 0, 0, 0, 0, 0, 0, 0
504, 48156.582027, Actual Angles: 3.1415927410125732, 0.0, -1.5707963705062866, 0.0, 0.0, -1.136639952659607, 0.0; Actual Speeds: 0.0, 0.0, 0.0, 0.0, 0.0, 0.35199999809265137, 0.0; Actual Efforts: -2.1128886146470904e-05, -15.513529777526855, -12.16115951538086, -0.19033826887607574, -0.5657108426094055, -0.8106727600097656, 0.0; Actual Accelerations: 0.0, 0.0, 0.0, 0.0, 0.0, 0.0, 0.0; Commanded Angles: 3.141593, 0.0, -1.570796, 0.0, 0.0, -1.1137024231514558, 0.0; Commanded Speeds: 0.0, 0.0, 0.0, 0.0, 0.0, 0.3490658503988659, 0.0; Commanded Accelerations: 0, 0, 0, 0, 0, 0, 0
505, 48156.614586, Actual Angles: 3.1415927410125732, 0.0, -1.5707963705062866, 0.0, 0.0, -1.1255040168762207, 0.0; Actual Speeds: 0.0, 0.0, 0.0, 0.0, 0.0, 0.35199999809265137, 0.0; Actual Efforts: 0.00017350043344777077, -15.513617515563965, -12.161237716674805, -0.19020003080368042, -0.5657268762588501, -0.7955631017684937, 0.0; Actual Accelerations: 0.0, 0.0, 0.0, 0.0, 0.0, 0.0, 0.0; Commanded Angles: 3.141593, 0.0, -1.570796, 0.0, 0.0, -1.101632684581254, 0.0; Commanded Speeds: 0.0, 0.0, 0.0, 0.0, 0.0, 0.3490658503988659, 0.0; Commanded Accelerations: 0, 0, 0, 0, 0, 0, 0
506, 48156.648254, Actual Angles: 3.1415927410125732, 0.0, -1.5707963705062866, 0.0, 0.0, -1.114367961883545, 0.0; Actual Speeds: 0.0, 0.0, 0.0, 0.0, 0.0, 0.35199999809265137, 0.0; Actual Efforts: 0.00013570455485023558, -15.513601303100586, -12.161223411560059, -0.1900903731584549, -0.5657240152359009, -0.31496286392211914, 0.0; Actual Accelerations: 0.0, 0.0, 0.0, 0.0, 0.0, 0.0, 0.0; Commanded Angles: 3.141593, 0.0, -1.570796, 0.0, 0.0, -1.0887165911734853, 0.0; Commanded Speeds: 0.0, 0.0, 0.0, 0.0, 0.0, 0.3490658503988659, 0.0; Commanded Accelerations: 0, 0, 0, 0, 0, 0, 0
507, 48156.681607, Actual Angles: 3.1415927410125732, 0.0, -1.5707963705062866, 0.0, 0.0, -1.101855993270874, 0.0; Actual Speeds: 0.0, 0.0, 0.0, 0.0, 0.0, 0.3440000116825104, 0.0; Actual Efforts: -1.7597805026525748e-06, -15.51353931427002, -12.161168098449707, -0.18997830152511597, -0.565712571144104, -0.7420657277107239, 0.0; Actual Accelerations: 0.0, 0.0, 0.0, 0.0, 0.0, 0.0, 0.0; Commanded Angles: 3.141593, 0.0, -1.570796, 0.0, 0.0, -1.0784258565853069, 0.0; Commanded Speeds: 0.0, 0.0, 0.0, 0.0, 0.0, 0.3490658503988659, 0.0; Commanded Accelerations: 0, 0, 0, 0, 0, 0, 0
508, 48156.716817, Actual Angles: 3.1415927410125732, 0.0, -1.5707963705062866, 0.0, 0.0, -1.0907200574874878, 0.0; Actual Speeds: 0.0, 0.0, 0.0, 0.0, 0.0, 0.3440000116825104, 0.0; Actual Efforts: -0.00022118604101706296, -15.513428688049316, -12.161069869995117, -0.1898781657218933, -0.5656923055648804, -0.7246750593185425, 0.0; Actual Accelerations: 0.0, 0.0, 0.0, 0.0, 0.0, 0.0, 0.0; Commanded Angles: 3.141593, 0.0, -1.570796, 0.0, 0.0, -1.0669486492665694, 0.0; Commanded Speeds: 0.0, 0.0, 0.0, 0.0, 0.0, 0.3490658503988659, 0.0; Commanded Accelerations: 0, 0, 0, 0, 0, 0, 0
509, 48156.748946, Actual Angles: 3.1415927410125732, 0.0, -1.5707963705062866, 0.0, 0.0, -1.0782079696655273, 0.0; Actual Speeds: 0.0, 0.0, 0.0, 0.0, 0.0, 0.3440000116825104, 0.0; Actual Efforts: -0.00020788486290257424, -15.513432502746582, -12.161073684692383, -0.1897640824317932, -0.5656929612159729, -0.7232697606086731, 0.0; Actual Accelerations: 0.0, 0.0, 0.0, 0.0, 0.0, 0.0, 0.0; Commanded Angles: 3.141593, 0.0, -1.570796, 0.0, 0.0, -1.0567445793499086, 0.0; Commanded Speeds: 0.0, 0.0, 0.0, 0.0, 0.0, 0.3490658503988659, 0.0; Commanded Accelerations: 0, 0, 0, 0, 0, 0, 0
510, 48156.783221, Actual Angles: 3.1415927410125732, 0.0, -1.5707963705062866, 0.0, 0.0, -1.0670720338821411, 0.0; Actual Speeds: 0.0, 0.0, 0.0, 0.0, 0.0, 0.3440000116825104, 0.0; Actual Efforts: -0.00019664131104946136, -15.513436317443848, -12.161076545715332, -0.18965041637420654, -0.5656936764717102, -0.8610985279083252, 0.0; Actual Accelerations: 0.0, 0.0, 0.0, 0.0, 0.0, 0.0, 0.0; Commanded Angles: 3.141593, 0.0, -1.570796, 0.0, 0.0, -1.043093478576925, 0.0; Commanded Speeds: 0.0, 0.0, 0.0, 0.0, 0.0, 0.3490658503988659, 0.0; Commanded Accelerations: 0, 0, 0, 0, 0, 0, 0
511, 48156.816828, Actual Angles: 3.1415927410125732, 0.0, -1.5707963705062866, 0.0, 0.0, -1.0559359788894653, 0.0; Actual Speeds: 0.0, 0.0, 0.0, 0.0, 0.0, 0.35199999809265137, 0.0; Actual Efforts: -0.00026250691735185683, -15.513398170471191, -12.161042213439941, -0.18953505158424377, -0.5656865239143372, -0.39824292063713074, 0.0; Actual Accelerations: 0.0, 0.0, 0.0, 0.0, 0.0, 0.0, 0.0; Commanded Angles: 3.141593, 0.0, -1.570796, 0.0, 0.0, -1.0310853693268478, 0.0; Commanded Speeds: 0.0, 0.0, 0.0, 0.0, 0.0, 0.3490658503988659, 0.0; Commanded Accelerations: 0, 0, 0, 0, 0, 0, 0
512, 48156.850074, Actual Angles: 3.1415927410125732, 0.0, -1.5707963705062866, 0.0, 0.0, -1.0433919429779053, 0.0; Actual Speeds: 0.0, 0.0, 0.0, 0.0, 0.0, 0.35199999809265137, 0.0; Actual Efforts: -0.0002080998820019886, -15.513423919677734, -12.161066055297852, -0.18941769003868103, -0.5656914114952087, -0.7199321389198303, 0.0; Actual Accelerations: 0.0, 0.0, 0.0, 0.0, 0.0, 0.0, 0.0; Commanded Angles: 3.141593, 0.0, -1.570796, 0.0, 0.0, -1.0190073669686157, 0.0; Commanded Speeds: 0.0, 0.0, 0.0, 0.0, 0.0, 0.3490658503988659, 0.0; Commanded Accelerations: 0, 0, 0, 0, 0, 0, 0
513, 48156.884066, Actual Angles: 3.1415927410125732, 0.0, -1.5707963705062866, 0.0, 0.0, -1.032256007194519, 0.0; Actual Speeds: 0.0, 0.0, 0.0, 0.0, 0.0, 0.35199999809265137, 0.0; Actual Efforts: -0.00018799830286297947, -15.513433456420898, -12.1610746383667, -0.18930509686470032, -0.5656931400299072, -0.6228624582290649, 0.0; Actual Accelerations: 0.0, 0.0, 0.0, 0.0, 0.0, 0.0, 0.0; Commanded Angles: 3.141593, 0.0, -1.570796, 0.0, 0.0, -1.0086168871640606, 0.0; Commanded Speeds: 0.0, 0.0, 0.0, 0.0, 0.0, 0.3490658503988659, 0.0; Commanded Accelerations: 0, 0, 0, 0, 0, 0, 0
514, 48156.917331, Actual Angles: 3.1415927410125732, 0.0, -1.5707963705062866, 0.0, 0.0, -1.019711971282959, 0.0; Actual Speeds: 0.0, 0.0, 0.0, 0.0, 0.0, 0.35199999809265137, 0.0; Actual Efforts: -5.3306557674659416e-05, -15.51351261138916, -12.161144256591797, -0.18916073441505432, -0.5657075643539429, -0.38515082001686096, 0.0; Actual Accelerations: 0.0, 0.0, 0.0, 0.0, 0.0, 0.0, 0.0; Commanded Angles: 3.141593, 0.0, -1.570796, 0.0, 0.0, -0.9968391107590643, 0.0; Commanded Speeds: 0.0, 0.0, 0.0, 0.0, 0.0, 0.3490658503988659, 0.0; Commanded Accelerations: 0, 0, 0, 0, 0, 0, 0
515, 48156.950751, Actual Angles: 3.1415927410125732, 0.0, -1.5707963705062866, 0.0, 0.0, -1.0085760354995728, 0.0; Actual Speeds: 0.0, 0.0, 0.0, 0.0, 0.0, 0.35199999809265137, 0.0; Actual Efforts: -3.503037441987544e-05, -15.51352310180664, -12.161153793334961, -0.1890493780374527, -0.5657095909118652, -0.7251994609832764, 0.0; Actual Accelerations: 0.0, 0.0, 0.0, 0.0, 0.0, 0.0, 0.0; Commanded Angles: 3.141593, 0.0, -1.570796, 0.0, 0.0, -0.9820420997552736, 0.0; Commanded Speeds: 0.0, 0.0, 0.0, 0.0, 0.0, 0.3490658503988659, 0.0; Commanded Accelerations: 0, 0, 0, 0, 0, 0, 0
516, 48156.985521, Actual Angles: 3.1415927410125732, 0.0, -1.5707963705062866, 0.0, 0.0, -0.9960640072822571, 0.0; Actual Speeds: 0.0, 0.0, 0.0, 0.0, 0.0, 0.3440000116825104, 0.0; Actual Efforts: -4.3171748984605074e-05, -15.513518333435059, -12.161149024963379, -0.18892967700958252, -0.5657086968421936, -0.6583490967750549, 0.0; Actual Accelerations: 0.0, 0.0, 0.0, 0.0, 0.0, 0.0, 0.0; Commanded Angles: 3.141593, 0.0, -1.570796, 0.0, 0.0, -0.9704134023930345, 0.0; Commanded Speeds: 0.0, 0.0, 0.0, 0.0, 0.0, 0.3490658503988659, 0.0; Commanded Accelerations: 0, 0, 0, 0, 0, 0, 0
517, 48157.019351, Actual Angles: 3.1415927410125732, 0.0, -1.5707963705062866, 0.0, 0.0, -0.9849280118942261, 0.0; Actual Speeds: 0.0, 0.0, 0.0, 0.0, 0.0, 0.3440000116825104, 0.0; Actual Efforts: -4.2695355659816414e-05, -15.513518333435059, -12.161149024963379, -0.18882301449775696, -0.5657086372375488, -0.3838333189487457, 0.0; Actual Accelerations: 0.0, 0.0, 0.0, 0.0, 0.0, 0.0, 0.0; Commanded Angles: 3.141593, 0.0, -1.570796, 0.0, 0.0, -0.962282259683065, 0.0; Commanded Speeds: 0.0, 0.0, 0.0, 0.0, 0.0, 0.3490658503988659, 0.0; Commanded Accelerations: 0, 0, 0, 0, 0, 0, 0
518, 48157.051230, Actual Angles: 3.1415927410125732, 0.0, -1.5707963705062866, 0.0, 0.0, -0.9737920165061951, 0.0; Actual Speeds: 0.0, 0.0, 0.0, 0.0, 0.0, 0.3440000116825104, 0.0; Actual Efforts: -2.1089022993692197e-05, -15.513532638549805, -12.161162376403809, -0.18871326744556427, -0.565711259841919, -0.5230674147605896, 0.0; Actual Accelerations: 0.0, 0.0, 0.0, 0.0, 0.0, 0.0, 0.0; Commanded Angles: 3.141593, 0.0, -1.570796, 0.0, 0.0, -0.9507343197545385, 0.0; Commanded Speeds: 0.0, 0.0, 0.0, 0.0, 0.0, 0.3490658503988659, 0.0; Commanded Accelerations: 0, 0, 0, 0, 0, 0, 0
519, 48157.085864, Actual Angles: 3.1415927410125732, 0.0, -1.5707963705062866, 0.0, 0.0, -0.9612799882888794, 0.0; Actual Speeds: 0.0, 0.0, 0.0, 0.0, 0.0, 0.3440000116825104, 0.0; Actual Efforts: -7.675945380469784e-05, -15.513495445251465, -12.161128997802734, -0.18860331177711487, -0.5657044649124146, -0.402368426322937, 0.0; Actual Accelerations: 0.0, 0.0, 0.0, 0.0, 0.0, 0.0, 0.0; Commanded Angles: 3.141593, 0.0, -1.570796, 0.0, 0.0, -0.9366724403827248, 0.0; Commanded Speeds: 0.0, 0.0, 0.0, 0.0, 0.0, 0.3490658503988659, 0.0; Commanded Accelerations: 0, 0, 0, 0, 0, 0, 0
520, 48157.118821, Actual Angles: 3.1415927410125732, 0.0, -1.5707963705062866, 0.0, 0.0, -0.9501439929008484, 0.0; Actual Speeds: 0.0, 0.0, 0.0, 0.0, 0.0, 0.3440000116825104, 0.0; Actual Efforts: -2.4181952539947815e-05, -15.513530731201172, -12.161160469055176, -0.18849076330661774, -0.5657109618186951, -0.7593712210655212, 0.0; Actual Accelerations: 0.0, 0.0, 0.0, 0.0, 0.0, 0.0, 0.0; Commanded Angles: 3.141593, 0.0, -1.570796, 0.0, 0.0, -0.924951564156104, 0.0; Commanded Speeds: 0.0, 0.0, 0.0, 0.0, 0.0, 0.3490658503988659, 0.0; Commanded Accelerations: 0, 0, 0, 0, 0, 0, 0
521, 48157.152140, Actual Angles: 3.1415927410125732, 0.0, -1.5707963705062866, 0.0, 0.0, -0.9390079975128174, 0.0; Actual Speeds: 0.0, 0.0, 0.0, 0.0, 0.0, 0.35199999809265137, 0.0; Actual Efforts: -2.8267222660360858e-05, -15.513527870178223, -12.161158561706543, -0.18837498128414154, -0.5657105445861816, -0.659051775932312, 0.0; Actual Accelerations: 0.0, 0.0, 0.0, 0.0, 0.0, 25.833908824850706, 0.0; Commanded Angles: 3.141593, 0.0, -1.570796, 0.0, 0.0, -0.9135056924765901, 0.0; Commanded Speeds: 0.0, 0.0, 0.0, 0.0, 0.0, 0.3490658503988659, 0.0; Commanded Accelerations: 0, 0, 0, 0, 0, 0, 0
522, 48157.185632, Actual Angles: 3.1415927410125732, 0.0, -1.5707963705062866, 0.0, 0.0, -0.9264640212059021, 0.0; Actual Speeds: 0.0, 0.0, 0.0, 0.0, 0.0, 0.35199999809265137, 0.0; Actual Efforts: -6.73799731885083e-05, -15.51349925994873, -12.1611328125, -0.18827883899211884, -0.5657052397727966, -0.195581316947937, 0.0; Actual Accelerations: 0.0, 0.0, 0.0, 0.0, 0.0, 0.0, 0.0; Commanded Angles: 3.141593, 0.0, -1.570796, 0.0, 0.0, -0.9025937836889327, 0.0; Commanded Speeds: 0.0, 0.0, 0.0, 0.0, 0.0, 0.3490658503988659, 0.0; Commanded Accelerations: 0, 0, 0, 0, 0, 0, 0
523, 48157.219474, Actual Angles: 3.1415927410125732, 0.0, -1.5707963705062866, 0.0, 0.0, -0.9153280258178711, 0.0; Actual Speeds: 0.0, 0.0, 0.0, 0.0, 0.0, 0.35199999809265137, 0.0; Actual Efforts: 2.044334451056784e-06, -15.513550758361816, -12.161178588867188, -0.18816521763801575, -0.5657146573066711, -0.6920816898345947, 0.0; Actual Accelerations: 0.0, 0.0, 0.0, 0.0, 0.0, 0.0, 0.0; Commanded Angles: 3.141593, 0.0, -1.570796, 0.0, 0.0, -0.8884685038349641, 0.0; Commanded Speeds: 0.0, 0.0, 0.0, 0.0, 0.0, 0.3490658503988659, 0.0; Commanded Accelerations: 0, 0, 0, 0, 0, 0, 0
524, 48157.252829, Actual Angles: 3.1415927410125732, 0.0, -1.5707963705062866, 0.0, 0.0, -0.9041919708251953, 0.0; Actual Speeds: 0.0, 0.0, 0.0, 0.0, 0.0, 0.35199999809265137, 0.0; Actual Efforts: 0.0001474431192036718, -15.51366138458252, -12.161276817321777, -0.1880284696817398, -0.5657349824905396, -0.6283054351806641, 0.0; Actual Accelerations: 0.0, 0.0, 0.0, 0.0, 0.0, 0.0, 0.0; Commanded Angles: 3.141593, 0.0, -1.570796, 0.0, 0.0, -0.8764137426327575, 0.0; Commanded Speeds: 0.0, 0.0, 0.0, 0.0, 0.0, 0.3490658503988659, 0.0; Commanded Accelerations: 0, 0, 0, 0, 0, 0, 0
525, 48157.286660, Actual Angles: 3.1415927410125732, 0.0, -1.5707963705062866, 0.0, 0.0, -0.89164799451828, 0.0; Actual Speeds: 0.0, 0.0, 0.0, 0.0, 0.0, 0.35199999809265137, 0.0; Actual Efforts: 0.0001341584575129673, -15.513653755187988, -12.161270141601562, -0.18792977929115295, -0.5657336115837097, -0.5912352800369263, 0.0; Actual Accelerations: 0.0, 0.0, 0.0, 0.0, 0.0, 0.0, 0.0; Commanded Angles: 3.141593, 0.0, -1.570796, 0.0, 0.0, -0.8663414349537291, 0.0; Commanded Speeds: 0.0, 0.0, 0.0, 0.0, 0.0, 0.3490658503988659, 0.0; Commanded Accelerations: 0, 0, 0, 0, 0, 0, 0
526, 48157.320086, Actual Angles: 3.1415927410125732, 0.0, -1.5707963705062866, 0.0, 0.0, -0.880511999130249, 0.0; Actual Speeds: 0.0, 0.0, 0.0, 0.0, 0.0, 0.35199999809265137, 0.0; Actual Efforts: 0.00014173242379911244, -15.513663291931152, -12.161277770996094, -0.1878281831741333, -0.5657352805137634, -0.7785211205482483, 0.0; Actual Accelerations: 0.0, 0.0, 0.0, 0.0, 0.0, 0.0, 0.0; Commanded Angles: 3.141593, 0.0, -1.570796, 0.0, 0.0, -0.8565486434992605, 0.0; Commanded Speeds: 0.0, 0.0, 0.0, 0.0, 0.0, 0.3490658503988659, 0.0; Commanded Accelerations: 0, 0, 0, 0, 0, 0, 0
527, 48157.354000, Actual Angles: 3.1415927410125732, 0.0, -1.5707963705062866, 0.0, 0.0, -0.8679999709129333, 0.0; Actual Speeds: 0.0, 0.0, 0.0, 0.0, 0.0, 0.3440000116825104, 0.0; Actual Efforts: 9.1284338850528e-05, -15.513625144958496, -12.16124439239502, -0.18772616982460022, -0.5657283663749695, -0.33332228660583496, 0.0; Actual Accelerations: 0.0, 0.0, 0.0, 0.0, 0.0, 0.0, 0.0; Commanded Angles: 3.141593, 0.0, -1.570796, 0.0, 0.0, -0.8451025892597617, 0.0; Commanded Speeds: 0.0, 0.0, 0.0, 0.0, 0.0, 0.3490658503988659, 0.0; Commanded Accelerations: 0, 0, 0, 0, 0, 0, 0
528, 48157.387795, Actual Angles: 3.1415927410125732, 0.0, -1.5707963705062866, 0.0, 0.0, -0.8568639755249023, 0.0; Actual Speeds: 0.0, 0.0, 0.0, 0.0, 0.0, 0.3440000116825104, 0.0; Actual Efforts: 0.00012281467206776142, -15.513653755187988, -12.161270141601562, -0.18762297928333282, -0.5657335519790649, -0.48459193110466003, 0.0; Actual Accelerations: 0.0, 0.0, 0.0, 0.0, 0.0, 0.0, 0.0; Commanded Angles: 3.141593, 0.0, -1.570796, 0.0, 0.0, -0.832120462716685, 0.0; Commanded Speeds: 0.0, 0.0, 0.0, 0.0, 0.0, 0.3490658503988659, 0.0; Commanded Accelerations: 0, 0, 0, 0, 0, 0, 0
529, 48157.420626, Actual Angles: 3.1415927410125732, 0.0, -1.5707963705062866, 0.0, 0.0, -0.8457279801368713, 0.0; Actual Speeds: 0.0, 0.0, 0.0, 0.0, 0.0, 0.3440000116825104, 0.0; Actual Efforts: -2.5394974727532826e-05, -15.513532638549805, -12.161162376403809, -0.18753893673419952, -0.5657113790512085, -0.5579418540000916, 0.0; Actual Accelerations: 0.0, 0.0, 0.0, 0.0, 0.0, 0.0, 0.0; Commanded Angles: 3.141593, 0.0, -1.570796, 0.0, 0.0, -0.8194968316879733, 0.0; Commanded Speeds: 0.0, 0.0, 0.0, 0.0, 0.0, 0.3490658503988659, 0.0; Commanded Accelerations: 0, 0, 0, 0, 0, 0, 0
530, 48157.454735, Actual Angles: 3.1415927410125732, 0.0, -1.5707963705062866, 0.0, 0.0, -0.8332160115242004, 0.0; Actual Speeds: 0.0, 0.0, 0.0, 0.0, 0.0, 0.3440000116825104, 0.0; Actual Efforts: 8.483434794470668e-05, -15.513628005981445, -12.161247253417969, -0.1874241679906845, -0.5657287836074829, -0.31715863943099976, 0.0; Actual Accelerations: 0.0, 0.0, 0.0, 0.0, 0.0, 0.0, 0.0; Commanded Angles: 3.141593, 0.0, -1.570796, 0.0, 0.0, -0.8077794890561601, 0.0; Commanded Speeds: 0.0, 0.0, 0.0, 0.0, 0.0, 0.3490658503988659, 0.0; Commanded Accelerations: 0, 0, 0, 0, 0, 0, 0
531, 48157.486958, Actual Angles: 3.1415927410125732, 0.0, -1.5707963705062866, 0.0, 0.0, -0.8220800161361694, 0.0; Actual Speeds: 0.0, 0.0, 0.0, 0.0, 0.0, 0.3440000116825104, 0.0; Actual Efforts: 0.00011163312592543662, -15.513653755187988, -12.161270141601562, -0.1873239129781723, -0.5657336115837097, -0.5546920299530029, 0.0; Actual Accelerations: 0.0, 0.0, 0.0, 0.0, 0.0, 0.0, 0.0; Commanded Angles: 3.141593, 0.0, -1.570796, 0.0, 0.0, -0.7976561430607049, 0.0; Commanded Speeds: 0.0, 0.0, 0.0, 0.0, 0.0, 0.3490658503988659, 0.0; Commanded Accelerations: 0, 0, 0, 0, 0, 0, 0
532, 48157.522111, Actual Angles: 3.1415927410125732, 0.0, -1.5707963705062866, 0.0, 0.0, -0.8095359802246094, 0.0; Actual Speeds: 0.0, 0.0, 0.0, 0.0, 0.0, 0.35199999809265137, 0.0; Actual Efforts: -5.600111762760207e-05, -15.513505935668945, -12.161138534545898, -0.1872483193874359, -0.5657064318656921, -0.5570635199546814, 0.0; Actual Accelerations: 0.0, 0.0, 0.0, 0.0, 0.0, 0.0, 0.0; Commanded Angles: 3.141593, 0.0, -1.570796, 0.0, 0.0, -0.7841614182033114, 0.0; Commanded Speeds: 0.0, 0.0, 0.0, 0.0, 0.0, 0.3490658503988659, 0.0; Commanded Accelerations: 0, 0, 0, 0, 0, 0, 0
533, 48157.553935, Actual Angles: 3.1415927410125732, 0.0, -1.5707963705062866, 0.0, 0.0, -0.7983999848365784, 0.0; Actual Speeds: 0.0, 0.0, 0.0, 0.0, 0.0, 0.35199999809265137, 0.0; Actual Efforts: -6.927217327756807e-05, -15.513492584228516, -12.161127090454102, -0.18715861439704895, -0.5657039880752563, -0.3147871792316437, 0.0; Actual Accelerations: 0.0, 0.0, 0.0, 0.0, 0.0, 0.0, 0.0; Commanded Angles: 3.141593, 0.0, -1.570796, 0.0, 0.0, -0.7740463070219801, 0.0; Commanded Speeds: 0.0, 0.0, 0.0, 0.0, 0.0, 0.3490658503988659, 0.0; Commanded Accelerations: 0, 0, 0, 0, 0, 0, 0
534, 48157.588931, Actual Angles: 3.1415927410125732, 0.0, -1.5707963705062866, 0.0, 0.0, -0.7858560085296631, 0.0; Actual Speeds: 0.0, 0.0, 0.0, 0.0, 0.0, 0.35199999809265137, 0.0; Actual Efforts: -0.00018572475528344512, -15.513378143310547, -12.161025047302246, -0.1870780885219574, -0.5656828880310059, -0.5019878149032593, 0.0; Actual Accelerations: 0.0, 0.0, 0.0, 0.0, 0.0, 0.0, 0.0; Commanded Angles: 3.141593, 0.0, -1.570796, 0.0, 0.0, -0.7620533755037988, 0.0; Commanded Speeds: 0.0, 0.0, 0.0, 0.0, 0.0, 0.3490658503988659, 0.0; Commanded Accelerations: 0, 0, 0, 0, 0, 0, 0
535, 48157.620999, Actual Angles: 3.1415927410125732, 0.0, -1.5707963705062866, 0.0, 0.0, -0.7747200131416321, 0.0; Actual Speeds: 0.0, 0.0, 0.0, 0.0, 0.0, 0.35199999809265137, 0.0; Actual Efforts: -0.00021215515153016895, -15.513349533081055, -12.160999298095703, -0.18699297308921814, -0.5656776428222656, -0.48485803604125977, 0.0; Actual Accelerations: 0.0, 0.0, 0.0, 0.0, 0.0, 0.0, 0.0; Commanded Angles: 3.141593, 0.0, -1.570796, 0.0, 0.0, -0.7514168217261006, 0.0; Commanded Speeds: 0.0, 0.0, 0.0, 0.0, 0.0, 0.3490658503988659, 0.0; Commanded Accelerations: 0, 0, 0, 0, 0, 0, 0
536, 48157.653850, Actual Angles: 3.1415927410125732, 0.0, -1.5707963705062866, 0.0, 0.0, -0.7635840177536011, 0.0; Actual Speeds: 0.0, 0.0, 0.0, 0.0, 0.0, 0.35199999809265137, 0.0; Actual Efforts: -0.00018708378775045276, -15.513370513916016, -12.161018371582031, -0.1868988275527954, -0.565681517124176, -0.6030977368354797, 0.0; Actual Accelerations: 0.0, 0.0, 0.0, 0.0, 0.0, 0.0, 0.0; Commanded Angles: 3.141593, 0.0, -1.570796, 0.0, 0.0, -0.741204855244326, 0.0; Commanded Speeds: 0.0, 0.0, 0.0, 0.0, 0.0, 0.3490658503988659, 0.0; Commanded Accelerations: 0, 0, 0, 0, 0, 0, 0
537, 48157.687415, Actual Angles: 3.1415927410125732, 0.0, -1.5707963705062866, 0.0, 0.0, -0.7524480223655701, 0.0; Actual Speeds: 0.0, 0.0, 0.0, 0.0, 0.0, 0.35199999809265137, 0.0; Actual Efforts: -0.00017027807189151645, -15.513384819030762, -12.161030769348145, -0.18680670857429504, -0.5656841993331909, -0.5724392533302307, 0.0; Actual Accelerations: 0.0, 0.0, 0.0, 0.0, 0.0, 0.0, 0.0; Commanded Angles: 3.141593, 0.0, -1.570796, 0.0, 0.0, -0.7277645431220132, 0.0; Commanded Speeds: 0.0, 0.0, 0.0, 0.0, 0.0, 0.3490658503988659, 0.0; Commanded Accelerations: 0, 0, 0, 0, 0, 0, 0
538, 48157.720852, Actual Angles: 3.1415927410125732, 0.0, -1.5707963705062866, 0.0, 0.0, -0.7413120269775391, 0.0; Actual Speeds: 0.0, 0.0, 0.0, 0.0, 0.0, 0.3440000116825104, 0.0; Actual Efforts: -0.00021071590890642256, -15.513339042663574, -12.160989761352539, -0.18671752512454987, -0.5656757950782776, -0.19698922336101532, 0.0; Actual Accelerations: 0.0, 0.0, 0.0, 0.0, 0.0, 0.0, 0.0; Commanded Angles: 3.141593, 0.0, -1.570796, 0.0, 0.0, -0.7172342156662102, 0.0; Commanded Speeds: 0.0, 0.0, 0.0, 0.0, 0.0, 0.3490658503988659, 0.0; Commanded Accelerations: 0, 0, 0, 0, 0, 0, 0
539, 48157.754170, Actual Angles: 3.1415927410125732, 0.0, -1.5707963705062866, 0.0, 0.0, -0.7287999987602234, 0.0; Actual Speeds: 0.0, 0.0, 0.0, 0.0, 0.0, 0.3440000116825104, 0.0; Actual Efforts: -0.00017789572302717716, -15.513370513916016, -12.161017417907715, -0.18662436306476593, -0.565681517124176, -0.6716169118881226, 0.0; Actual Accelerations: 0.0, 0.0, 0.0, 0.0, 0.0, 0.0, 0.0; Commanded Angles: 3.141593, 0.0, -1.570796, 0.0, 0.0, -0.7035418958023191, 0.0; Commanded Speeds: 0.0, 0.0, 0.0, 0.0, 0.0, 0.3490658503988659, 0.0; Commanded Accelerations: 0, 0, 0, 0, 0, 0, 0
540, 48157.787375, Actual Angles: 3.1415927410125732, 0.0, -1.5707963705062866, 0.0, 0.0, -0.7176640033721924, 0.0; Actual Speeds: 0.0, 0.0, 0.0, 0.0, 0.0, 0.3440000116825104, 0.0; Actual Efforts: -0.00018480827566236258, -15.513360023498535, -12.161008834838867, -0.1865406483411789, -0.5656796097755432, -0.5718244314193726, 0.0; Actual Accelerations: 0.0, 0.0, 0.0, 0.0, 0.0, 0.0, 0.0; Commanded Angles: 3.141593, 0.0, -1.570796, 0.0, 0.0, -0.6892362305856872, 0.0; Commanded Speeds: 0.0, 0.0, 0.0, 0.0, 0.0, 0.3490658503988659, 0.0; Commanded Accelerations: 0, 0, 0, 0, 0, 0, 0
541, 48157.820788, Actual Angles: 3.1415927410125732, 0.0, -1.5707963705062866, 0.0, 0.0, -0.7065280079841614, 0.0; Actual Speeds: 0.0, 0.0, 0.0, 0.0, 0.0, 0.3440000116825104, 0.0; Actual Efforts: -5.220994717092253e-05, -15.513508796691895, -12.161140441894531, -0.18641364574432373, -0.5657068490982056, -0.41958606243133545, 0.0; Actual Accelerations: 0.0, 0.0, 0.0, 0.0, 0.0, 0.0, 0.0; Commanded Angles: 3.141593, 0.0, -1.570796, 0.0, 0.0, -0.6780565624593812, 0.0; Commanded Speeds: 0.0, 0.0, 0.0, 0.0, 0.0, 0.3490658503988659, 0.0; Commanded Accelerations: 0, 0, 0, 0, 0, 0, 0
542, 48157.854573, Actual Angles: 3.1415927410125732, 0.0, -1.5707963705062866, 0.0, 0.0, -0.6940159797668457, 0.0; Actual Speeds: 0.0, 0.0, 0.0, 0.0, 0.0, 0.3440000116825104, 0.0; Actual Efforts: -0.00018784245185088366, -15.513349533081055, -12.160999298095703, -0.18636420369148254, -0.5656775832176208, -0.6385869383811951, 0.0; Actual Accelerations: 0.0, 0.0, 0.0, 0.0, 0.0, 0.0, 0.0; Commanded Angles: 3.141593, 0.0, -1.570796, 0.0, 0.0, -0.6679372118735256, 0.0; Commanded Speeds: 0.0, 0.0, 0.0, 0.0, 0.0, 0.3490658503988659, 0.0; Commanded Accelerations: 0, 0, 0, 0, 0, 0, 0
543, 48157.888115, Actual Angles: 3.1415927410125732, 0.0, -1.5707963705062866, 0.0, 0.0, -0.6828799843788147, 0.0; Actual Speeds: 0.0, 0.0, 0.0, 0.0, 0.0, 0.3440000116825104, 0.0; Actual Efforts: -0.000208292156457901, -15.513321876525879, -12.160974502563477, -0.18628710508346558, -0.5656725168228149, -0.5706826448440552, 0.0; Actual Accelerations: 0.0, 0.0, 0.0, 0.0, 0.0, 0.0, 0.0; Commanded Angles: 3.141593, 0.0, -1.570796, 0.0, 0.0, -0.6550460745808344, 0.0; Commanded Speeds: 0.0, 0.0, 0.0, 0.0, 0.0, 0.3490658503988659, 0.0; Commanded Accelerations: 0, 0, 0, 0, 0, 0, 0
544, 48157.921062, Actual Angles: 3.1415927410125732, 0.0, -1.5707963705062866, 0.0, 0.0, -0.6703360080718994, 0.0; Actual Speeds: 0.0, 0.0, 0.0, 0.0, 0.0, 0.35199999809265137, 0.0; Actual Efforts: -5.7739965996006504e-05, -15.513501167297363, -12.161134719848633, -0.18615800142288208, -0.5657055377960205, -0.2987113893032074, 0.0; Actual Accelerations: 0.0, 0.0, 0.0, 0.0, 0.0, 0.0, 0.0; Commanded Angles: 3.141593, 0.0, -1.570796, 0.0, 0.0, -0.642667668247985, 0.0; Commanded Speeds: 0.0, 0.0, 0.0, 0.0, 0.0, 0.3490658503988659, 0.0; Commanded Accelerations: 0, 0, 0, 0, 0, 0, 0
545, 48157.953916, Actual Angles: 3.1415927410125732, 0.0, -1.5707963705062866, 0.0, 0.0, -0.6592000126838684, 0.0; Actual Speeds: 0.0, 0.0, 0.0, 0.0, 0.0, 0.35199999809265137, 0.0; Actual Efforts: -4.401781552587636e-05, -15.513518333435059, -12.161149978637695, -0.18607433140277863, -0.5657087564468384, -0.3696019947528839, 0.0; Actual Accelerations: 0.0, 0.0, 0.0, 0.0, 0.0, 0.0, 0.0; Commanded Angles: 3.141593, 0.0, -1.570796, 0.0, 0.0, -0.6339906497258111, 0.0; Commanded Speeds: 0.0, 0.0, 0.0, 0.0, 0.0, 0.3490658503988659, 0.0; Commanded Accelerations: 0, 0, 0, 0, 0, 0, 0
546, 48157.987643, Actual Angles: 3.1415927410125732, 0.0, -1.5707963705062866, 0.0, 0.0, -0.6480640172958374, 0.0; Actual Speeds: 0.0, 0.0, 0.0, 0.0, 0.0, 0.35199999809265137, 0.0; Actual Efforts: -6.834974919911474e-05, -15.513487815856934, -12.16112232208252, -0.186001256108284, -0.5657031536102295, -0.40271976590156555, 0.0; Actual Accelerations: 0.0, 0.0, 0.0, 0.0, 0.0, 0.0, 0.0; Commanded Angles: 3.141593, 0.0, -1.570796, 0.0, 0.0, -0.6227415621771144, 0.0; Commanded Speeds: 0.0, 0.0, 0.0, 0.0, 0.0, 0.3490658503988659, 0.0; Commanded Accelerations: 0, 0, 0, 0, 0, 0, 0
547, 48158.021677, Actual Angles: 3.1415927410125732, 0.0, -1.5707963705062866, 0.0, 0.0, -0.6355199813842773, 0.0; Actual Speeds: 0.0, 0.0, 0.0, 0.0, 0.0, 0.35199999809265137, 0.0; Actual Efforts: -4.7048688429640606e-05, -15.51351547241211, -12.161147117614746, -0.1859084963798523, -0.5657081007957458, -0.5730515122413635, 0.0; Actual Accelerations: 0.0, 0.0, 0.0, 0.0, 0.0, 0.0, 0.0; Commanded Angles: 3.141593, 0.0, -1.570796, 0.0, 0.0, -0.6118157291523141, 0.0; Commanded Speeds: 0.0, 0.0, 0.0, 0.0, 0.0, 0.3490658503988659, 0.0; Commanded Accelerations: 0, 0, 0, 0, 0, 0, 0
548, 48158.054088, Actual Angles: 3.1415927410125732, 0.0, -1.5707963705062866, 0.0, 0.0, -0.6243839859962463, 0.0; Actual Speeds: 0.0, 0.0, 0.0, 0.0, 0.0, 0.35199999809265137, 0.0; Actual Efforts: -4.317467755754478e-05, -15.513521194458008, -12.161151885986328, -0.1858305186033249, -0.5657091736793518, -0.8288565278053284, 0.0; Actual Accelerations: 0.0, 0.0, 0.0, 0.0, 0.0, 0.0, 0.0; Commanded Angles: 3.141593, 0.0, -1.570796, 0.0, 0.0, -0.6005591667043214, 0.0; Commanded Speeds: 0.0, 0.0, 0.0, 0.0, 0.0, 0.3490658503988659, 0.0; Commanded Accelerations: 0, 0, 0, 0, 0, 0, 0
549, 48158.087578, Actual Angles: 3.1415927410125732, 0.0, -1.5707963705062866, 0.0, 0.0, -0.6132479906082153, 0.0; Actual Speeds: 0.0, 0.0, 0.0, 0.0, 0.0, 0.35199999809265137, 0.0; Actual Efforts: -6.717268115608022e-05, -15.513487815856934, -12.16112232208252, -0.18576179444789886, -0.5657030940055847, -0.09543754160404205, 0.0; Actual Accelerations: 0.0, 0.0, 0.0, 0.0, 0.0, 0.0, 0.0; Commanded Angles: 3.141593, 0.0, -1.570796, 0.0, 0.0, -0.5876984267641506, 0.0; Commanded Speeds: 0.0, 0.0, 0.0, 0.0, 0.0, 0.3490658503988659, 0.0; Commanded Accelerations: 0, 0, 0, 0, 0, 0, 0
550, 48158.121242, Actual Angles: 3.1415927410125732, 0.0, -1.5707963705062866, 0.0, 0.0, -0.6007360219955444, 0.0; Actual Speeds: 0.0, 0.0, 0.0, 0.0, 0.0, 0.3440000116825104, 0.0; Actual Efforts: -3.581344208214432e-05, -15.513531684875488, -12.161161422729492, -0.1856696605682373, -0.5657110810279846, -0.5382649302482605, 0.0; Actual Accelerations: 0.0, 0.0, 0.0, 0.0, 0.0, 0.0, 0.0; Commanded Angles: 3.141593, 0.0, -1.570796, 0.0, 0.0, -0.576314435386644, 0.0; Commanded Speeds: 0.0, 0.0, 0.0, 0.0, 0.0, 0.3490658503988659, 0.0; Commanded Accelerations: 0, 0, 0, 0, 0, 0, 0
551, 48158.154031, Actual Angles: 3.1415927410125732, 0.0, -1.5707963705062866, 0.0, 0.0, -0.5896000266075134, 0.0; Actual Speeds: 0.0, 0.0, 0.0, 0.0, 0.0, 0.3440000116825104, 0.0; Actual Efforts: -3.7549649277934805e-05, -15.513530731201172, -12.161160469055176, -0.18559642136096954, -0.5657109022140503, -0.5078699588775635, 0.0; Actual Accelerations: 0.0, 0.0, 0.0, 0.0, 0.0, 0.0, 0.0; Commanded Angles: 3.141593, 0.0, -1.570796, 0.0, 0.0, -0.5643850317590996, 0.0; Commanded Speeds: 0.0, 0.0, 0.0, 0.0, 0.0, 0.3490658503988659, 0.0; Commanded Accelerations: 0, 0, 0, 0, 0, 0, 0
552, 48158.188600, Actual Angles: 3.1415927410125732, 0.0, -1.5707963705062866, 0.0, 0.0, -0.5784639716148376, 0.0; Actual Speeds: 0.0, 0.0, 0.0, 0.0, 0.0, 0.3440000116825104, 0.0; Actual Efforts: -4.688830449595116e-05, -15.513517379760742, -12.161149024963379, -0.1855182647705078, -0.5657084584236145, -0.4050033688545227, 0.0; Actual Accelerations: 0.0, 0.0, 0.0, 0.0, 0.0, 0.0, 0.0; Commanded Angles: 3.141593, 0.0, -1.570796, 0.0, 0.0, -0.5524789111712289, 0.0; Commanded Speeds: 0.0, 0.0, 0.0, 0.0, 0.0, 0.3490658503988659, 0.0; Commanded Accelerations: 0, 0, 0, 0, 0, 0, 0
553, 48158.220927, Actual Angles: 3.1415927410125732, 0.0, -1.5707963705062866, 0.0, 0.0, -0.5673279762268066, 0.0; Actual Speeds: 0.0, 0.0, 0.0, 0.0, 0.0, 0.3440000116825104, 0.0; Actual Efforts: 7.485445530619472e-05, -15.513699531555176, -12.161311149597168, -0.18541154265403748, -0.5657419562339783, -0.32102325558662415, 0.0; Actual Accelerations: 0.0, 0.0, 0.0, 0.0, 0.0, 0.0, 0.0; Commanded Angles: 3.141593, 0.0, -1.570796, 0.0, 0.0, -0.5415469482022025, 0.0; Commanded Speeds: 0.0, 0.0, 0.0, 0.0, 0.0, 0.3490658503988659, 0.0; Commanded Accelerations: 0, 0, 0, 0, 0, 0, 0
554, 48158.254233, Actual Angles: 3.1415927410125732, 0.0, -1.5707963705062866, 0.0, 0.0, -0.5548160076141357, 0.0; Actual Speeds: 0.0, 0.0, 0.0, 0.0, 0.0, 0.3440000116825104, 0.0; Actual Efforts: -7.711448415648192e-05, -15.513471603393555, -12.161108016967773, -0.18538691103458405, -0.5656999945640564, -0.19953374564647675, 0.0; Actual Accelerations: 0.0, 0.0, 0.0, 0.0, 0.0, 0.0, 0.0; Commanded Angles: 3.141593, 0.0, -1.570796, 0.0, 0.0, -0.5314708336090453, 0.0; Commanded Speeds: 0.0, 0.0, 0.0, 0.0, 0.0, 0.3490658503988659, 0.0; Commanded Accelerations: 0, 0, 0, 0, 0, 0, 0
555, 48158.288024, Actual Angles: 3.1415927410125732, 0.0, -1.5707963705062866, 0.0, 0.0, -0.5436800122261047, 0.0; Actual Speeds: 0.0, 0.0, 0.0, 0.0, 0.0, 0.3440000116825104, 0.0; Actual Efforts: -6.613523873966187e-05, -15.513486862182617, -12.161121368408203, -0.18531540036201477, -0.5657029151916504, -0.2823720872402191, 0.0; Actual Accelerations: 0.0, 0.0, 0.0, 0.0, 0.0, 0.0, 0.0; Commanded Angles: 3.141593, 0.0, -1.570796, 0.0, 0.0, -0.517830203415697, 0.0; Commanded Speeds: 0.0, 0.0, 0.0, 0.0, 0.0, 0.3490658503988659, 0.0; Commanded Accelerations: 0, 0, 0, 0, 0, 0, 0
556, 48158.321451, Actual Angles: 3.1415927410125732, 0.0, -1.5707963705062866, 0.0, 0.0, -0.5311359763145447, 0.0; Actual Speeds: 0.0, 0.0, 0.0, 0.0, 0.0, 0.35199999809265137, 0.0; Actual Efforts: 6.631806172663346e-05, -15.513701438903809, -12.161312103271484, -0.18519777059555054, -0.5657422542572021, -0.26875555515289307, 0.0; Actual Accelerations: 0.0, 0.0, 0.0, 0.0, 0.0, 0.0, 0.0; Commanded Angles: 3.141593, 0.0, -1.570796, 0.0, 0.0, -0.5063968806550863, 0.0; Commanded Speeds: 0.0, 0.0, 0.0, 0.0, 0.0, 0.3490658503988659, 0.0; Commanded Accelerations: 0, 0, 0, 0, 0, 0, 0
557, 48158.354927, Actual Angles: 3.1415927410125732, 0.0, -1.5707963705062866, 0.0, 0.0, -0.5199999809265137, 0.0; Actual Speeds: 0.0, 0.0, 0.0, 0.0, 0.0, 0.35199999809265137, 0.0; Actual Efforts: 3.7558780604740605e-05, -15.51365852355957, -12.161273956298828, -0.18514011800289154, -0.5657343864440918, -0.14902269840240479, 0.0; Actual Accelerations: 0.0, 0.0, 0.0, 0.0, 0.0, 0.0, 0.0; Commanded Angles: 3.141593, 0.0, -1.570796, 0.0, 0.0, -0.495301060239787, 0.0; Commanded Speeds: 0.0, 0.0, 0.0, 0.0, 0.0, 0.3490658503988659, 0.0; Commanded Accelerations: 0, 0, 0, 0, 0, 0, 0
558, 48158.388825, Actual Angles: 3.1415927410125732, 0.0, -1.5707963705062866, 0.0, 0.0, -0.5088639855384827, 0.0; Actual Speeds: 0.0, 0.0, 0.0, 0.0, 0.0, 0.35199999809265137, 0.0; Actual Efforts: 3.098935849266127e-05, -15.513650894165039, -12.161267280578613, -0.18506905436515808, -0.5657330751419067, -0.1982162743806839, 0.0; Actual Accelerations: 0.0, 0.0, 0.0, 0.0, 0.0, 0.0, 0.0; Commanded Angles: 3.141593, 0.0, -1.570796, 0.0, 0.0, -0.48397753928460824, 0.0; Commanded Speeds: 0.0, 0.0, 0.0, 0.0, 0.0, 0.3490658503988659, 0.0; Commanded Accelerations: 0, 0, 0, 0, 0, 0, 0
559, 48158.420973, Actual Angles: 3.1415927410125732, 0.0, -1.5707963705062866, 0.0, 0.0, -0.4963200092315674, 0.0; Actual Speeds: 0.0, 0.0, 0.0, 0.0, 0.0, 0.35199999809265137, 0.0; Actual Efforts: 4.152878682361916e-05, -15.513673782348633, -12.161288261413574, -0.18500089645385742, -0.565737247467041, -0.2507474422454834, 0.0; Actual Accelerations: 0.0, 0.0, 0.0, 0.0, 0.0, 0.0, 0.0; Commanded Angles: 3.141593, 0.0, -1.570796, 0.0, 0.0, -0.47027795570736, 0.0; Commanded Speeds: 0.0, 0.0, 0.0, 0.0, 0.0, 0.3490658503988659, 0.0; Commanded Accelerations: 0, 0, 0, 0, 0, 0, 0
560, 48158.456798, Actual Angles: 3.1415927410125732, 0.0, -1.5707963705062866, 0.0, 0.0, -0.4851840138435364, 0.0; Actual Speeds: 0.0, 0.0, 0.0, 0.0, 0.0, 0.3440000116825104, 0.0; Actual Efforts: -7.133223698474467e-05, -15.51347541809082, -12.161111831665039, -0.1849711537361145, -0.5657007694244385, 0.04160076379776001, 0.0; Actual Accelerations: 0.0, 0.0, 0.0, 0.0, 0.0, 0.0, 0.0; Commanded Angles: 3.141593, 0.0, -1.570796, 0.0, 0.0, -0.4594373872525836, 0.0; Commanded Speeds: 0.0, 0.0, 0.0, 0.0, 0.0, 0.3490658503988659, 0.0; Commanded Accelerations: 0, 0, 0, 0, 0, 0, 0
561, 48158.487953, Actual Angles: 3.1415927410125732, 0.0, -1.5707963705062866, 0.0, 0.0, -0.474047988653183, 0.0; Actual Speeds: 0.0, 0.0, 0.0, 0.0, 0.0, 0.35199999809265137, 0.0; Actual Efforts: 5.661860268446617e-05, -15.513710975646973, -12.161320686340332, -0.18487030267715454, -0.5657440423965454, -0.33472758531570435, 0.0; Actual Accelerations: 0.0, 0.0, 0.0, 0.0, 0.0, 0.0, 0.0; Commanded Angles: 3.141593, 0.0, -1.570796, 0.0, 0.0, -0.44973606640950325, 0.0; Commanded Speeds: 0.0, 0.0, 0.0, 0.0, 0.0, 0.3490658503988659, 0.0; Commanded Accelerations: 0, 0, 0, 0, 0, 0, 0
562, 48158.521076, Actual Angles: 3.1415927410125732, 0.0, -1.5707963705062866, 0.0, 0.0, -0.4615359902381897, 0.0; Actual Speeds: 0.0, 0.0, 0.0, 0.0, 0.0, 0.3440000116825104, 0.0; Actual Efforts: -5.847296415595338e-05, -15.513500213623047, -12.161133766174316, -0.184845432639122, -0.5657053589820862, -0.4387359619140625, 0.0; Actual Accelerations: 0.0, 0.0, 0.0, 0.0, 0.0, 0.0, 0.0; Commanded Angles: 3.141593, 0.0, -1.570796, 0.0, 0.0, -0.436898869565553, 0.0; Commanded Speeds: 0.0, 0.0, 0.0, 0.0, 0.0, 0.3490658503988659, 0.0; Commanded Accelerations: 0, 0, 0, 0, 0, 0, 0
563, 48158.554606, Actual Angles: 3.1415927410125732, 0.0, -1.5707963705062866, 0.0, 0.0, -0.4503999948501587, 0.0; Actual Speeds: 0.0, 0.0, 0.0, 0.0, 0.0, 0.3440000116825104, 0.0; Actual Efforts: 5.049830724601634e-05, -15.513712882995605, -12.161322593688965, -0.1847444772720337, -0.5657442808151245, -0.42151835560798645, 0.0; Actual Accelerations: 0.0, 0.0, 0.0, 0.0, 0.0, 0.0, 0.0; Commanded Angles: 3.141593, 0.0, -1.570796, 0.0, 0.0, -0.42490016100673533, 0.0; Commanded Speeds: 0.0, 0.0, 0.0, 0.0, 0.0, 0.3490658503988659, 0.0; Commanded Accelerations: 0, 0, 0, 0, 0, 0, 0
564, 48158.587891, Actual Angles: 3.1415927410125732, 0.0, -1.5707963705062866, 0.0, 0.0, -0.4392639994621277, 0.0; Actual Speeds: 0.0, 0.0, 0.0, 0.0, 0.0, 0.3440000116825104, 0.0; Actual Efforts: 4.628461101674475e-05, -15.513710021972656, -12.161320686340332, -0.18468748033046722, -0.5657439231872559, -0.5582931637763977, 0.0; Actual Accelerations: 0.0, 0.0, 0.0, 0.0, 0.0, 0.0, 0.0; Commanded Angles: 3.141593, 0.0, -1.570796, 0.0, 0.0, -0.41394466820426357, 0.0; Commanded Speeds: 0.0, 0.0, 0.0, 0.0, 0.0, 0.3490658503988659, 0.0; Commanded Accelerations: 0, 0, 0, 0, 0, 0, 0
565, 48158.621021, Actual Angles: 3.1415927410125732, 0.0, -1.5707963705062866, 0.0, 0.0, -0.4267520010471344, 0.0; Actual Speeds: 0.0, 0.0, 0.0, 0.0, 0.0, 0.3440000116825104, 0.0; Actual Efforts: -7.308033673325554e-05, -15.513469696044922, -12.16110610961914, -0.18467378616333008, -0.5656997561454773, -0.11379697918891907, 0.0; Actual Accelerations: 0.0, 0.0, 0.0, 0.0, 0.0, 0.0, 0.0; Commanded Angles: 3.141593, 0.0, -1.570796, 0.0, 0.0, -0.39952534679942686, 0.0; Commanded Speeds: 0.0, 0.0, 0.0, 0.0, 0.0, 0.3490658503988659, 0.0; Commanded Accelerations: 0, 0, 0, 0, 0, 0, 0
566, 48158.655124, Actual Angles: 3.1415927410125732, 0.0, -1.5707963705062866, 0.0, 0.0, -0.4156160056591034, 0.0; Actual Speeds: 0.0, 0.0, 0.0, 0.0, 0.0, 0.3440000116825104, 0.0; Actual Efforts: -5.4076514061307535e-05, -15.513627052307129, -12.161205291748047, -0.18461117148399353, -0.5657247304916382, -0.2999410331249237, 0.0; Actual Accelerations: 0.0, 0.0, 0.0, 0.0, 0.0, 0.0, 0.0; Commanded Angles: 3.141593, 0.0, -1.570796, 0.0, 0.0, -0.39025382445600465, 0.0; Commanded Speeds: 0.0, 0.0, 0.0, 0.0, 0.0, 0.3490658503988659, 0.0; Commanded Accelerations: 0, 0, 0, 0, 0, 0, 0
567, 48158.687927, Actual Angles: 3.1415927410125732, 0.0, -1.5707963705062866, 0.0, 0.0, -0.4044800102710724, 0.0; Actual Speeds: 0.0, 0.0, 0.0, 0.0, 0.0, 0.3440000116825104, 0.0; Actual Efforts: -5.1367638661758974e-05, -15.51351547241211, -12.16114616394043, -0.1845564842224121, -0.5657065510749817, -0.3375382125377655, 0.0; Actual Accelerations: 0.0, 0.0, 0.0, 0.0, 0.0, 0.0, 0.0; Commanded Angles: 3.141593, 0.0, -1.570796, 0.0, 0.0, -0.3785116395043296, 0.0; Commanded Speeds: 0.0, 0.0, 0.0, 0.0, 0.0, 0.3490658503988659, 0.0; Commanded Accelerations: 0, 0, 0, 0, 0, 0, 0
568, 48158.721327, Actual Angles: 3.1415927410125732, 0.0, -1.5707963705062866, 0.0, 0.0, -0.3919360041618347, 0.0; Actual Speeds: 0.0, 0.0, 0.0, 0.0, 0.0, 0.35199999809265137, 0.0; Actual Efforts: -0.00015512348909396678, -15.513274192810059, -12.160931587219238, -0.18454794585704803, -0.565662145614624, -0.12969970703125, 0.0; Actual Accelerations: 0.0, 0.0, 0.0, 0.0, 0.0, 0.0, 0.0; Commanded Angles: 3.141593, 0.0, -1.570796, 0.0, 0.0, -0.36763264553024566, 0.0; Commanded Speeds: 0.0, 0.0, 0.0, 0.0, 0.0, 0.3490658503988659, 0.0; Commanded Accelerations: 0, 0, 0, 0, 0, 0, 0
569, 48158.754887, Actual Angles: 3.1415927410125732, 0.0, -1.5707963705062866, 0.0, 0.0, -0.3808000087738037, 0.0; Actual Speeds: 0.0, 0.0, 0.0, 0.0, 0.0, 0.35199999809265137, 0.0; Actual Efforts: -0.0001508241257397458, -15.513277053833008, -12.160935401916504, -0.18449664115905762, -0.5656628012657166, -0.5880759358406067, 0.0; Actual Accelerations: 0.0, 0.0, 0.0, 0.0, 0.0, 0.0, 0.0; Commanded Angles: 3.141593, 0.0, -1.570796, 0.0, 0.0, -0.3540914509327566, 0.0; Commanded Speeds: 0.0, 0.0, 0.0, 0.0, 0.0, 0.3490658503988659, 0.0; Commanded Accelerations: 0, 0, 0, 0, 0, 0, 0
570, 48158.788494, Actual Angles: 3.1415927410125732, 0.0, -1.5707963705062866, 0.0, 0.0, -0.3696640133857727, 0.0; Actual Speeds: 0.0, 0.0, 0.0, 0.0, 0.0, 0.35199999809265137, 0.0; Actual Efforts: -0.0001559606462251395, -15.513257026672363, -12.160916328430176, -0.18444623053073883, -0.5656590461730957, -0.1624661535024643, 0.0; Actual Accelerations: 0.0, 0.0, 0.0, 0.0, 0.0, 0.0, 0.0; Commanded Angles: 3.141593, 0.0, -1.570796, 0.0, 0.0, -0.3416659849380963, 0.0; Commanded Speeds: 0.0, 0.0, 0.0, 0.0, 0.0, 0.3490658503988659, 0.0; Commanded Accelerations: 0, 0, 0, 0, 0, 0, 0
571, 48158.824687, Actual Angles: 3.1415927410125732, 0.0, -1.5707963705062866, 0.0, 0.0, -0.35712000727653503, 0.0; Actual Speeds: 0.0, 0.0, 0.0, 0.0, 0.0, 0.3440000116825104, 0.0; Actual Efforts: -6.113701238064095e-05, -15.513492584228516, -12.161127090454102, -0.18434228003025055, -0.5657024383544922, -0.19786494970321655, 0.0; Actual Accelerations: 0.0, 0.0, 0.0, 0.0, 0.0, -3.9297450736775983, 0.0; Commanded Angles: 3.141593, 0.0, -1.570796, 0.0, 0.0, -0.3310770259403716, 0.0; Commanded Speeds: 0.0, 0.0, 0.0, 0.0, 0.0, 0.3490658503988659, 0.0; Commanded Accelerations: 0, 0, 0, 0, 0, 0, 0
572, 48158.855617, Actual Angles: 3.1415927410125732, 0.0, -1.5707963705062866, 0.0, 0.0, -0.34598401188850403, 0.0; Actual Speeds: 0.0, 0.0, 0.0, 0.0, 0.0, 0.35199999809265137, 0.0; Actual Efforts: -0.0001344685151707381, -15.513297080993652, -12.1609525680542, -0.18434415757656097, -0.5656664371490479, -0.163168802857399, 0.0; Actual Accelerations: 0.0, 0.0, 0.0, 0.0, 0.0, 0.0, 0.0; Commanded Angles: 3.141593, 0.0, -1.570796, 0.0, 0.0, -0.32101569288990944, 0.0; Commanded Speeds: 0.0, 0.0, 0.0, 0.0, 0.0, 0.3490658503988659, 0.0; Commanded Accelerations: 0, 0, 0, 0, 0, 0, 0
573, 48158.889369, Actual Angles: 3.1415927410125732, 0.0, -1.5707963705062866, 0.0, 0.0, -0.33347201347351074, 0.0; Actual Speeds: 0.0, 0.0, 0.0, 0.0, 0.0, 0.3440000116825104, 0.0; Actual Efforts: -7.312092930078506e-05, -15.51346206665039, -12.161099433898926, -0.18425749242305756, -0.5656967759132385, -0.2844800353050232, 0.0; Actual Accelerations: 0.0, 0.0, 0.0, 0.0, 0.0, 0.0, 0.0; Commanded Angles: 3.141593, 0.0, -1.570796, 0.0, 0.0, -0.30853463850738894, 0.0; Commanded Speeds: 0.0, 0.0, 0.0, 0.0, 0.0, 0.3490658503988659, 0.0; Commanded Accelerations: 0, 0, 0, 0, 0, 0, 0
574, 48158.923357, Actual Angles: 3.1415927410125732, 0.0, -1.5707963705062866, 0.0, 0.0, -0.32233598828315735, 0.0; Actual Speeds: 0.0, 0.0, 0.0, 0.0, 0.0, 0.3440000116825104, 0.0; Actual Efforts: -5.6220695114461705e-05, -15.513508796691895, -12.161141395568848, -0.1842038780450821, -0.5657053589820862, -0.4563049077987671, 0.0; Actual Accelerations: 0.0, 0.0, 0.0, 0.0, 0.0, 0.0, 0.0; Commanded Angles: 3.141593, 0.0, -1.570796, 0.0, 0.0, -0.29576110533877814, 0.0; Commanded Speeds: 0.0, 0.0, 0.0, 0.0, 0.0, 0.3490658503988659, 0.0; Commanded Accelerations: 0, 0, 0, 0, 0, 0, 0
575, 48158.956985, Actual Angles: 3.1415927410125732, 0.0, -1.5707963705062866, 0.0, 0.0, -0.30982398986816406, 0.0; Actual Speeds: 0.0, 0.0, 0.0, 0.0, 0.0, 0.3440000116825104, 0.0; Actual Efforts: -5.924560900893994e-05, -15.513501167297363, -12.161133766174316, -0.18415826559066772, -0.5657039284706116, -0.47281989455223083, 0.0; Actual Accelerations: 0.0, 0.0, 0.0, 0.0, 0.0, 0.0, 0.0; Commanded Angles: 3.141593, 0.0, -1.570796, 0.0, 0.0, -0.28490048793967626, 0.0; Commanded Speeds: 0.0, 0.0, 0.0, 0.0, 0.0, 0.3490658503988659, 0.0; Commanded Accelerations: 0, 0, 0, 0, 0, 0, 0
576, 48158.992836, Actual Angles: 3.1415927410125732, 0.0, -1.5707963705062866, 0.0, 0.0, -0.29868799448013306, 0.0; Actual Speeds: 0.0, 0.0, 0.0, 0.0, 0.0, 0.35199999809265137, 0.0; Actual Efforts: -6.959785241633654e-05, -15.513468742370605, -12.161105155944824, -0.18411991000175476, -0.5656979084014893, -0.09491055458784103, 0.0; Actual Accelerations: 0.0, 0.0, 0.0, 0.0, 0.0, 0.0, 0.0; Commanded Angles: 3.141593, 0.0, -1.570796, 0.0, 0.0, -0.27078242188206425, 0.0; Commanded Speeds: 0.0, 0.0, 0.0, 0.0, 0.0, 0.3490658503988659, 0.0; Commanded Accelerations: 0, 0, 0, 0, 0, 0, 0
577, 48159.023471, Actual Angles: 3.1415927410125732, 0.0, -1.5707963705062866, 0.0, 0.0, -0.28755199909210205, 0.0; Actual Speeds: 0.0, 0.0, 0.0, 0.0, 0.0, 0.3440000116825104, 0.0; Actual Efforts: -5.565339597524144e-05, -15.51351261138916, -12.161144256591797, -0.18407569825649261, -0.5657060146331787, -0.5044444799423218, 0.0; Actual Accelerations: 0.0, 0.0, 0.0, 0.0, 0.0, 0.0, 0.0; Commanded Angles: 3.141593, 0.0, -1.570796, 0.0, 0.0, -0.2619076760558178, 0.0; Commanded Speeds: 0.0, 0.0, 0.0, 0.0, 0.0, 0.3490658503988659, 0.0; Commanded Accelerations: 0, 0, 0, 0, 0, 0, 0
578, 48159.057343, Actual Angles: 3.1415927410125732, 0.0, -1.5707963705062866, 0.0, 0.0, -0.2750079929828644, 0.0; Actual Speeds: 0.0, 0.0, 0.0, 0.0, 0.0, 0.35199999809265137, 0.0; Actual Efforts: -5.863332262379117e-05, -15.513505935668945, -12.161137580871582, -0.18403446674346924, -0.5657047033309937, -0.6257583498954773, 0.0; Actual Accelerations: 0.0, 0.0, 0.0, 0.0, 0.0, 0.0, 0.0; Commanded Angles: 3.141593, 0.0, -1.570796, 0.0, 0.0, -0.2503346030372226, 0.0; Commanded Speeds: 0.0, 0.0, 0.0, 0.0, 0.0, 0.3490658503988659, 0.0; Commanded Accelerations: 0, 0, 0, 0, 0, 0, 0
579, 48159.090714, Actual Angles: 3.1415927410125732, 0.0, -1.5707963705062866, 0.0, 0.0, -0.2638719975948334, 0.0; Actual Speeds: 0.0, 0.0, 0.0, 0.0, 0.0, 0.35199999809265137, 0.0; Actual Efforts: -6.348861643346027e-05, -15.51348876953125, -12.161123275756836, -0.1840013861656189, -0.5657017230987549, -0.4206400215625763, 0.0; Actual Accelerations: 0.0, 0.0, 0.0, 0.0, 0.0, 0.0, 0.0; Commanded Angles: 3.141593, 0.0, -1.570796, 0.0, 0.0, -0.23776308789109243, 0.0; Commanded Speeds: 0.0, 0.0, 0.0, 0.0, 0.0, 0.3490658503988659, 0.0; Commanded Accelerations: 0, 0, 0, 0, 0, 0, 0
580, 48159.124741, Actual Angles: 3.1415927410125732, 0.0, -1.5707963705062866, 0.0, 0.0, -0.25273600220680237, 0.0; Actual Speeds: 0.0, 0.0, 0.0, 0.0, 0.0, 0.35199999809265137, 0.0; Actual Efforts: -6.229406426427886e-05, -15.513493537902832, -12.161127090454102, -0.18396088480949402, -0.5657025575637817, -0.4717659056186676, 0.0; Actual Accelerations: 0.0, 0.0, 0.0, 0.0, 0.0, 0.0, 0.0; Commanded Angles: 3.141593, 0.0, -1.570796, 0.0, 0.0, -0.22585644126226187, 0.0; Commanded Speeds: 0.0, 0.0, 0.0, 0.0, 0.0, 0.3490658503988659, 0.0; Commanded Accelerations: 0, 0, 0, 0, 0, 0, 0
581, 48159.158543, Actual Angles: 3.1415927410125732, 0.0, -1.5707963705062866, 0.0, 0.0, -0.2401919960975647, 0.0; Actual Speeds: 0.0, 0.0, 0.0, 0.0, 0.0, 0.35199999809265137, 0.0; Actual Efforts: -7.528077549068257e-05, -15.513444900512695, -12.161084175109863, -0.18393783271312714, -0.5656936168670654, -0.23186102509498596, 0.0; Actual Accelerations: 0.0, 0.0, 0.0, 0.0, 0.0, 0.0, 0.0; Commanded Angles: 3.141593, 0.0, -1.570796, 0.0, 0.0, -0.21370831471577584, 0.0; Commanded Speeds: 0.0, 0.0, 0.0, 0.0, 0.0, 0.3490658503988659, 0.0; Commanded Accelerations: 0, 0, 0, 0, 0, 0, 0
582, 48159.191461, Actual Angles: 3.1415927410125732, 0.0, -1.5707963705062866, 0.0, 0.0, -0.2290560007095337, 0.0; Actual Speeds: 0.0, 0.0, 0.0, 0.0, 0.0, 0.35199999809265137, 0.0; Actual Efforts: -6.674342148471624e-05, -15.51347541809082, -12.161110877990723, -0.18389880657196045, -0.5656992197036743, -0.21367725729942322, 0.0; Actual Accelerations: 0.0, 0.0, 0.0, 0.0, 0.0, 0.0, 0.0; Commanded Angles: 3.141593, 0.0, -1.570796, 0.0, 0.0, -0.20132267818207716, 0.0; Commanded Speeds: 0.0, 0.0, 0.0, 0.0, 0.0, 0.3490658503988659, 0.0; Commanded Accelerations: 0, 0, 0, 0, 0, 0, 0
583, 48159.225262, Actual Angles: 3.1415927410125732, 0.0, -1.5707963705062866, 0.0, 0.0, -0.2165440022945404, 0.0; Actual Speeds: 0.0, 0.0, 0.0, 0.0, 0.0, 0.3440000116825104, 0.0; Actual Efforts: -8.435785275651142e-06, -15.513715744018555, -12.161324501037598, -0.18381135165691376, -0.5657432675361633, -0.2013782113790512, 0.0; Actual Accelerations: 0.0, 0.0, 0.0, 0.0, 0.0, 0.0, 0.0; Commanded Angles: 3.141593, 0.0, -1.570796, 0.0, 0.0, -0.18995756742594486, 0.0; Commanded Speeds: 0.0, 0.0, 0.0, 0.0, 0.0, 0.3490658503988659, 0.0; Commanded Accelerations: 0, 0, 0, 0, 0, 0, 0
584, 48159.258733, Actual Angles: 3.1415927410125732, 0.0, -1.5707963705062866, 0.0, 0.0, -0.2054080069065094, 0.0; Actual Speeds: 0.0, 0.0, 0.0, 0.0, 0.0, 0.3440000116825104, 0.0; Actual Efforts: -2.3158487238106318e-05, -15.513664245605469, -12.16127872467041, -0.18379279971122742, -0.5657338500022888, -0.09903864562511444, 0.0; Actual Accelerations: 0.0, 0.0, 0.0, 0.0, 0.0, 0.0, 0.0; Commanded Angles: 3.141593, 0.0, -1.570796, 0.0, 0.0, -0.17880449218384753, 0.0; Commanded Speeds: 0.0, 0.0, 0.0, 0.0, 0.0, 0.3490658503988659, 0.0; Commanded Accelerations: 0, 0, 0, 0, 0, 0, 0
585, 48159.292449, Actual Angles: 3.1415927410125732, 0.0, -1.5707963705062866, 0.0, 0.0, -0.1942719966173172, 0.0; Actual Speeds: 0.0, 0.0, 0.0, 0.0, 0.0, 0.3440000116825104, 0.0; Actual Efforts: -2.4036857212195173e-05, -15.513669967651367, -12.161284446716309, -0.1837596744298935, -0.5657349824905396, -0.31812480092048645, 0.0; Actual Accelerations: 0.0, 0.0, 0.0, 0.0, 0.0, 0.0, 0.0; Commanded Angles: 3.141593, 0.0, -1.570796, 0.0, 0.0, -0.16741703178819178, 0.0; Commanded Speeds: 0.0, 0.0, 0.0, 0.0, 0.0, 0.3490658503988659, 0.0; Commanded Accelerations: 0, 0, 0, 0, 0, 0, 0
586, 48159.325782, Actual Angles: 3.1415927410125732, 0.0, -1.5707963705062866, 0.0, 0.0, -0.1817599982023239, 0.0; Actual Speeds: 0.0, 0.0, 0.0, 0.0, 0.0, 0.3440000116825104, 0.0; Actual Efforts: -2.4343820768990554e-05, -15.513680458068848, -12.161293029785156, -0.18373048305511475, -0.5657368302345276, -0.35299918055534363, 0.0; Actual Accelerations: 0.0, 0.0, 0.0, 0.0, 0.0, 0.0, 0.0; Commanded Angles: 3.141593, 0.0, -1.570796, 0.0, 0.0, -0.1566305130387707, 0.0; Commanded Speeds: 0.0, 0.0, 0.0, 0.0, 0.0, 0.3490658503988659, 0.0; Commanded Accelerations: 0, 0, 0, 0, 0, 0, 0
587, 48159.360382, Actual Angles: 3.1415927410125732, 0.0, -1.5707963705062866, 0.0, 0.0, -0.1706240028142929, 0.0; Actual Speeds: 0.0, 0.0, 0.0, 0.0, 0.0, 0.3440000116825104, 0.0; Actual Efforts: -2.9689788789255545e-05, -15.513662338256836, -12.161276817321777, -0.1837092787027359, -0.5657334923744202, -0.02691838890314102, 0.0; Actual Accelerations: 0.0, 0.0, 0.0, 0.0, 0.0, 0.0, 0.0; Commanded Angles: 3.141593, 0.0, -1.570796, 0.0, 0.0, -0.14366563244326364, 0.0; Commanded Speeds: 0.0, 0.0, 0.0, 0.0, 0.0, 0.3490658503988659, 0.0; Commanded Accelerations: 0, 0, 0, 0, 0, 0, 0
588, 48159.394462, Actual Angles: 3.1415927410125732, 0.0, -1.5707963705062866, 0.0, 0.0, -0.15807999670505524, 0.0; Actual Speeds: 0.0, 0.0, 0.0, 0.0, 0.0, 0.35199999809265137, 0.0; Actual Efforts: -2.3287111616809852e-05, -15.513712882995605, -12.161321640014648, -0.183670774102211, -0.5657427310943604, -0.30143415927886963, 0.0; Actual Accelerations: 0.0, 0.0, 0.0, 0.0, 0.0, 0.0, 0.0; Commanded Angles: 3.141593, 0.0, -1.570796, 0.0, 0.0, -0.13263044476816452, 0.0; Commanded Speeds: 0.0, 0.0, 0.0, 0.0, 0.0, 0.3490658503988659, 0.0; Commanded Accelerations: 0, 0, 0, 0, 0, 0, 0
589, 48159.426433, Actual Angles: 3.1415927410125732, 0.0, -1.5707963705062866, 0.0, 0.0, -0.14694400131702423, 0.0; Actual Speeds: 0.0, 0.0, 0.0, 0.0, 0.0, 0.35199999809265137, 0.0; Actual Efforts: -3.1502568162977695e-05, -15.51368236541748, -12.161294937133789, -0.18365493416786194, -0.5657371878623962, -0.3197057545185089, 0.0; Actual Accelerations: 0.0, 0.0, 0.0, 0.0, 0.0, 0.0, 0.0; Commanded Angles: 3.141593, 0.0, -1.570796, 0.0, 0.0, -0.12014233715978496, 0.0; Commanded Speeds: 0.0, 0.0, 0.0, 0.0, 0.0, 0.3490658503988659, 0.0; Commanded Accelerations: 0, 0, 0, 0, 0, 0, 0
590, 48159.460155, Actual Angles: 3.1415927410125732, 0.0, -1.5707963705062866, 0.0, 0.0, -0.13580800592899323, 0.0; Actual Speeds: 0.0, 0.0, 0.0, 0.0, 0.0, 0.35199999809265137, 0.0; Actual Efforts: -6.708877481287345e-05, -15.513476371765137, -12.161111831665039, -0.1836807280778885, -0.5656992793083191, -0.3184761106967926, 0.0; Actual Accelerations: 0.0, 0.0, 0.0, 0.0, 0.0, 0.0, 0.0; Commanded Angles: 3.141593, 0.0, -1.570796, 0.0, 0.0, -0.10727450140912484, 0.0; Commanded Speeds: 0.0, 0.0, 0.0, 0.0, 0.0, 0.3490658503988659, 0.0; Commanded Accelerations: 0, 0, 0, 0, 0, 0, 0
591, 48159.494753, Actual Angles: 3.1415927410125732, 0.0, -1.5707963705062866, 0.0, 0.0, -0.12326399981975555, 0.0; Actual Speeds: 0.0, 0.0, 0.0, 0.0, 0.0, 0.35199999809265137, 0.0; Actual Efforts: -9.36649230425246e-05, -15.51327896118164, -12.16093635559082, -0.1837044209241867, -0.5656630992889404, -0.35063034296035767, 0.0; Actual Accelerations: 0.0, 0.0, 0.0, 0.0, 0.0, 0.0, 0.0; Commanded Angles: 3.141593, 0.0, -1.570796, 0.0, 0.0, -0.09579599102658581, 0.0; Commanded Speeds: 0.0, 0.0, 0.0, 0.0, 0.0, 0.3490658503988659, 0.0; Commanded Accelerations: 0, 0, 0, 0, 0, 0, 0
592, 48159.528590, Actual Angles: 3.1415927410125732, 0.0, -1.5707963705062866, 0.0, 0.0, -0.11075200140476227, 0.0; Actual Speeds: 0.0, 0.0, 0.0, 0.0, 0.0, 0.3440000116825104, 0.0; Actual Efforts: -9.609913831809536e-05, -15.513239860534668, -12.16090202331543, -0.1836937665939331, -0.5656558871269226, -0.025427842512726784, 0.0; Actual Accelerations: 0.0, 0.0, 0.0, 0.0, 0.0, -4.5024003026831, 0.0; Commanded Angles: 3.141593, 0.0, -1.570796, 0.0, 0.0, -0.08523109313776957, 0.0; Commanded Speeds: 0.0, 0.0, 0.0, 0.0, 0.0, 0.3490658503988659, 0.0; Commanded Accelerations: 0, 0, 0, 0, 0, 0, 0
593, 48159.561648, Actual Angles: 3.1415927410125732, 0.0, -1.5707963705062866, 0.0, 0.0, -0.09961599856615067, 0.0; Actual Speeds: 0.0, 0.0, 0.0, 0.0, 0.0, 0.3440000116825104, 0.0; Actual Efforts: -8.872550824889913e-05, -15.513279914855957, -12.160937309265137, -0.18366827070713043, -0.56566321849823, -0.2981869876384735, 0.0; Actual Accelerations: 0.0, 0.0, 0.0, 0.0, 0.0, 0.0, 0.0; Commanded Angles: 3.141593, 0.0, -1.570796, 0.0, 0.0, -0.06976947646191323, 0.0; Commanded Speeds: 0.0, 0.0, 0.0, 0.0, 0.0, 0.3490658503988659, 0.0; Commanded Accelerations: 0, 0, 0, 0, 0, 0, 0
594, 48159.594552, Actual Angles: 3.1415927410125732, 0.0, -1.5707963705062866, 0.0, 0.0, -0.08848000317811966, 0.0; Actual Speeds: 0.0, 0.0, 0.0, 0.0, 0.0, 0.3440000116825104, 0.0; Actual Efforts: -8.6499065218959e-05, -15.513285636901855, -12.160942077636719, -0.18365198373794556, -0.5656642317771912, -0.3529139459133148, 0.0; Actual Accelerations: 0.0, 0.0, 0.0, 0.0, 0.0, 0.0, 0.0; Commanded Angles: 3.141593, 0.0, -1.570796, 0.0, 0.0, -0.05909759582350271, 0.0; Commanded Speeds: 0.0, 0.0, 0.0, 0.0, 0.0, 0.3490658503988659, 0.0; Commanded Accelerations: 0, 0, 0, 0, 0, 0, 0
595, 48159.629002, Actual Angles: 3.1415927410125732, 0.0, -1.5707963705062866, 0.0, 0.0, -0.07596799731254578, 0.0; Actual Speeds: 0.0, 0.0, 0.0, 0.0, 0.0, 0.3440000116825104, 0.0; Actual Efforts: -8.740001067053527e-05, -15.513250350952148, -12.160910606384277, -0.18364541232585907, -0.5656577348709106, -0.26577186584472656, 0.0; Actual Accelerations: 0.0, 0.0, 0.0, 0.0, 0.0, 0.0, 0.0; Commanded Angles: 3.141593, 0.0, -1.570796, 0.0, 0.0, -0.049088657907889, 0.0; Commanded Speeds: 0.0, 0.0, 0.0, 0.0, 0.0, 0.3490658503988659, 0.0; Commanded Accelerations: 0, 0, 0, 0, 0, 0, 0
596, 48159.661927, Actual Angles: 3.1415927410125732, 0.0, -1.5707963705062866, 0.0, 0.0, -0.06483200192451477, 0.0; Actual Speeds: 0.0, 0.0, 0.0, 0.0, 0.0, 0.3440000116825104, 0.0; Actual Efforts: -8.459011587547138e-05, -15.51325511932373, -12.160914421081543, -0.18363241851329803, -0.5656586289405823, -0.24934473633766174, 0.0; Actual Accelerations: 0.0, 0.0, 0.0, 0.0, 0.0, 0.0, 0.0; Commanded Angles: 3.141593, 0.0, -1.570796, 0.0, 0.0, -0.03989581814857894, 0.0; Commanded Speeds: 0.0, 0.0, 0.0, 0.0, 0.0, 0.3490658503988659, 0.0; Commanded Accelerations: 0, 0, 0, 0, 0, 0, 0
597, 48159.695351, Actual Angles: 3.1415927410125732, 0.0, -1.5707963705062866, 0.0, 0.0, -0.05369599908590317, 0.0; Actual Speeds: 0.0, 0.0, 0.0, 0.0, 0.0, 0.3440000116825104, 0.0; Actual Efforts: -8.505301957484335e-05, -15.513215065002441, -12.160879135131836, -0.18363159894943237, -0.5656512975692749, -0.16255398094654083, 0.0; Actual Accelerations: 0.0, 0.0, 0.0, 0.0, 0.0, 0.0, 0.0; Commanded Angles: 3.141593, 0.0, -1.570796, 0.0, 0.0, -0.02782013812708302, 0.0; Commanded Speeds: 0.0, 0.0, 0.0, 0.0, 0.0, 0.3490658503988659, 0.0; Commanded Accelerations: 0, 0, 0, 0, 0, 0, 0
598, 48159.729099, Actual Angles: 3.1415927410125732, 0.0, -1.5707963705062866, 0.0, 0.0, -0.041152000427246094, 0.0; Actual Speeds: 0.0, 0.0, 0.0, 0.0, 0.0, 0.35199999809265137, 0.0; Actual Efforts: -6.845269672339782e-05, -15.513460159301758, -12.161097526550293, -0.18356195092201233, -0.5656963586807251, -0.26585710048675537, 0.0; Actual Accelerations: 0.0, 0.0, 0.0, 0.0, 0.0, 0.0, 0.0; Commanded Angles: 3.141593, 0.0, -1.570796, 0.0, 0.0, -0.014461293784261657, 0.0; Commanded Speeds: 0.0, 0.0, 0.0, 0.0, 0.0, 0.3490658503988659, 0.0; Commanded Accelerations: 0, 0, 0, 0, 0, 0, 0
599, 48159.762700, Actual Angles: 3.1415927410125732, 0.0, -1.5707963705062866, 0.0, 0.0, -0.03001599945127964, 0.0; Actual Speeds: 0.0, 0.0, 0.0, 0.0, 0.0, 0.35199999809265137, 0.0; Actual Efforts: -6.769047467969358e-05, -15.513479232788086, -12.161114692687988, -0.18354949355125427, -0.5656998753547668, -0.2004120647907257, 0.0; Actual Accelerations: 0.0, 0.0, 0.0, 0.0, 0.0, 0.0, 0.0; Commanded Angles: 3.141593, 0.0, -1.570796, 0.0, 0.0, -0.004355070168054045, 0.0; Commanded Speeds: 0.0, 0.0, 0.0, 0.0, 0.0, 0.3490658503988659, 0.0; Commanded Accelerations: 0, 0, 0, 0, 0, 0, 0
600, 48159.797576, Actual Angles: 3.1415927410125732, 0.0, -1.5707963705062866, 0.0, 0.0, -0.017472000792622566, 0.0; Actual Speeds: 0.0, 0.0, 0.0, 0.0, 0.0, 0.35199999809265137, 0.0; Actual Efforts: -6.945284985704347e-05, -15.513436317443848, -12.161076545715332, -0.18355295062065125, -0.5656920075416565, -0.11423613876104355, 0.0; Actual Accelerations: 0.0, 0.0, 0.0, 0.0, 0.0, 0.0, 0.0; Commanded Angles: 3.141593, 0.0, -1.570796, 0.0, 0.0, 0.007569929994798724, 0.0; Commanded Speeds: 0.0, 0.0, 0.0, 0.0, 0.0, 0.0, 0.0; Commanded Accelerations: 0, 0, 0, 0, 0, 0, 0
601, 48159.829965, Actual Angles: 3.1415927410125732, 0.0, -1.5707963705062866, 0.0, 0.0, -0.006335999816656113, 0.0; Actual Speeds: 0.0, 0.0, 0.0, 0.0, 0.0, 0.35199999809265137, 0.0; Actual Efforts: -6.814553489675745e-05, -15.513476371765137, -12.161112785339355, -0.1835382580757141, -0.5656993985176086, -0.4719415605068207, 0.0; Actual Accelerations: 0.0, 0.0, 0.0, 0.0, 0.0, 0.0, 0.0; Commanded Angles: 3.141593, 0.0, -1.570796, 0.0, 0.0, 0.007569929994798724, 0.0; Commanded Speeds: 0.0, 0.0, 0.0, 0.0, 0.0, 0.0, 0.0; Commanded Accelerations: 0, 0, 0, 0, 0, 0, 0
602, 48159.863815, Actual Angles: 3.1415927410125732, 0.0, -1.5707963705062866, 0.0, 0.0, 0.004224000032991171, 0.0; Actual Speeds: 0.0, 0.0, 0.0, 0.0, 0.0, 0.2720000147819519, 0.0; Actual Efforts: -6.811640196247026e-05, -15.513497352600098, -12.16112995147705, -0.1835298240184784, -0.5657031536102295, -0.371709942817688, 0.0; Actual Accelerations: 0.0, 0.0, 0.0, 0.0, 0.0, 0.0, 0.0; Commanded Angles: 3.141593, 0.0, -1.570796, 0.0, 0.0, 0.007569929994798724, 0.0; Commanded Speeds: 0.0, 0.0, 0.0, 0.0, 0.0, 0.0, 0.0; Commanded Accelerations: 0, 0, 0, 0, 0, 0, 0
603, 48159.897157, Actual Angles: 3.1415927410125732, 0.0, -1.5707963705062866, 0.0, 0.0, 0.006560000125318766, 0.0; Actual Speeds: 0.0, 0.0, 0.0, 0.0, 0.0, -0.03999999910593033, 0.0; Actual Efforts: -6.523260526591912e-05, -15.513001441955566, -12.160689353942871, -0.18365243077278137, -0.5656119585037231, -0.6440377235412598, 0.0; Actual Accelerations: 0.0, 0.0, 0.0, 0.0, 0.0, 0.0, 0.0; Commanded Angles: 3.141593, 0.0, -1.570796, 0.0, 0.0, 0.007569929994798724, 0.0; Commanded Speeds: 0.0, 0.0, 0.0, 0.0, 0.0, 0.0, 0.0; Commanded Accelerations: 0, 0, 0, 0, 0, 0, 0
604, 48159.930420, Actual Angles: 3.1415927410125732, 0.0, -1.5707963705062866, 0.0, 0.0, 0.0063680000603199005, 0.0; Actual Speeds: 0.0, 0.0, 0.0, 0.0, 0.0, 0.00800000037997961, 0.0; Actual Efforts: -3.79381344828289e-05, -15.511813163757324, -12.159632682800293, -0.18395358324050903, -0.5653937458992004, -0.8768593668937683, 0.0; Actual Accelerations: 0.0, 0.0, 0.0, 0.0, 0.0, 0.0, 0.0; Commanded Angles: 3.141593, 0.0, -1.570796, 0.0, 0.0, 0.007569929994798724, 0.0; Commanded Speeds: 0.0, 0.0, 0.0, 0.0, 0.0, 0.0, 0.0; Commanded Accelerations: 0, 0, 0, 0, 0, 0, 0
605, 48159.964233, Actual Angles: 3.1415927410125732, 0.0, -1.5707963705062866, 0.0, 0.0, 0.0063680000603199005, 0.0; Actual Speeds: 0.0, 0.0, 0.0, 0.0, 0.0, 0.00800000037997961, 0.0; Actual Efforts: -8.85413828655146e-06, -15.51168155670166, -12.159514427185059, -0.1839911788702011, -0.5653694868087769, -0.6984859704971313, 0.0; Actual Accelerations: 0.0, 0.0, 0.0, 0.0, 0.0, 0.0, 0.0; Commanded Angles: 3.141593, 0.0, -1.570796, 0.0, 0.0, 0.007569929994798724, 0.0; Commanded Speeds: 0.0, 0.0, 0.0, 0.0, 0.0, 0.0, 0.0; Commanded Accelerations: 0, 0, 0, 0, 0, 0, 0
606, 48159.998381, Actual Angles: 3.1415927410125732, 0.0, -1.5707963705062866, 0.0, 0.0, 0.006335999816656113, 0.0; Actual Speeds: 0.0, 0.0, 0.0, 0.0, 0.0, -0.00800000037997961, 0.0; Actual Efforts: 9.762494528331445e-07, -15.512446403503418, -12.160195350646973, -0.1838013231754303, -0.5655099749565125, -0.3228888213634491, 0.0; Actual Accelerations: 0.0, 0.0, 0.0, 0.0, 0.0, 0.0, 0.0; Commanded Angles: 3.141593, 0.0, -1.570796, 0.0, 0.0, 0.007569929994798724, 0.0; Commanded Speeds: 0.0, 0.0, 0.0, 0.0, 0.0, 0.0, 0.0; Commanded Accelerations: 0, 0, 0, 0, 0, 0, 0
607, 48160.031514, Actual Angles: 3.1415927410125732, 0.0, -1.5707963705062866, 0.0, 0.0, 0.006335999816656113, 0.0; Actual Speeds: 0.0, 0.0, 0.0, 0.0, 0.0, -0.00800000037997961, 0.0; Actual Efforts: 1.7209663383255247e-06, -15.512934684753418, -12.160630226135254, -0.18367919325828552, -0.5655997395515442, -0.1342984437942505, 0.0; Actual Accelerations: 0.0, 0.0, 0.0, 0.0, 0.0, 0.0, 0.0; Commanded Angles: 3.141593, 0.0, -1.570796, 0.0, 0.0, 0.007569929994798724, 0.0; Commanded Speeds: 0.0, 0.0, 0.0, 0.0, 0.0, 0.0, 0.0; Commanded Accelerations: 0, 0, 0, 0, 0, 0, 0
608, 48160.065098, Actual Angles: 3.1415927410125732, 0.0, -1.5707963705062866, 0.0, 0.0, 0.006271999794989824, 0.0; Actual Speeds: 0.0, 0.0, 0.0, 0.0, 0.0, -0.01600000075995922, 0.0; Actual Efforts: 1.081258801605145e-06, -15.513225555419922, -12.160888671875, -0.1836063712835312, -0.5656531453132629, -0.1182304248213768, 0.0; Actual Accelerations: 0.0, 0.0, 0.0, 0.0, 0.0, 0.0, 0.0; Commanded Angles: 3.141593, 0.0, -1.570796, 0.0, 0.0, 0.007569929994798724, 0.0; Commanded Speeds: 0.0, 0.0, 0.0, 0.0, 0.0, 0.0, 0.0; Commanded Accelerations: 0, 0, 0, 0, 0, 0, 0
609, 48160.098553, Actual Angles: 3.1415927410125732, 0.0, -1.5707963705062866, 0.0, 0.0, 0.006271999794989824, 0.0; Actual Speeds: 0.0, 0.0, 0.0, 0.0, 0.0, -0.01600000075995922, 0.0; Actual Efforts: 6.588759902115271e-07, -15.513337135314941, -12.160987854003906, -0.18357832729816437, -0.5656737089157104, -0.17963778972625732, 0.0; Actual Accelerations: 0.0, 0.0, 0.0, 0.0, 0.0, 0.0, 0.0; Commanded Angles: 3.141593, 0.0, -1.570796, 0.0, 0.0, 0.007569929994798724, 0.0; Commanded Speeds: 0.0, 0.0, 0.0, 0.0, 0.0, 0.0, 0.0; Commanded Accelerations: 0, 0, 0, 0, 0, 0, 0
610, 48160.132759, Actual Angles: 3.1415927410125732, 0.0, -1.5707963705062866, 0.0, 0.0, 0.006271999794989824, 0.0; Actual Speeds: 0.0, 0.0, 0.0, 0.0, 0.0, -0.01600000075995922, 0.0; Actual Efforts: 3.533953929490963e-07, -15.513400077819824, -12.161044120788574, -0.1835624873638153, -0.5656853318214417, 0.011274564079940319, 0.0; Actual Accelerations: 0.0, 0.0, 0.0, 0.0, 0.0, 0.0, 0.0; Commanded Angles: 3.141593, 0.0, -1.570796, 0.0, 0.0, 0.007569929994798724, 0.0; Commanded Speeds: 0.0, 0.0, 0.0, 0.0, 0.0, 0.0, 0.0; Commanded Accelerations: 0, 0, 0, 0, 0, 0, 0
611, 48160.166067, Actual Angles: 3.1415927410125732, 0.0, -1.5707963705062866, 0.0, 0.0, 0.006207999773323536, 0.0; Actual Speeds: 0.0, 0.0, 0.0, 0.0, 0.0, -0.01600000075995922, 0.0; Actual Efforts: 2.2180745418154402e-07, -15.51342487335205, -12.161066055297852, -0.18355625867843628, -0.5656898617744446, 0.011280779726803303, 0.0; Actual Accelerations: 0.0, 0.0, 0.0, 0.0, 0.0, 0.0, 0.0; Commanded Angles: 3.141593, 0.0, -1.570796, 0.0, 0.0, 0.007569929994798724, 0.0; Commanded Speeds: 0.0, 0.0, 0.0, 0.0, 0.0, 0.0, 0.0; Commanded Accelerations: 0, 0, 0, 0, 0, 0, 0
612, 48160.200705, Actual Angles: 3.1415927410125732, 0.0, -1.5707963705062866, 0.0, 0.0, 0.006207999773323536, 0.0; Actual Speeds: 0.0, 0.0, 0.0, 0.0, 0.0, -0.00800000037997961, 0.0; Actual Efforts: 1.2257525838776928e-07, -15.513442039489746, -12.161081314086914, -0.18355193734169006, -0.5656930208206177, 0.011285084299743176, 0.0; Actual Accelerations: 0.0, 0.0, 0.0, 0.0, 0.0, 22.221791332219123, 0.0; Commanded Angles: 3.141593, 0.0, -1.570796, 0.0, 0.0, 0.007569929994798724, 0.0; Commanded Speeds: 0.0, 0.0, 0.0, 0.0, 0.0, 0.0, 0.0; Commanded Accelerations: 0, 0, 0, 0, 0, 0, 0
613, 48160.232795, Actual Angles: 3.1415927410125732, 0.0, -1.5707963705062866, 0.0, 0.0, 0.006207999773323536, 0.0; Actual Speeds: 0.0, 0.0, 0.0, 0.0, 0.0, -0.00800000037997961, 0.0; Actual Efforts: 9.49296961039181e-08, -15.513446807861328, -12.161086082458496, -0.18355073034763336, -0.5656939148902893, 0.011286278255283833, 0.0; Actual Accelerations: 0.0, 0.0, 0.0, 0.0, 0.0, 3.658424112306378, 0.0; Commanded Angles: 3.141593, 0.0, -1.570796, 0.0, 0.0, 0.007569929994798724, 0.0; Commanded Speeds: 0.0, 0.0, 0.0, 0.0, 0.0, 0.0, 0.0; Commanded Accelerations: 0, 0, 0, 0, 0, 0, 0
614, 48160.266640, Actual Angles: 3.1415927410125732, 0.0, -1.5707963705062866, 0.0, 0.0, 0.006175999995321035, 0.0; Actual Speeds: 0.0, 0.0, 0.0, 0.0, 0.0, -0.00800000037997961, 0.0; Actual Efforts: 2.9665693901392842e-08, -15.513457298278809, -12.161094665527344, -0.18354809284210205, -0.5656958222389221, 0.011288909241557121, 0.0; Actual Accelerations: 0.0, 0.0, 0.0, 0.0, 0.0, 0.0, 0.0; Commanded Angles: 3.141593, 0.0, -1.570796, 0.0, 0.0, 0.007569929994798724, 0.0; Commanded Speeds: 0.0, 0.0, 0.0, 0.0, 0.0, 0.0, 0.0; Commanded Accelerations: 0, 0, 0, 0, 0, 0, 0
615, 48160.300185, Actual Angles: 3.1415927410125732, 0.0, -1.5707963705062866, 0.0, 0.0, 0.006175999995321035, 0.0; Actual Speeds: 0.0, 0.0, 0.0, 0.0, 0.0, -0.00800000037997961, 0.0; Actual Efforts: 1.1841272851143003e-08, -15.513460159301758, -12.161097526550293, -0.18354737758636475, -0.5656963586807251, 0.011289626359939575, 0.0; Actual Accelerations: 0.0, 0.0, 0.0, 0.0, 0.0, 0.0, 0.0; Commanded Angles: 3.141593, 0.0, -1.570796, 0.0, 0.0, 0.007569929994798724, 0.0; Commanded Speeds: 0.0, 0.0, 0.0, 0.0, 0.0, 0.0, 0.0; Commanded Accelerations: 0, 0, 0, 0, 0, 0, 0
616, 48160.334534, Actual Angles: 3.1415927410125732, 0.0, -1.5707963705062866, 0.0, 0.0, 0.006207999773323536, 0.0; Actual Speeds: 0.0, 0.0, 0.0, 0.0, 0.0, 0.00800000037997961, 0.0; Actual Efforts: 1.8030101855970315e-08, -15.513459205627441, -12.161096572875977, -0.18354761600494385, -0.5656961798667908, 0.011289387010037899, 0.0; Actual Accelerations: 0.0, 0.0, 0.0, 0.0, 0.0, 0.0, 0.0; Commanded Angles: 3.141593, 0.0, -1.570796, 0.0, 0.0, 0.007569929994798724, 0.0; Commanded Speeds: 0.0, 0.0, 0.0, 0.0, 0.0, 0.0, 0.0; Commanded Accelerations: 0, 0, 0, 0, 0, 0, 0
617, 48160.367736, Actual Angles: 3.1415927410125732, 0.0, -1.5707963705062866, 0.0, 0.0, 0.006207999773323536, 0.0; Actual Speeds: 0.0, 0.0, 0.0, 0.0, 0.0, 0.00800000037997961, 0.0; Actual Efforts: 1.2038310792661377e-08, -15.513460159301758, -12.161097526550293, -0.18354737758636475, -0.5656963586807251, 0.011289625428617, 0.0; Actual Accelerations: 0.0, 0.0, 0.0, 0.0, 0.0, 0.0, 0.0; Commanded Angles: 3.141593, 0.0, -1.570796, 0.0, 0.0, 0.007569929994798724, 0.0; Commanded Speeds: 0.0, 0.0, 0.0, 0.0, 0.0, 0.0, 0.0; Commanded Accelerations: 0, 0, 0, 0, 0, 0, 0
618, 48160.401168, Actual Angles: 3.1415927410125732, 0.0, -1.5707963705062866, 0.0, 0.0, 0.006271999794989824, 0.0; Actual Speeds: 0.0, 0.0, 0.0, 0.0, 0.0, 0.01600000075995922, 0.0; Actual Efforts: -5.889029715266947e-12, -15.51346206665039, -12.161099433898926, -0.18354690074920654, -0.5656967163085938, 0.011290104128420353, 0.0; Actual Accelerations: 0.0, 0.0, 0.0, 0.0, 0.0, 0.0, 0.0; Commanded Angles: 3.141593, 0.0, -1.570796, 0.0, 0.0, 0.007569929994798724, 0.0; Commanded Speeds: 0.0, 0.0, 0.0, 0.0, 0.0, 0.0, 0.0; Commanded Accelerations: 0, 0, 0, 0, 0, 0, 0
619, 48160.435198, Actual Angles: 3.1415927410125732, 0.0, -1.5707963705062866, 0.0, 0.0, 0.006271999794989824, 0.0; Actual Speeds: 0.0, 0.0, 0.0, 0.0, 0.0, 0.01600000075995922, 0.0; Actual Efforts: 6.025572041323812e-09, -15.513461112976074, -12.16109848022461, -0.18354713916778564, -0.5656965374946594, 0.011289864778518677, 0.0; Actual Accelerations: 0.0, 0.0, 0.0, 0.0, 0.0, 0.0, 0.0; Commanded Angles: 3.141593, 0.0, -1.570796, 0.0, 0.0, 0.007569929994798724, 0.0; Commanded Speeds: 0.0, 0.0, 0.0, 0.0, 0.0, 0.0, 0.0; Commanded Accelerations: 0, 0, 0, 0, 0, 0, 0
620, 48160.469168, Actual Angles: 3.1415927410125732, 0.0, -1.5707963705062866, 0.0, 0.0, 0.006335999816656113, 0.0; Actual Speeds: 0.0, 0.0, 0.0, 0.0, 0.0, 0.01600000075995922, 0.0; Actual Efforts: -6.521443541435135e-13, -15.51346206665039, -12.161099433898926, -0.18354690074920654, -0.5656967163085938, 0.011290104128420353, 0.0; Actual Accelerations: 0.0, 0.0, 0.0, 0.0, 0.0, 0.0, 0.0; Commanded Angles: 3.141593, 0.0, -1.570796, 0.0, 0.0, 0.007569929994798724, 0.0; Commanded Speeds: 0.0, 0.0, 0.0, 0.0, 0.0, 0.0, 0.0; Commanded Accelerations: 0, 0, 0, 0, 0, 0, 0
621, 48160.502038, Actual Angles: 3.1415927410125732, 0.0, -1.5707963705062866, 0.0, 0.0, 0.006335999816656113, 0.0; Actual Speeds: 0.0, 0.0, 0.0, 0.0, 0.0, 0.01600000075995922, 0.0; Actual Efforts: -6.521443541435135e-13, -15.51346206665039, -12.161099433898926, -0.18354690074920654, -0.5656967163085938, 0.011290104128420353, 0.0; Actual Accelerations: 0.0, 0.0, 0.0, 0.0, 0.0, 0.0, 0.0; Commanded Angles: 3.141593, 0.0, -1.570796, 0.0, 0.0, 0.007569929994798724, 0.0; Commanded Speeds: 0.0, 0.0, 0.0, 0.0, 0.0, 0.0, 0.0; Commanded Accelerations: 0, 0, 0, 0, 0, 0, 0
622, 48160.536080, Actual Angles: 3.1415927410125732, 0.0, -1.5707963705062866, 0.0, 0.0, 0.006335999816656113, 0.0; Actual Speeds: 0.0, 0.0, 0.0, 0.0, 0.0, 0.01600000075995922, 0.0; Actual Efforts: 2.466295032850269e-15, -15.51346206665039, -12.161099433898926, -0.18354690074920654, -0.5656967163085938, 0.011290104128420353, 0.0; Actual Accelerations: 0.0, 0.0, 0.0, 0.0, 0.0, 0.0, 0.0; Commanded Angles: 3.141593, 0.0, -1.570796, 0.0, 0.0, 0.007569929994798724, 0.0; Commanded Speeds: 0.0, 0.0, 0.0, 0.0, 0.0, 0.0, 0.0; Commanded Accelerations: 0, 0, 0, 0, 0, 0, 0
623, 48160.569147, Actual Angles: 3.1415927410125732, 0.0, -1.5707963705062866, 0.0, 0.0, 0.0063680000603199005, 0.0; Actual Speeds: 0.0, 0.0, 0.0, 0.0, 0.0, 0.00800000037997961, 0.0; Actual Efforts: 2.466295032850269e-15, -15.51346206665039, -12.161099433898926, -0.18354690074920654, -0.5656967163085938, 0.011290104128420353, 0.0; Actual Accelerations: 0.0, 0.0, 0.0, 0.0, 0.0, 0.0, 0.0; Commanded Angles: 3.141593, 0.0, -1.570796, 0.0, 0.0, 0.007569929994798724, 0.0; Commanded Speeds: 0.0, 0.0, 0.0, 0.0, 0.0, 0.0, 0.0; Commanded Accelerations: 0, 0, 0, 0, 0, 0, 0
624, 48160.602571, Actual Angles: 3.1415927410125732, 0.0, -1.5707963705062866, 0.0, 0.0, 0.0063680000603199005, 0.0; Actual Speeds: 0.0, 0.0, 0.0, 0.0, 0.0, 0.00800000037997961, 0.0; Actual Efforts: 2.466295032850269e-15, -15.51346206665039, -12.161099433898926, -0.18354690074920654, -0.5656967163085938, 0.011290104128420353, 0.0; Actual Accelerations: 0.0, 0.0, 0.0, 0.0, 0.0, 0.0, 0.0; Commanded Angles: 3.141593, 0.0, -1.570796, 0.0, 0.0, 0.007569929994798724, 0.0; Commanded Speeds: 0.0, 0.0, 0.0, 0.0, 0.0, 0.0, 0.0; Commanded Accelerations: 0, 0, 0, 0, 0, 0, 0
625, 48160.635995, Actual Angles: 3.1415927410125732, 0.0, -1.5707963705062866, 0.0, 0.0, 0.0063680000603199005, 0.0; Actual Speeds: 0.0, 0.0, 0.0, 0.0, 0.0, 0.00800000037997961, 0.0; Actual Efforts: 2.466295032850269e-15, -15.51346206665039, -12.161099433898926, -0.18354690074920654, -0.5656967163085938, 0.011290104128420353, 0.0; Actual Accelerations: 0.0, 0.0, 0.0, 0.0, 0.0, 0.0, 0.0; Commanded Angles: 3.141593, 0.0, -1.570796, 0.0, 0.0, 0.007569929994798724, 0.0; Commanded Speeds: 0.0, 0.0, 0.0, 0.0, 0.0, 0.0, 0.0; Commanded Accelerations: 0, 0, 0, 0, 0, 0, 0
626, 48160.670158, Actual Angles: 3.1415927410125732, 0.0, -1.5707963705062866, 0.0, 0.0, 0.006335999816656113, 0.0; Actual Speeds: 0.0, 0.0, 0.0, 0.0, 0.0, -0.00800000037997961, 0.0; Actual Efforts: 2.466295032850269e-15, -15.51346206665039, -12.161099433898926, -0.18354690074920654, -0.5656967163085938, 0.011290104128420353, 0.0; Actual Accelerations: 0.0, 0.0, 0.0, 0.0, 0.0, 0.0, 0.0; Commanded Angles: 3.141593, 0.0, -1.570796, 0.0, 0.0, 0.007569929994798724, 0.0; Commanded Speeds: 0.0, 0.0, 0.0, 0.0, 0.0, 0.0, 0.0; Commanded Accelerations: 0, 0, 0, 0, 0, 0, 0
627, 48160.704952, Actual Angles: 3.1415927410125732, 0.0, -1.5707963705062866, 0.0, 0.0, 0.006271999794989824, 0.0; Actual Speeds: 0.0, 0.0, 0.0, 0.0, 0.0, -0.01600000075995922, 0.0; Actual Efforts: 2.466295032850269e-15, -15.51346206665039, -12.161099433898926, -0.18354690074920654, -0.5656967163085938, 0.011290104128420353, 0.0; Actual Accelerations: 0.0, 0.0, 0.0, 0.0, 0.0, 0.0, 0.0; Commanded Angles: 3.141593, 0.0, -1.570796, 0.0, 0.0, 0.007569929994798724, 0.0; Commanded Speeds: 0.0, 0.0, 0.0, 0.0, 0.0, 0.0, 0.0; Commanded Accelerations: 0, 0, 0, 0, 0, 0, 0
628, 48160.736766, Actual Angles: 3.1415927410125732, 0.0, -1.5707963705062866, 0.0, 0.0, 0.006335999816656113, 0.0; Actual Speeds: 0.0, 0.0, 0.0, 0.0, 0.0, -0.01600000075995922, 0.0; Actual Efforts: 2.466295032850269e-15, -15.51346206665039, -12.161099433898926, -0.18354690074920654, -0.5656967163085938, 0.011290104128420353, 0.0; Actual Accelerations: 0.0, 0.0, 0.0, 0.0, 0.0, 0.0, 0.0; Commanded Angles: 3.141593, 0.0, -1.570796, 0.0, 0.0, 0.007569929994798724, 0.0; Commanded Speeds: 0.0, 0.0, 0.0, 0.0, 0.0, 0.0, 0.0; Commanded Accelerations: 0, 0, 0, 0, 0, 0, 0
629, 48160.770399, Actual Angles: 3.1415927410125732, 0.0, -1.5707963705062866, 0.0, 0.0, 0.006271999794989824, 0.0; Actual Speeds: 0.0, 0.0, 0.0, 0.0, 0.0, -0.01600000075995922, 0.0; Actual Efforts: 2.466295032850269e-15, -15.51346206665039, -12.161099433898926, -0.18354690074920654, -0.5656967163085938, 0.011290104128420353, 0.0; Actual Accelerations: 0.0, 0.0, 0.0, 0.0, 0.0, 0.0, 0.0; Commanded Angles: 3.141593, 0.0, -1.570796, 0.0, 0.0, 0.007569929994798724, 0.0; Commanded Speeds: 0.0, 0.0, 0.0, 0.0, 0.0, 0.0, 0.0; Commanded Accelerations: 0, 0, 0, 0, 0, 0, 0
630, 48160.804451, Actual Angles: 3.1415927410125732, 0.0, -1.5707963705062866, 0.0, 0.0, 0.006271999794989824, 0.0; Actual Speeds: 0.0, 0.0, 0.0, 0.0, 0.0, -0.01600000075995922, 0.0; Actual Efforts: 2.466295032850269e-15, -15.51346206665039, -12.161099433898926, -0.18354690074920654, -0.5656967163085938, 0.011290104128420353, 0.0; Actual Accelerations: 0.0, 0.0, 0.0, 0.0, 0.0, 0.0, 0.0; Commanded Angles: 3.141593, 0.0, -1.570796, 0.0, 0.0, 0.007569929994798724, 0.0; Commanded Speeds: 0.0, 0.0, 0.0, 0.0, 0.0, 0.0, 0.0; Commanded Accelerations: 0, 0, 0, 0, 0, 0, 0
631, 48160.838475, Actual Angles: 3.1415927410125732, 0.0, -1.5707963705062866, 0.0, 0.0, 0.006207999773323536, 0.0; Actual Speeds: 0.0, 0.0, 0.0, 0.0, 0.0, -0.01600000075995922, 0.0; Actual Efforts: 2.466295032850269e-15, -15.51346206665039, -12.161099433898926, -0.18354690074920654, -0.5656967163085938, 0.011290104128420353, 0.0; Actual Accelerations: 0.0, 0.0, 0.0, 0.0, 0.0, 0.0, 0.0; Commanded Angles: 3.141593, 0.0, -1.570796, 0.0, 0.0, 0.007569929994798724, 0.0; Commanded Speeds: 0.0, 0.0, 0.0, 0.0, 0.0, 0.0, 0.0; Commanded Accelerations: 0, 0, 0, 0, 0, 0, 0
632, 48160.872168, Actual Angles: 3.1415927410125732, 0.0, -1.5707963705062866, 0.0, 0.0, 0.006207999773323536, 0.0; Actual Speeds: 0.0, 0.0, 0.0, 0.0, 0.0, -0.01600000075995922, 0.0; Actual Efforts: 2.466295032850269e-15, -15.51346206665039, -12.161099433898926, -0.18354690074920654, -0.5656967163085938, 0.011290104128420353, 0.0; Actual Accelerations: 0.0, 0.0, 0.0, 0.0, 0.0, 0.0, 0.0; Commanded Angles: 3.141593, 0.0, -1.570796, 0.0, 0.0, 0.007569929994798724, 0.0; Commanded Speeds: 0.0, 0.0, 0.0, 0.0, 0.0, 0.0, 0.0; Commanded Accelerations: 0, 0, 0, 0, 0, 0, 0
633, 48160.904794, Actual Angles: 3.1415927410125732, 0.0, -1.5707963705062866, 0.0, 0.0, 0.006207999773323536, 0.0; Actual Speeds: 0.0, 0.0, 0.0, 0.0, 0.0, -0.00800000037997961, 0.0; Actual Efforts: 2.466295032850269e-15, -15.51346206665039, -12.161099433898926, -0.18354690074920654, -0.5656967163085938, 0.011290104128420353, 0.0; Actual Accelerations: 0.0, 0.0, 0.0, 0.0, 0.0, 0.0, 0.0; Commanded Angles: 3.141593, 0.0, -1.570796, 0.0, 0.0, 0.007569929994798724, 0.0; Commanded Speeds: 0.0, 0.0, 0.0, 0.0, 0.0, 0.0, 0.0; Commanded Accelerations: 0, 0, 0, 0, 0, 0, 0
634, 48160.939801, Actual Angles: 3.1415927410125732, 0.0, -1.5707963705062866, 0.0, 0.0, 0.006175999995321035, 0.0; Actual Speeds: 0.0, 0.0, 0.0, 0.0, 0.0, -0.00800000037997961, 0.0; Actual Efforts: 2.466295032850269e-15, -15.51346206665039, -12.161099433898926, -0.18354690074920654, -0.5656967163085938, 0.011290104128420353, 0.0; Actual Accelerations: 0.0, 0.0, 0.0, 0.0, 0.0, 0.0, 0.0; Commanded Angles: 3.141593, 0.0, -1.570796, 0.0, 0.0, 0.007569929994798724, 0.0; Commanded Speeds: 0.0, 0.0, 0.0, 0.0, 0.0, 0.0, 0.0; Commanded Accelerations: 0, 0, 0, 0, 0, 0, 0
635, 48160.972158, Actual Angles: 3.1415927410125732, 0.0, -1.5707963705062866, 0.0, 0.0, 0.006175999995321035, 0.0; Actual Speeds: 0.0, 0.0, 0.0, 0.0, 0.0, -0.00800000037997961, 0.0; Actual Efforts: 2.466295032850269e-15, -15.51346206665039, -12.161099433898926, -0.18354690074920654, -0.5656967163085938, 0.011290104128420353, 0.0; Actual Accelerations: 0.0, 0.0, 0.0, 0.0, 0.0, 0.0, 0.0; Commanded Angles: 3.141593, 0.0, -1.570796, 0.0, 0.0, 0.007569929994798724, 0.0; Commanded Speeds: 0.0, 0.0, 0.0, 0.0, 0.0, 0.0, 0.0; Commanded Accelerations: 0, 0, 0, 0, 0, 0, 0
636, 48161.005659, Actual Angles: 3.1415927410125732, 0.0, -1.5707963705062866, 0.0, 0.0, 0.006207999773323536, 0.0; Actual Speeds: 0.0, 0.0, 0.0, 0.0, 0.0, 0.00800000037997961, 0.0; Actual Efforts: 2.466295032850269e-15, -15.51346206665039, -12.161099433898926, -0.18354690074920654, -0.5656967163085938, 0.011290104128420353, 0.0; Actual Accelerations: 0.0, 0.0, 0.0, 0.0, 0.0, 0.0, 0.0; Commanded Angles: 3.141593, 0.0, -1.570796, 0.0, 0.0, 0.007569929994798724, 0.0; Commanded Speeds: 0.0, 0.0, 0.0, 0.0, 0.0, 0.0, 0.0; Commanded Accelerations: 0, 0, 0, 0, 0, 0, 0
637, 48161.039226, Actual Angles: 3.1415927410125732, 0.0, -1.5707963705062866, 0.0, 0.0, 0.006207999773323536, 0.0; Actual Speeds: 0.0, 0.0, 0.0, 0.0, 0.0, 0.00800000037997961, 0.0; Actual Efforts: 2.466295032850269e-15, -15.51346206665039, -12.161099433898926, -0.18354690074920654, -0.5656967163085938, 0.011290104128420353, 0.0; Actual Accelerations: 0.0, 0.0, 0.0, 0.0, 0.0, 0.0, 0.0; Commanded Angles: 3.141593, 0.0, -1.570796, 0.0, 0.0, 0.007569929994798724, 0.0; Commanded Speeds: 0.0, 0.0, 0.0, 0.0, 0.0, 0.0, 0.0; Commanded Accelerations: 0, 0, 0, 0, 0, 0, 0
638, 48161.073627, Actual Angles: 3.1415927410125732, 0.0, -1.5707963705062866, 0.0, 0.0, 0.006271999794989824, 0.0; Actual Speeds: 0.0, 0.0, 0.0, 0.0, 0.0, 0.01600000075995922, 0.0; Actual Efforts: -6.521443541435135e-13, -15.51346206665039, -12.161099433898926, -0.18354690074920654, -0.5656967163085938, 0.011290104128420353, 0.0; Actual Accelerations: 0.0, 0.0, 0.0, 0.0, 0.0, 0.0, 0.0; Commanded Angles: 3.141593, 0.0, -1.570796, 0.0, 0.0, 0.007569929994798724, 0.0; Commanded Speeds: 0.0, 0.0, 0.0, 0.0, 0.0, 0.0, 0.0; Commanded Accelerations: 0, 0, 0, 0, 0, 0, 0
639, 48161.106692, Actual Angles: 3.1415927410125732, 0.0, -1.5707963705062866, 0.0, 0.0, 0.006271999794989824, 0.0; Actual Speeds: 0.0, 0.0, 0.0, 0.0, 0.0, 0.01600000075995922, 0.0; Actual Efforts: -2.615976445879964e-12, -15.51346206665039, -12.161099433898926, -0.18354690074920654, -0.5656967163085938, 0.011290105059742928, 0.0; Actual Accelerations: 0.0, 0.0, 0.0, 0.0, 0.0, 0.0, 0.0; Commanded Angles: 3.141593, 0.0, -1.570796, 0.0, 0.0, 0.007569929994798724, 0.0; Commanded Speeds: 0.0, 0.0, 0.0, 0.0, 0.0, 0.0, 0.0; Commanded Accelerations: 0, 0, 0, 0, 0, 0, 0
640, 48161.139852, Actual Angles: 3.1415927410125732, 0.0, -1.5707963705062866, 0.0, 0.0, 0.006271999794989824, 0.0; Actual Speeds: 0.0, 0.0, 0.0, 0.0, 0.0, 0.01600000075995922, 0.0; Actual Efforts: 6.006588115781142e-09, -15.513461112976074, -12.16109848022461, -0.18354713916778564, -0.5656965374946594, 0.011289865709841251, 0.0; Actual Accelerations: 0.0, 0.0, 0.0, 0.0, 0.0, 0.0, 0.0; Commanded Angles: 3.141593, 0.0, -1.570796, 0.0, 0.0, 0.007569929994798724, 0.0; Commanded Speeds: 0.0, 0.0, 0.0, 0.0, 0.0, 0.0, 0.0; Commanded Accelerations: 0, 0, 0, 0, 0, 0, 0
641, 48161.173831, Actual Angles: 3.1415927410125732, 0.0, -1.5707963705062866, 0.0, 0.0, 0.006335999816656113, 0.0; Actual Speeds: 0.0, 0.0, 0.0, 0.0, 0.0, 0.01600000075995922, 0.0; Actual Efforts: -1.0471305246506635e-11, -15.51346206665039, -12.161099433898926, -0.18354688584804535, -0.5656967163085938, 0.011290105059742928, 0.0; Actual Accelerations: 0.0, 0.0, 0.0, 0.0, 0.0, 0.0, 0.0; Commanded Angles: 3.141593, 0.0, -1.570796, 0.0, 0.0, 0.007569929994798724, 0.0; Commanded Speeds: 0.0, 0.0, 0.0, 0.0, 0.0, 0.0, 0.0; Commanded Accelerations: 0, 0, 0, 0, 0, 0, 0
642, 48161.208472, Actual Angles: 3.1415927410125732, 0.0, -1.5707963705062866, 0.0, 0.0, 0.006335999816656113, 0.0; Actual Speeds: 0.0, 0.0, 0.0, 0.0, 0.0, 0.00800000037997961, 0.0; Actual Efforts: -6.0156168935066034e-09, -15.513463020324707, -12.161100387573242, -0.18354664742946625, -0.5656968951225281, 0.011290345340967178, 0.0; Actual Accelerations: 0.0, 0.0, 0.0, 0.0, 0.0, -5.2158245420386296, 0.0; Commanded Angles: 3.141593, 0.0, -1.570796, 0.0, 0.0, 0.007569929994798724, 0.0; Commanded Speeds: 0.0, 0.0, 0.0, 0.0, 0.0, 0.0, 0.0; Commanded Accelerations: 0, 0, 0, 0, 0, 0, 0
643, 48161.241208, Actual Angles: 3.1415927410125732, 0.0, -1.5707963705062866, 0.0, 0.0, 0.0063680000603199005, 0.0; Actual Speeds: 0.0, 0.0, 0.0, 0.0, 0.0, 0.00800000037997961, 0.0; Actual Efforts: -6.011950937079291e-09, -15.513463020324707, -12.161100387573242, -0.18354664742946625, -0.5656968951225281, 0.011290345340967178, 0.0; Actual Accelerations: 0.0, 0.0, 0.0, 0.0, 0.0, 0.0, 0.0; Commanded Angles: 3.141593, 0.0, -1.570796, 0.0, 0.0, 0.007569929994798724, 0.0; Commanded Speeds: 0.0, 0.0, 0.0, 0.0, 0.0, 0.0, 0.0; Commanded Accelerations: 0, 0, 0, 0, 0, 0, 0
644, 48161.274379, Actual Angles: 3.1415927410125732, 0.0, -1.5707963705062866, 0.0, 0.0, 0.0063680000603199005, 0.0; Actual Speeds: 0.0, 0.0, 0.0, 0.0, 0.0, 0.00800000037997961, 0.0; Actual Efforts: -1.2011073913242853e-08, -15.513463973999023, -12.161101341247559, -0.18354640901088715, -0.5656970739364624, 0.011290584690868855, 0.0; Actual Accelerations: 0.0, 0.0, 0.0, 0.0, 0.0, 0.0, 0.0; Commanded Angles: 3.141593, 0.0, -1.570796, 0.0, 0.0, 0.007569929994798724, 0.0; Commanded Speeds: 0.0, 0.0, 0.0, 0.0, 0.0, 0.0, 0.0; Commanded Accelerations: 0, 0, 0, 0, 0, 0, 0
645, 48161.308375, Actual Angles: 3.1415927410125732, 0.0, -1.5707963705062866, 0.0, 0.0, 0.0063680000603199005, 0.0; Actual Speeds: 0.0, 0.0, 0.0, 0.0, 0.0, 0.00800000037997961, 0.0; Actual Efforts: -6.521444083536221e-13, -15.51346206665039, -12.161099433898926, -0.18354688584804535, -0.5656967163085938, 0.011290105991065502, 0.0; Actual Accelerations: 0.0, 0.0, 0.0, 0.0, 0.0, 0.0, 0.0; Commanded Angles: 3.141593, 0.0, -1.570796, 0.0, 0.0, 0.007569929994798724, 0.0; Commanded Speeds: 0.0, 0.0, 0.0, 0.0, 0.0, 0.0, 0.0; Commanded Accelerations: 0, 0, 0, 0, 0, 0, 0
646, 48161.342528, Actual Angles: 3.1415927410125732, 0.0, -1.5707963705062866, 0.0, 0.0, 0.006335999816656113, 0.0; Actual Speeds: 0.0, 0.0, 0.0, 0.0, 0.0, -0.00800000037997961, 0.0; Actual Efforts: -6.521444083536221e-13, -15.51346206665039, -12.161099433898926, -0.18354688584804535, -0.5656967163085938, 0.011290105991065502, 0.0; Actual Accelerations: 0.0, 0.0, 0.0, 0.0, 0.0, 0.0, 0.0; Commanded Angles: 3.141593, 0.0, -1.570796, 0.0, 0.0, 0.007569929994798724, 0.0; Commanded Speeds: 0.0, 0.0, 0.0, 0.0, 0.0, 0.0, 0.0; Commanded Accelerations: 0, 0, 0, 0, 0, 0, 0
647, 48161.376691, Actual Angles: 3.1415927410125732, 0.0, -1.5707963705062866, 0.0, 0.0, 0.006335999816656113, 0.0; Actual Speeds: 0.0, 0.0, 0.0, 0.0, 0.0, -0.01600000075995922, 0.0; Actual Efforts: -2.615977313241702e-12, -15.51346206665039, -12.161099433898926, -0.18354688584804535, -0.5656967163085938, 0.011290105991065502, 0.0; Actual Accelerations: 0.0, 0.0, 0.0, 0.0, 0.0, 0.0, 0.0; Commanded Angles: 3.141593, 0.0, -1.570796, 0.0, 0.0, 0.007569929994798724, 0.0; Commanded Speeds: 0.0, 0.0, 0.0, 0.0, 0.0, 0.0, 0.0; Commanded Accelerations: 0, 0, 0, 0, 0, 0, 0
648, 48161.408923, Actual Angles: 3.1415927410125732, 0.0, -1.5707963705062866, 0.0, 0.0, 0.006271999794989824, 0.0; Actual Speeds: 0.0, 0.0, 0.0, 0.0, 0.0, -0.01600000075995922, 0.0; Actual Efforts: -5.9975495680930635e-09, -15.513463020324707, -12.161100387573242, -0.18354664742946625, -0.5656968951225281, 0.011290346272289753, 0.0; Actual Accelerations: 0.0, 0.0, 0.0, 0.0, 0.0, 0.0, 0.0; Commanded Angles: 3.141593, 0.0, -1.570796, 0.0, 0.0, 0.007569929994798724, 0.0; Commanded Speeds: 0.0, 0.0, 0.0, 0.0, 0.0, 0.0, 0.0; Commanded Accelerations: 0, 0, 0, 0, 0, 0, 0
649, 48161.442583, Actual Angles: 3.1415927410125732, 0.0, -1.5707963705062866, 0.0, 0.0, 0.006271999794989824, 0.0; Actual Speeds: 0.0, 0.0, 0.0, 0.0, 0.0, -0.01600000075995922, 0.0; Actual Efforts: 5.98734262169387e-09, -15.513461112976074, -12.16109848022461, -0.18354713916778564, -0.5656965374946594, 0.0112898675724864, 0.0; Actual Accelerations: 0.0, 0.0, 0.0, 0.0, 0.0, 0.0, 0.0; Commanded Angles: 3.141593, 0.0, -1.570796, 0.0, 0.0, 0.007569929994798724, 0.0; Commanded Speeds: 0.0, 0.0, 0.0, 0.0, 0.0, 0.0, 0.0; Commanded Accelerations: 0, 0, 0, 0, 0, 0, 0
650, 48161.476985, Actual Angles: 3.1415927410125732, 0.0, -1.5707963705062866, 0.0, 0.0, 0.006271999794989824, 0.0; Actual Speeds: 0.0, 0.0, 0.0, 0.0, 0.0, -0.01600000075995922, 0.0; Actual Efforts: -2.615977313241702e-12, -15.51346206665039, -12.161099433898926, -0.18354688584804535, -0.5656967163085938, 0.011290106922388077, 0.0; Actual Accelerations: 0.0, 0.0, 0.0, 0.0, 0.0, 0.0, 0.0; Commanded Angles: 3.141593, 0.0, -1.570796, 0.0, 0.0, 0.007569929994798724, 0.0; Commanded Speeds: 0.0, 0.0, 0.0, 0.0, 0.0, 0.0, 0.0; Commanded Accelerations: 0, 0, 0, 0, 0, 0, 0
651, 48161.509682, Actual Angles: 3.1415927410125732, 0.0, -1.5707963705062866, 0.0, 0.0, 0.006207999773323536, 0.0; Actual Speeds: 0.0, 0.0, 0.0, 0.0, 0.0, -0.01600000075995922, 0.0; Actual Efforts: -2.615977313241702e-12, -15.51346206665039, -12.161099433898926, -0.18354688584804535, -0.5656967163085938, 0.011290106922388077, 0.0; Actual Accelerations: 0.0, 0.0, 0.0, 0.0, 0.0, 0.0, 0.0; Commanded Angles: 3.141593, 0.0, -1.570796, 0.0, 0.0, 0.007569929994798724, 0.0; Commanded Speeds: 0.0, 0.0, 0.0, 0.0, 0.0, 0.0, 0.0; Commanded Accelerations: 0, 0, 0, 0, 0, 0, 0
652, 48161.543113, Actual Angles: 3.1415927410125732, 0.0, -1.5707963705062866, 0.0, 0.0, 0.006207999773323536, 0.0; Actual Speeds: 0.0, 0.0, 0.0, 0.0, 0.0, -0.01600000075995922, 0.0; Actual Efforts: -2.615977313241702e-12, -15.51346206665039, -12.161099433898926, -0.18354688584804535, -0.5656967163085938, 0.011290106922388077, 0.0; Actual Accelerations: 0.0, 0.0, 0.0, 0.0, 0.0, 0.0, 0.0; Commanded Angles: 3.141593, 0.0, -1.570796, 0.0, 0.0, 0.007569929994798724, 0.0; Commanded Speeds: 0.0, 0.0, 0.0, 0.0, 0.0, 0.0, 0.0; Commanded Accelerations: 0, 0, 0, 0, 0, 0, 0
653, 48161.576682, Actual Angles: 3.1415927410125732, 0.0, -1.5707963705062866, 0.0, 0.0, 0.006207999773323536, 0.0; Actual Speeds: 0.0, 0.0, 0.0, 0.0, 0.0, -0.00800000037997961, 0.0; Actual Efforts: -2.615976445879964e-12, -15.51346206665039, -12.161099433898926, -0.18354688584804535, -0.5656967163085938, 0.011290106922388077, 0.0; Actual Accelerations: 0.0, 0.0, 0.0, 0.0, 0.0, 0.0, 0.0; Commanded Angles: 3.141593, 0.0, -1.570796, 0.0, 0.0, 0.007569929994798724, 0.0; Commanded Speeds: 0.0, 0.0, 0.0, 0.0, 0.0, 0.0, 0.0; Commanded Accelerations: 0, 0, 0, 0, 0, 0, 0
654, 48161.611109, Actual Angles: 3.1415927410125732, 0.0, -1.5707963705062866, 0.0, 0.0, 0.006175999995321035, 0.0; Actual Speeds: 0.0, 0.0, 0.0, 0.0, 0.0, -0.00800000037997961, 0.0; Actual Efforts: -5.9865521429003365e-09, -15.513463020324707, -12.161100387573242, -0.18354664742946625, -0.5656968951225281, 0.011290346272289753, 0.0; Actual Accelerations: 0.0, 0.0, 0.0, 0.0, 0.0, 0.0, 0.0; Commanded Angles: 3.141593, 0.0, -1.570796, 0.0, 0.0, 0.007569929994798724, 0.0; Commanded Speeds: 0.0, 0.0, 0.0, 0.0, 0.0, 0.0, 0.0; Commanded Accelerations: 0, 0, 0, 0, 0, 0, 0
655, 48161.643938, Actual Angles: 3.1415927410125732, 0.0, -1.5707963705062866, 0.0, 0.0, 0.006175999995321035, 0.0; Actual Speeds: 0.0, 0.0, 0.0, 0.0, 0.0, -0.00800000037997961, 0.0; Actual Efforts: -5.889032317352161e-12, -15.51346206665039, -12.161099433898926, -0.18354688584804535, -0.5656967163085938, 0.011290107853710651, 0.0; Actual Accelerations: 0.0, 0.0, 0.0, 0.0, 0.0, 0.0, 0.0; Commanded Angles: 3.141593, 0.0, -1.570796, 0.0, 0.0, 0.007569929994798724, 0.0; Commanded Speeds: 0.0, 0.0, 0.0, 0.0, 0.0, 0.0, 0.0; Commanded Accelerations: 0, 0, 0, 0, 0, 0, 0
656, 48161.677965, Actual Angles: 3.1415927410125732, 0.0, -1.5707963705062866, 0.0, 0.0, 0.006207999773323536, 0.0; Actual Speeds: 0.0, 0.0, 0.0, 0.0, 0.0, 0.00800000037997961, 0.0; Actual Efforts: -1.1961454937647886e-08, -15.513463973999023, -12.161101341247559, -0.18354640901088715, -0.5656970739364624, 0.011290586553514004, 0.0; Actual Accelerations: 0.0, 0.0, 0.0, 0.0, 0.0, 0.0, 0.0; Commanded Angles: 3.141593, 0.0, -1.570796, 0.0, 0.0, 0.007569929994798724, 0.0; Commanded Speeds: 0.0, 0.0, 0.0, 0.0, 0.0, 0.0, 0.0; Commanded Accelerations: 0, 0, 0, 0, 0, 0, 0
657, 48161.712122, Actual Angles: 3.1415927410125732, 0.0, -1.5707963705062866, 0.0, 0.0, 0.006207999773323536, 0.0; Actual Speeds: 0.0, 0.0, 0.0, 0.0, 0.0, 0.00800000037997961, 0.0; Actual Efforts: 2.4663068913115304e-15, -15.51346206665039, -12.161099433898926, -0.18354688584804535, -0.5656967163085938, 0.011290107853710651, 0.0; Actual Accelerations: 0.0, 0.0, 0.0, 0.0, 0.0, 0.0, 0.0; Commanded Angles: 3.141593, 0.0, -1.570796, 0.0, 0.0, 0.007569929994798724, 0.0; Commanded Speeds: 0.0, 0.0, 0.0, 0.0, 0.0, 0.0, 0.0; Commanded Accelerations: 0, 0, 0, 0, 0, 0, 0
